1663006.000000,1665038.000000,379,379,379,379,395,363,379,379,379,379,379,379,379,379,379,379,379,379,379,379,379,379,379,379,379,379,379,379,379,379,379,379,379,379,379,379,379,379,379,379,379,379,379,379,367,367,391,391,379,379,379,379,379,379,379,379,379,379,379,379,379,379,379,379,371,371,371,371,371,371,371,371,371,371,371,371,371,371,371,371,371,371,371,371,371,371,371,371,371,371,371,371,371,371,371,371,371,371,371,371,371,371,371,371,371,371,371,371,371,371,371,371,371,371,371,371,371,371,371,371,371,371,371,371,371,371,371,371
1669150.000000,1671182.000000,351,383,367,367,367,367,367,367,367,367,367,367,367,367,367,367,367,367,367,367,367,367,367,367,367,367,367,367,367,367,367,367,367,367,367,367,367,367,367,367,367,367,367,367,367,367,367,367,367,367,367,367,367,367,367,367,367,367,367,367,367,367,367,367,368,368,368,368,368,368,368,368,368,368,368,368,368,368,368,368,368,368,368,368,368,368,368,368,368,368,368,368,368,368,368,368,374,374,374,374,374,374,374,374,374,374,374,374,374,374,374,374,374,374,374,374,374,374,374,374,374,374,374,374,374,374,374,374
1691678.000000,1693710.000000,376,376,376,376,376,376,376,376,376,376,376,376,376,376,376,376,376,376,376,376,376,376,376,376,376,376,376,376,376,376,376,376,370,370,370,370,370,370,370,370,370,370,370,370,370,370,370,370,370,370,386,354,370,370,370,370,370,370,370,370,370,370,370,370,364,364,380,348,380,348,364,364,364,364,364,364,364,364,364,364,364,364,364,364,380,348,380,348,364,364,364,364,364,364,364,364,364,364,364,364,364,364,364,364,364,364,364,364,364,364,364,364,364,364,364,364,364,364,364,364,364,364,364,364,364,364,364,364
1714206.000000,1716238.000000,374,374,374,374,374,374,390,358,374,374,374,374,374,374,374,374,358,390,374,374,374,374,374,374,374,374,374,374,374,374,374,374,374,374,374,374,374,374,374,374,390,358,374,374,374,374,374,374,374,374,374,374,374,374,374,374,374,374,374,374,374,374,374,374,358,390,374,374,374,374,374,374,390,358,374,374,374,374,374,374,358,390,374,374,374,374,374,374,390,358,374,374,374,374,374,374,374,374,374,374,374,374,374,374,374,374,374,374,374,374,374,374,374,374,374,374,374,374,374,374,374,374,374,374,374,374,374,374
1718302.000000,1720334.000000,374,374,374,374,374,374,374,374,374,374,374,374,374,374,374,374,390,358,374,374,374,374,358,390,374,374,374,374,374,374,374,374,374,374,374,374,374,374,374,374,374,374,374,374,374,374,374,374,374,374,374,374,374,374,374,374,374,374,374,374,374,374,374,374,374,374,374,374,374,374,374,374,374,374,374,374,374,374,374,374,374,374,374,374,374,374,374,374,374,374,374,374,374,374,374,374,398,350,374,374,374,374,374,374,374,374,374,374,374,374,374,374,374,374,374,374,374,374,374,374,374,374,374,374,374,374,374,374
1724446.000000,1726478.000000,368,368,368,368,368,368,368,368,368,368,368,368,368,368,368,368,368,368,352,384,368,368,368,368,384,352,368,368,368,368,368,368,368,368,368,368,368,368,368,368,368,368,368,368,368,368,384,352,368,368,368,368,368,368,368,368,368,368,368,368,368,368,368,368,368,368,368,368,368,368,368,368,368,368,368,368,368,368,368,368,368,368,368,368,368,368,368,368,368,368,368,368,368,368,368,368,368,368,368,368,368,368,368,368,368,368,368,368,368,368,368,368,368,368,368,368,368,368,368,368,368,368,368,368,368,368,368,368
1726494.000000,1728526.000000,369,369,369,369,369,369,369,369,369,369,369,369,369,369,369,369,369,369,369,369,369,369,353,385,369,369,369,369,369,369,385,353,369,369,369,369,369,369,353,385,353,385,369,369,369,369,385,353,369,369,369,369,369,369,369,369,369,369,369,369,369,369,369,369,369,369,369,369,369,369,369,369,369,369,369,369,369,369,369,369,385,353,369,369,369,369,369,369,369,369,369,369,369,369,369,369,369,369,369,369,369,369,369,369,369,369,369,369,369,369,369,369,385,353,369,369,369,369,369,369,369,369,369,369,369,369,369,369
1728542.000000,1730574.000000,386,354,370,370,370,370,370,370,370,370,370,370,370,370,370,370,370,370,386,354,370,370,370,370,370,370,370,370,370,370,370,370,370,370,370,370,370,370,370,370,370,370,354,386,370,370,370,370,386,354,370,370,370,370,370,370,370,370,370,370,370,370,370,370,370,370,370,370,370,370,370,370,370,370,370,370,370,370,370,370,370,370,370,370,370,370,370,370,370,370,370,370,370,370,354,386,370,370,370,370,370,370,370,370,370,370,370,370,370,370,354,386,370,370,370,370,370,370,386,354,370,370,370,370,370,370,370,370
1730590.000000,1732622.000000,369,369,369,369,369,369,385,353,369,369,369,369,369,369,369,369,369,369,369,369,369,369,369,369,369,369,369,369,369,369,369,369,369,369,369,369,369,369,369,369,369,369,369,369,369,369,369,369,353,385,369,369,369,369,393,345,369,369,369,369,369,369,369,369,369,369,369,369,369,369,369,369,369,369,369,369,369,369,369,369,369,369,369,369,369,369,369,369,369,369,369,369,369,369,369,369,369,369,369,369,369,369,369,369,369,369,369,369,369,369,369,369,369,369,369,369,369,369,369,369,369,369,369,369,369,369,369,369
1740830.000000,1742862.000000,377,377,377,377,377,377,377,377,377,377,377,377,377,377,377,377,377,377,377,377,377,377,377,377,377,377,393,361,377,377,377,377,377,377,377,377,377,377,377,377,377,377,377,377,377,377,377,377,361,393,377,377,377,377,377,377,377,377,377,377,377,377,377,377,361,393,377,377,377,377,377,377,377,377,377,377,377,377,377,377,377,377,377,377,377,377,377,377,377,377,377,377,377,377,377,377,377,377,377,377,377,377,377,377,377,377,377,377,377,377,377,377,377,377,377,377,377,377,377,377,377,377,377,377,377,377,377,377
1746974.000000,1749006.000000,380,380,380,380,380,380,396,364,380,380,380,380,380,380,380,380,380,380,380,380,396,364,396,364,380,380,380,380,380,380,380,380,380,380,380,380,380,380,380,380,380,380,380,380,380,380,380,380,380,380,380,380,380,380,380,380,380,380,380,380,380,380,380,380,380,380,380,380,380,380,380,380,380,380,380,380,380,380,380,380,380,380,380,380,380,380,380,380,380,380,380,380,380,380,380,380,380,380,380,380,380,380,380,380,380,380,380,380,380,380,380,380,380,380,380,380,380,380,380,380,380,380,380,380,380,380,380,380
1753118.000000,1755150.000000,382,382,382,382,382,382,382,382,382,382,382,382,382,382,382,382,382,382,382,382,382,382,382,382,366,398,382,382,394,394,370,370,382,382,382,382,398,366,382,382,366,398,382,382,382,382,366,398,382,382,382,382,382,382,382,382,382,382,382,382,382,382,382,382,382,382,382,382,382,382,382,382,382,382,366,398,382,382,382,382,382,382,382,382,382,382,382,382,382,382,382,382,382,382,366,398,382,382,398,366,398,366,398,366,382,382,382,382,382,382,382,382,382,382,382,382,382,382,382,382,382,382,382,382,382,382,366,398
1767454.000000,1769486.000000,370,370,370,370,370,370,370,370,370,370,370,370,370,370,370,370,370,370,370,370,370,370,370,370,370,370,370,370,370,370,370,370,370,370,370,370,370,370,354,386,370,370,370,370,370,370,370,370,370,370,370,370,370,370,370,370,370,370,370,370,370,370,370,370,370,370,370,370,370,370,354,386,370,370,370,370,370,370,370,370,370,370,370,370,370,370,370,370,370,370,370,370,370,370,370,370,370,370,370,370,370,370,354,386,370,370,370,370,370,370,370,370,370,370,370,370,370,370,370,370,370,370,370,370,370,370,370,370
1773598.000000,1775630.000000,376,376,376,376,376,376,376,376,376,376,376,376,376,376,376,376,376,376,376,376,376,376,376,376,376,376,376,376,376,376,376,376,360,392,360,392,376,376,376,376,376,376,376,376,376,376,376,376,360,392,376,376,376,376,376,376,376,376,376,376,376,376,376,376,376,376,376,376,376,376,376,376,376,376,376,376,376,376,376,376,376,376,376,376,376,376,376,376,376,376,376,376,376,376,376,376,376,376,376,376,376,376,376,376,376,376,376,376,376,376,376,376,376,376,376,376,376,376,376,376,376,376,376,376,376,376,376,376
1777694.000000,1779726.000000,376,376,376,376,376,376,360,392,376,376,376,376,376,376,376,376,392,360,376,376,376,376,376,376,376,376,376,376,376,376,376,376,376,376,376,376,376,376,360,392,376,376,376,376,376,376,376,376,376,376,376,376,376,376,376,376,376,376,376,376,376,376,376,376,376,376,376,376,376,376,376,376,376,376,376,376,376,376,376,376,376,376,376,376,376,376,376,376,376,376,376,376,376,376,376,376,376,376,376,376,376,376,376,376,376,376,376,376,376,376,376,376,376,376,376,376,376,376,376,376,376,376,376,376,376,376,376,376
1779742.000000,1781774.000000,383,367,375,375,375,375,375,375,375,375,375,375,375,375,375,375,375,375,375,375,367,367,383,383,375,375,375,375,375,375,375,375,391,359,375,375,375,375,359,391,375,375,375,375,375,375,375,375,375,375,375,375,391,359,375,375,375,375,375,375,375,375,375,375,391,359,375,375,375,375,375,375,375,375,375,375,375,375,375,375,375,375,375,375,375,375,375,375,359,391,375,375,375,375,375,375,375,375,375,375,375,375,375,375,375,375,375,375,375,375,375,375,375,375,375,375,375,375,375,375,375,375,375,375,375,375,375,375
1783838.000000,1785870.000000,371,371,371,371,371,371,371,371,371,371,371,371,371,371,371,371,371,371,371,371,371,371,371,371,371,371,371,371,371,371,371,371,371,371,371,371,371,371,387,355,371,371,371,371,371,371,371,371,371,371,371,371,387,355,395,347,371,371,371,371,371,371,371,371,371,371,371,371,371,371,371,371,371,371,371,371,371,371,371,371,355,387,371,371,371,371,371,371,371,371,371,371,371,371,371,371,371,371,371,371,371,371,387,355,371,371,371,371,371,371,371,371,355,387,371,371,371,371,371,371,371,371,371,371,371,371,355,387
1789982.000000,1792014.000000,379,379,379,379,379,379,363,395,379,379,379,379,379,379,379,379,379,379,379,379,379,379,363,395,379,379,379,379,379,379,379,379,379,379,379,379,379,379,363,395,379,379,379,379,379,379,379,379,379,379,379,379,379,379,363,395,379,379,379,379,379,379,379,379,379,379,395,363,379,379,379,379,379,379,379,379,379,379,379,379,379,379,379,379,379,379,379,379,363,395,379,379,379,379,379,379,395,363,379,379,379,379,379,379,379,379,379,379,379,379,379,379,379,379,379,379,379,379,379,379,379,379,379,379,379,379,379,379
1792030.000000,1794062.000000,380,380,396,364,380,380,380,380,380,380,380,380,380,380,380,380,380,380,380,380,380,380,380,380,364,396,380,380,380,380,380,380,380,380,380,380,380,380,380,380,364,396,380,380,380,380,380,380,380,380,380,380,380,380,380,380,364,396,380,380,380,380,364,396,380,380,396,364,396,364,396,364,380,380,364,396,380,380,364,396,380,380,380,380,380,380,380,380,380,380,380,380,380,380,380,380,380,380,380,380,380,380,380,380,380,380,380,380,380,380,380,380,380,380,380,380,404,356,380,380,380,380,380,380,380,380,380,380
1796126.000000,1798158.000000,374,374,374,374,374,374,374,374,390,358,374,374,374,374,374,374,374,374,374,374,374,374,374,374,374,374,374,374,374,374,374,374,374,374,374,374,374,374,374,374,374,374,374,374,374,374,374,374,374,374,374,374,374,374,374,374,374,374,374,374,374,374,374,374,374,374,374,374,374,374,374,374,390,358,374,374,374,374,374,374,374,374,374,374,374,374,374,374,374,374,374,374,374,374,374,374,374,374,374,374,358,390,374,374,374,374,374,374,374,374,374,374,374,374,374,374,374,374,374,374,374,374,374,374,374,374,374,374
1806366.000000,1808398.000000,363,363,363,363,363,363,363,363,363,363,363,363,363,363,363,363,363,363,363,363,363,363,363,363,363,363,363,363,363,363,363,363,291,291,291,291,291,291,291,291,291,291,291,291,291,291,291,291,191,191,191,191,191,191,191,191,191,191,191,191,191,191,191,191,84,84,84,84,84,84,84,84,84,84,84,84,84,84,84,84,84,84,84,84,84,84,84,84,84,84,84,84,84,84,84,84,84,84,84,84,84,84,84,84,84,84,84,84,84,84,84,84,84,84,84,84,84,84,84,84,84,84,84,84,84,84,84,84
1812510.000000,1814542.000000,143,143,143,143,143,143,143,143,143,143,143,143,143,143,143,143,143,143,143,143,143,143,143,143,143,143,143,143,143,143,143,143,143,143,143,143,143,143,143,143,143,143,143,143,143,143,143,143,143,143,143,143,143,143,143,143,143,143,143,143,143,143,143,143,142,142,142,142,142,142,142,142,142,142,142,142,150,150,134,134,128,128,128,128,100,68,84,84,78,78,78,78,78,78,78,78,76,76,76,76,76,76,76,76,76,76,76,76,76,76,76,76,76,76,76,76,76,76,76,76,76,76,76,76,76,76,76,76
1818654.000000,1820686.000000,142,142,142,142,142,142,142,142,142,142,142,142,142,142,142,142,142,142,142,142,142,142,142,142,142,142,142,142,142,142,142,142,110,110,110,110,110,110,110,110,60,60,60,60,60,60,60,60,85,85,85,85,85,85,85,85,85,85,85,85,85,85,85,85,88,88,88,88,88,88,88,88,88,88,88,88,88,88,88,88,88,88,88,88,88,88,88,88,88,88,88,88,88,88,88,88,139,139,139,139,139,139,139,139,139,139,139,139,139,139,139,139,139,139,139,139,139,139,139,139,139,139,139,139,139,139,139,139
1822750.000000,1824782.000000,136,136,136,136,136,136,136,136,136,136,136,136,136,136,136,136,136,136,136,136,136,136,136,136,136,136,136,136,136,136,136,136,131,131,131,131,123,123,107,75,77,77,77,77,77,77,77,77,76,76,76,76,76,76,76,76,76,76,76,76,76,76,76,76,77,77,77,77,77,77,77,77,77,77,77,77,77,77,77,77,76,76,76,76,76,76,76,76,76,76,108,108,128,128,128,128,138,138,138,138,138,138,138,138,138,138,138,138,138,138,138,138,138,138,138,138,138,138,138,138,138,138,138,138,138,138,138,138
1826846.000000,1828878.000000,137,137,137,137,137,137,137,137,137,137,137,137,137,137,137,137,114,114,114,114,114,114,114,114,78,78,78,78,78,78,78,78,76,76,76,76,76,76,76,76,76,76,76,76,76,76,76,76,76,76,76,76,76,76,76,76,76,76,76,76,76,76,76,76,76,76,76,76,76,76,76,76,122,122,122,122,122,122,122,122,166,166,166,166,166,166,166,166,166,166,166,166,166,166,166,166,170,170,170,170,170,170,170,170,170,170,170,170,170,170,170,170,170,170,170,170,170,170,170,170,170,170,170,170,170,170,170,170
1830942.000000,1832974.000000,153,153,153,153,153,153,153,153,153,153,153,153,153,153,153,153,153,153,153,153,153,153,153,153,153,153,153,153,153,153,153,153,186,186,186,186,186,186,186,186,186,186,186,186,186,186,186,186,119,119,119,119,119,119,119,119,119,119,119,119,119,119,119,119,77,77,77,77,77,77,77,77,77,77,77,77,77,77,77,77,77,77,77,77,77,77,77,77,77,77,77,77,77,77,77,77,122,122,122,122,122,122,122,122,122,122,122,122,122,122,122,122,122,122,122,122,122,122,122,122,122,122,122,122,122,122,122,122
1839134.000000,1841166.000000,130,130,130,130,130,130,130,130,130,130,130,130,130,130,130,130,130,130,130,130,130,130,130,130,130,130,130,130,130,130,130,130,130,130,130,130,130,130,130,130,130,130,130,130,130,130,130,130,130,130,130,130,130,130,130,130,130,130,130,130,130,130,130,130,77,77,77,77,77,77,77,77,77,77,77,77,77,77,77,77,77,77,77,77,77,77,77,77,77,77,77,77,77,77,77,77,80,80,80,80,80,80,80,80,80,80,80,80,80,80,80,80,129,129,129,129,129,129,129,129,129,129,129,129,129,129,129,129
1843230.000000,1845262.000000,134,134,134,134,134,134,134,134,134,134,134,134,134,134,134,134,134,134,134,134,134,134,134,134,134,134,134,134,134,134,134,134,134,134,134,134,134,134,134,134,134,134,134,134,134,134,134,134,134,134,134,134,134,134,134,134,134,134,134,134,134,134,134,134,126,126,126,126,114,114,74,74,76,76,76,76,76,76,76,76,75,75,75,75,75,75,75,75,75,75,75,75,75,75,75,75,84,84,84,84,84,84,84,84,84,84,84,84,84,84,84,84,73,73,73,73,73,73,73,73,77,77,77,77,113,113,113,113
1851422.000000,1853454.000000,145,161,153,153,145,161,153,153,153,153,153,153,153,153,153,153,153,153,153,153,153,153,153,153,153,153,153,153,153,153,153,153,153,153,153,153,153,153,153,153,153,153,153,153,153,153,153,153,153,153,153,153,153,153,153,153,153,153,153,153,153,153,153,153,153,153,153,153,153,153,153,153,153,153,153,153,153,153,153,153,153,153,169,137,153,153,153,153,153,153,153,153,153,153,153,153,153,153,153,153,153,153,153,153,153,153,153,153,153,153,153,153,153,153,153,153,153,153,153,153,153,153,153,153,153,153,153,153
1855518.000000,1857550.000000,76,76,76,76,76,76,76,76,76,76,76,76,76,76,76,76,76,76,76,76,76,76,76,76,76,76,76,76,76,76,76,76,76,76,76,76,76,76,76,76,76,76,76,76,76,76,76,76,60,92,76,76,76,76,76,76,76,76,76,76,76,76,76,76,76,76,76,76,76,76,76,76,76,76,76,76,76,76,76,76,76,76,76,76,76,76,76,76,76,76,76,76,92,60,76,76,76,76,76,76,76,76,76,76,76,76,76,76,76,76,76,76,76,76,76,76,60,92,76,76,76,76,76,76,76,76,76,76
1857566.000000,1859598.000000,76,76,76,76,76,76,76,76,84,68,76,76,76,76,76,76,76,76,76,76,76,76,76,76,76,76,76,76,76,76,84,68,76,76,76,76,76,76,76,76,76,76,76,76,76,76,76,76,76,76,68,84,60,92,76,76,76,76,76,76,76,76,76,76,76,76,76,76,76,76,68,84,60,92,76,76,76,76,76,76,76,76,76,76,76,76,76,76,76,76,76,76,76,76,84,68,76,76,76,76,76,76,76,76,76,76,76,76,76,76,76,76,76,76,76,76,76,76,76,76,76,76,76,76,76,76,76,76
1859614.000000,1861646.000000,76,76,76,76,76,76,60,92,76,76,76,76,76,76,76,76,76,76,76,76,76,76,76,76,76,76,76,76,60,92,76,76,76,76,76,76,76,76,76,76,76,76,76,76,76,76,76,76,92,60,76,76,76,76,76,76,76,76,76,76,76,76,76,76,76,76,76,76,76,76,76,76,76,76,76,76,76,76,76,76,76,76,76,76,76,76,76,76,76,76,76,76,76,76,76,76,76,76,76,76,76,76,76,76,76,76,76,76,76,76,76,76,76,76,76,76,76,76,76,76,76,76,76,76,76,76,76,76
1863710.000000,1865742.000000,76,76,76,76,76,76,76,76,76,76,76,76,76,76,76,76,60,92,76,76,76,76,76,76,76,76,76,76,76,76,76,76,76,76,76,76,76,76,76,76,76,76,76,76,76,76,76,76,76,76,76,76,76,76,76,76,76,76,92,60,76,76,76,76,76,76,76,76,76,76,76,76,76,76,76,76,76,76,76,76,76,76,76,76,76,76,76,76,76,76,76,76,76,76,76,76,76,76,76,76,76,76,76,76,76,76,92,60,76,76,76,76,76,76,76,76,76,76,76,76,76,76,76,76,76,76,76,76
1865758.000000,1867790.000000,78,78,78,78,78,78,78,78,78,78,78,78,78,78,78,78,78,78,78,78,78,78,78,78,78,78,78,78,78,78,78,78,92,92,92,92,92,92,92,92,92,92,92,92,92,92,92,92,135,135,135,135,135,135,135,135,135,135,135,135,135,135,135,135,137,137,137,137,137,137,137,137,137,137,137,137,137,137,137,137,137,137,137,137,137,137,137,137,137,137,137,137,137,137,137,137,137,137,137,137,137,137,137,137,137,137,137,137,137,137,137,137,137,137,137,137,137,137,137,137,137,137,137,137,137,137,137,137
1869854.000000,1871886.000000,159,159,167,151,159,159,159,159,167,151,159,159,151,167,159,159,159,159,159,159,159,159,159,159,159,159,159,159,159,159,159,159,159,159,159,159,159,159,159,159,159,159,159,159,159,159,159,159,159,159,159,159,159,159,159,159,159,159,159,159,159,159,159,159,159,159,159,159,159,159,159,159,159,159,159,159,159,159,159,159,159,159,159,159,159,159,159,159,159,159,159,159,159,159,159,159,159,159,159,159,159,159,159,159,159,159,159,159,159,159,159,159,159,159,159,159,159,159,159,159,159,159,159,159,159,159,159,159
1875998.000000,1878030.000000,369,369,369,369,369,369,369,369,369,369,369,369,369,369,369,369,369,369,369,369,369,369,369,369,369,369,369,369,369,369,369,369,369,369,369,369,369,369,369,369,369,369,369,369,369,369,369,369,369,369,369,369,369,369,369,369,369,369,369,369,369,369,385,353,369,369,369,369,369,369,369,369,369,369,369,369,369,369,385,353,394,362,378,378,378,378,378,378,362,394,378,378,378,378,378,378,374,374,374,374,374,374,374,374,374,374,374,374,374,374,374,374,390,358,374,374,374,374,374,374,374,374,374,374,374,374,374,374
1884190.000000,1886222.000000,351,383,351,383,367,367,367,367,367,367,367,367,367,367,367,367,367,367,367,367,367,367,367,367,367,367,367,367,367,367,367,367,372,372,372,372,372,372,372,372,372,372,372,372,372,372,372,372,372,372,372,372,372,372,372,372,372,372,372,372,372,372,372,372,370,370,370,370,370,370,370,370,370,370,370,370,370,370,370,370,370,370,370,370,370,370,370,370,370,370,370,370,370,370,370,370,370,370,370,370,370,370,370,370,370,370,370,370,370,370,370,370,370,370,370,370,370,370,370,370,370,370,370,370,370,370,370,370
1892382.000000,1894414.000000,373,373,373,373,373,373,373,373,373,373,373,373,373,373,373,373,373,373,373,373,373,373,373,373,373,373,373,373,373,373,373,373,373,373,373,373,373,373,373,373,373,373,373,373,373,373,373,373,373,373,373,373,357,389,373,373,373,373,373,373,373,373,373,373,373,373,373,373,373,373,373,373,373,373,373,373,373,373,373,373,373,373,357,389,373,373,373,373,373,373,373,373,373,373,373,373,373,373,373,373,373,373,373,373,373,373,373,373,373,373,373,373,373,373,373,373,357,389,373,373,373,373,373,373,373,373,373,373
1894430.000000,1896462.000000,374,374,374,374,374,374,374,374,374,374,358,390,374,374,390,358,374,374,374,374,358,390,374,374,374,374,374,374,374,374,374,374,374,374,374,374,374,374,374,374,374,374,374,374,374,374,374,374,374,374,374,374,374,374,374,374,374,374,374,374,374,374,374,374,374,374,374,374,374,374,374,374,374,374,374,374,374,374,374,374,374,374,374,374,374,374,374,374,374,374,374,374,374,374,374,374,374,374,374,374,374,374,374,374,374,374,374,374,374,374,374,374,374,374,374,374,374,374,374,374,374,374,374,374,374,374,374,374
1896478.000000,1898510.000000,366,366,382,382,374,374,374,374,374,374,374,374,374,374,374,374,374,374,374,374,374,374,374,374,374,374,374,374,374,374,374,374,374,374,374,374,374,374,374,374,374,374,374,374,374,374,374,374,374,374,374,374,374,374,374,374,374,374,374,374,374,374,374,374,371,371,387,355,371,371,371,371,371,371,371,371,371,371,371,371,371,371,371,371,371,371,371,371,371,371,371,371,371,371,371,371,371,371,371,371,371,371,371,371,371,371,371,371,371,371,371,371,371,371,371,371,371,371,371,371,371,371,371,371,371,371,371,371
1900574.000000,1902606.000000,378,362,370,370,370,370,370,370,370,370,370,370,370,370,370,370,370,370,370,370,370,370,370,370,370,370,370,370,370,370,370,370,370,370,370,370,370,370,370,370,370,370,370,370,370,370,370,370,370,370,370,370,362,362,378,378,370,370,370,370,370,370,370,370,370,370,370,370,362,362,378,378,370,370,370,370,370,370,370,370,370,370,370,370,370,370,370,370,370,370,370,370,370,370,370,370,370,370,370,370,370,370,370,370,370,370,370,370,370,370,370,370,370,370,370,370,370,370,370,370,370,370,370,370,370,370,370,370
1908766.000000,1910798.000000,360,360,360,360,360,360,360,360,360,360,360,360,344,376,360,360,360,360,360,360,360,360,360,360,360,360,360,360,344,376,360,360,360,360,360,360,360,360,360,360,360,360,360,360,360,360,360,360,360,360,360,360,360,360,360,360,360,360,360,360,360,360,360,360,356,356,356,356,356,356,356,356,356,356,356,356,356,356,356,356,356,356,356,356,356,356,356,356,356,356,356,356,356,356,356,356,356,356,356,356,356,356,356,356,356,356,356,356,356,356,356,356,356,356,356,356,356,356,356,356,356,356,356,356,356,356,356,356
1910814.000000,1912846.000000,365,365,349,349,365,349,365,349,365,349,357,357,357,357,357,357,349,381,349,349,357,357,357,357,357,357,357,357,357,357,357,357,357,357,357,357,357,357,357,357,357,357,357,357,357,357,357,357,357,357,357,357,357,357,357,357,357,357,357,357,357,357,357,357,357,357,357,357,357,357,357,357,357,357,357,357,357,357,357,357,357,357,357,357,357,357,357,357,357,357,357,357,357,357,357,357,357,357,357,357,357,357,357,357,357,357,357,357,357,357,357,357,357,357,341,373,357,357,357,357,357,357,357,357,357,357,357,357
1921054.000000,1923086.000000,369,369,353,385,369,369,369,369,369,369,369,369,369,369,369,369,369,369,369,369,369,369,369,369,369,369,369,369,369,369,369,369,369,369,369,369,369,369,369,369,369,369,369,369,369,369,369,369,369,369,369,369,369,369,369,369,369,369,369,369,369,369,369,369,369,369,369,369,369,369,369,369,369,369,369,369,385,353,369,369,369,369,369,369,369,369,369,369,369,369,369,369,369,369,369,369,369,369,369,369,369,369,369,369,369,369,369,369,385,353,369,369,369,369,369,369,369,369,369,369,369,369,369,369,369,369,369,369
1927198.000000,1929230.000000,372,372,372,372,372,372,372,372,372,372,372,372,372,372,372,372,372,372,388,356,372,372,372,372,372,372,372,372,372,372,356,388,372,372,372,372,372,372,372,372,372,372,372,372,372,372,372,372,372,372,372,372,388,356,372,372,372,372,372,372,372,372,372,372,372,372,372,372,372,372,372,372,372,372,372,372,372,372,372,372,372,372,372,372,372,372,388,356,372,372,372,372,372,372,372,372,372,372,372,372,372,372,372,372,372,372,372,372,372,372,372,372,356,388,372,372,388,356,388,356,372,372,372,372,372,372,372,372
1931294.000000,1933326.000000,372,372,372,372,372,372,372,372,372,372,372,372,372,372,372,372,372,372,372,372,372,372,372,372,372,372,372,372,372,372,372,372,372,372,372,372,372,372,372,372,372,372,372,372,372,372,372,372,372,372,372,372,372,372,372,372,372,372,372,372,380,348,380,380,372,372,356,388,356,388,372,372,372,372,372,372,372,372,372,372,372,372,372,372,372,372,372,372,372,372,372,372,372,372,372,372,372,372,372,372,372,372,372,372,372,372,372,372,372,372,388,356,372,372,372,372,356,388,372,372,372,372,372,372,372,372,388,356
1945630.000000,1947662.000000,366,366,366,366,366,366,366,366,366,366,366,366,366,366,382,350,382,350,366,366,366,366,350,382,366,366,366,366,366,366,366,366,366,366,366,366,366,366,366,366,366,366,366,366,366,366,366,366,366,366,366,366,366,366,366,366,366,366,366,366,366,366,366,366,366,366,366,366,366,366,366,366,366,366,366,366,366,366,366,366,366,366,366,366,366,366,366,366,366,366,366,366,366,366,366,366,366,366,366,366,366,366,366,366,366,366,366,366,366,366,366,366,366,366,366,366,366,366,366,366,366,366,366,366,366,366,366,366
1947678.000000,1949710.000000,365,365,381,349,365,365,365,365,365,365,365,365,365,365,365,365,365,365,381,349,365,365,349,381,365,365,365,365,365,365,365,365,365,365,365,365,365,365,365,365,365,365,365,365,365,365,365,365,365,365,365,365,365,365,365,365,365,365,365,365,365,365,365,365,365,365,365,365,365,365,365,365,365,365,365,365,365,365,365,365,365,365,365,365,365,365,365,365,365,365,365,365,365,365,365,365,365,365,365,365,365,365,365,365,365,365,365,365,365,365,365,365,365,365,365,365,365,365,365,365,365,365,365,365,365,365,365,365
1949726.000000,1951758.000000,370,370,370,370,370,370,370,370,370,370,370,370,370,370,370,370,370,370,370,370,370,370,370,370,370,370,370,370,370,370,370,370,370,370,370,370,370,370,370,370,370,370,370,370,370,370,370,370,370,370,370,370,370,370,370,370,370,370,370,370,370,370,370,370,350,350,350,350,294,294,294,294,322,322,322,322,322,322,322,322,322,322,322,322,322,322,322,322,322,322,322,322,322,322,322,322,348,348,348,348,348,348,348,348,348,348,348,348,348,348,348,348,348,348,348,348,348,348,348,348,348,348,348,348,348,348,348,348
1951774.000000,1953806.000000,368,368,368,368,368,368,368,368,368,368,368,368,368,368,368,368,368,368,368,368,368,368,368,368,368,368,368,368,368,368,368,368,375,375,375,375,375,375,375,375,375,375,375,375,375,375,359,391,375,375,375,375,375,375,375,375,375,375,375,375,375,375,375,375,381,381,365,397,381,381,397,365,381,381,397,365,381,381,381,381,381,381,381,381,381,381,381,381,381,381,381,381,381,381,381,381,381,381,381,381,381,381,381,381,381,381,381,381,381,381,381,381,365,397,381,381,381,381,381,381,381,381,381,381,381,381,381,381
1957918.000000,1959950.000000,352,352,376,376,348,380,364,364,364,364,364,364,380,348,380,348,364,364,364,364,364,364,364,364,364,364,364,364,364,364,380,348,364,364,364,364,364,364,364,364,364,364,364,364,364,364,364,364,364,364,364,364,348,380,364,364,364,364,364,364,364,364,364,364,364,364,364,364,364,364,364,364,348,380,364,364,364,364,364,364,364,364,364,364,364,364,364,364,364,364,364,364,364,364,364,364,364,364,364,364,364,364,364,364,364,364,364,364,364,364,364,364,364,364,364,364,364,364,364,364,364,364,364,364,364,364,364,364
1959966.000000,1961998.000000,354,354,378,378,366,366,350,382,366,366,350,382,366,366,366,366,366,366,366,366,366,366,366,366,366,366,366,366,366,366,366,366,382,350,366,366,366,366,366,366,366,366,366,366,366,366,366,366,382,350,366,366,366,366,366,366,366,366,350,382,366,366,366,366,366,366,366,366,366,366,350,382,366,366,366,366,366,366,366,366,366,366,366,366,366,366,366,366,366,366,366,366,366,366,366,366,366,366,366,366,366,366,366,366,366,366,366,366,366,366,366,366,366,366,366,366,366,366,366,366,366,366,366,366,366,366,366,366
1964062.000000,1966094.000000,375,375,375,375,391,359,375,375,375,375,375,375,375,375,375,375,375,375,375,375,391,359,375,375,375,375,375,375,375,375,375,375,375,375,375,375,391,359,375,375,375,375,375,375,375,375,375,375,375,375,375,375,375,375,375,375,375,375,375,375,375,375,375,375,375,375,375,375,375,375,375,375,375,375,375,375,375,375,375,375,375,375,375,375,375,375,375,375,375,375,375,375,375,375,375,375,375,375,375,375,375,375,375,375,375,375,375,375,375,375,375,375,375,375,375,375,375,375,375,375,375,375,375,375,375,375,375,375
1966110.000000,1968142.000000,377,377,377,377,377,377,377,377,377,377,377,377,377,377,377,377,312,312,312,312,312,312,312,312,210,210,210,210,210,210,210,210,251,251,251,251,251,251,251,251,251,251,251,251,251,251,251,251,251,251,251,251,251,251,251,251,251,251,251,251,251,251,251,251,285,285,285,285,285,285,285,285,285,285,285,285,285,285,285,285,285,285,285,285,285,285,285,285,285,285,285,285,285,285,285,285,285,285,285,285,285,285,285,285,285,285,285,285,285,285,285,285,285,285,285,285,285,285,285,285,285,285,285,285,285,285,285,285
1970206.000000,1972238.000000,253,253,253,253,253,253,253,253,253,253,253,253,253,253,253,253,253,253,253,253,253,253,253,253,253,253,253,253,253,253,253,253,253,253,253,253,253,253,253,253,253,253,253,253,253,253,253,253,253,253,253,253,253,253,253,253,253,253,253,253,253,253,253,253,253,253,253,253,253,253,253,253,253,253,253,253,253,253,253,253,253,253,253,253,253,253,253,253,253,253,253,253,253,253,253,253,260,260,260,260,248,248,248,296,378,378,346,346,362,362,362,362,352,352,352,352,352,352,352,352,352,352,352,352,352,352,352,352
1972254.000000,1974286.000000,346,346,346,346,346,346,346,346,346,346,346,346,346,346,346,346,355,323,339,339,339,339,339,339,339,339,339,339,339,339,339,339,336,336,336,336,336,336,336,336,336,336,336,336,336,336,336,336,352,320,336,336,336,336,336,336,336,336,320,352,336,336,336,336,336,336,336,336,336,336,336,336,336,336,336,336,336,336,336,336,336,336,336,336,336,336,336,336,336,336,336,336,336,336,336,336,336,336,336,336,336,336,336,336,336,336,336,336,336,336,336,336,336,336,336,336,336,336,336,336,336,336,336,336,336,336,352,320
1974302.000000,1976334.000000,335,335,335,335,335,335,335,335,335,335,335,335,335,335,335,335,335,335,351,319,335,335,335,335,335,335,335,335,335,335,335,335,335,335,351,319,335,335,335,335,335,335,335,335,319,351,335,335,335,335,335,335,335,335,335,335,335,335,335,335,335,335,335,335,335,335,335,335,335,335,335,335,335,335,335,335,335,335,335,335,335,335,335,335,335,335,335,335,335,335,335,335,335,335,335,335,335,335,335,335,335,335,335,335,335,335,335,335,335,335,335,335,335,335,335,335,335,335,335,335,335,335,335,335,335,335,335,335
1976350.000000,1978382.000000,347,315,347,315,331,331,331,331,331,331,331,331,331,331,331,331,331,331,331,331,331,331,331,331,331,331,331,331,331,331,331,331,331,331,331,331,331,331,331,331,331,331,331,331,331,331,331,331,331,331,331,331,331,331,331,331,331,331,331,331,331,331,331,331,334,334,334,334,334,334,334,334,368,368,416,368,380,380,380,380,380,380,380,380,380,380,380,380,380,380,380,380,380,380,380,380,368,368,368,368,368,368,368,368,368,368,368,368,368,368,368,368,368,368,368,368,368,368,368,368,368,368,368,368,368,368,368,368
1978398.000000,1980430.000000,371,371,371,371,371,371,371,371,371,371,371,371,371,371,371,371,355,387,371,371,371,371,371,371,371,371,371,371,371,371,371,371,355,387,371,371,371,371,371,371,371,371,371,371,371,371,371,371,371,371,371,371,371,371,371,371,371,371,371,371,371,371,371,371,371,371,371,371,371,371,371,371,371,371,371,371,371,371,371,371,371,371,371,371,371,371,371,371,371,371,371,371,371,371,371,371,355,387,371,371,371,371,371,371,371,371,371,371,371,371,371,371,371,371,371,371,371,371,371,371,371,371,371,371,371,371,371,371
1980446.000000,1982478.000000,371,371,371,371,371,371,371,371,371,371,371,371,371,371,371,371,371,371,371,371,371,371,371,371,371,371,371,371,371,371,371,371,365,365,365,365,365,365,365,365,365,365,365,365,365,365,365,365,353,353,353,353,353,353,353,353,353,353,353,353,353,353,353,353,351,351,351,351,351,351,351,351,351,351,351,351,351,351,351,351,351,351,351,351,351,351,351,351,351,351,351,351,351,351,351,351,351,351,351,351,351,351,351,351,351,351,351,351,351,351,351,351,351,351,351,351,351,351,351,351,351,351,351,351,351,351,351,351
1984542.000000,1986574.000000,336,336,336,336,336,336,336,336,336,336,336,336,336,336,336,336,276,276,276,276,276,276,276,276,242,242,242,242,242,242,242,242,189,189,189,189,189,189,189,189,189,189,189,189,189,189,189,189,156,156,156,156,104,104,104,104,88,88,88,88,88,88,88,88,77,77,77,77,77,77,77,77,77,77,77,77,77,77,77,77,77,77,77,77,77,77,77,77,77,77,77,77,77,77,77,77,77,77,77,77,77,77,77,77,77,77,77,77,77,77,77,77,77,77,77,77,77,77,77,77,77,77,77,77,77,77,77,77
1992734.000000,1994766.000000,380,380,364,396,380,380,380,380,380,380,380,380,380,380,380,380,380,380,364,396,380,380,380,380,380,380,380,380,380,380,380,380,380,380,380,380,380,380,380,380,380,380,380,380,380,380,380,380,380,380,380,380,380,380,380,380,380,380,380,380,380,380,380,380,369,369,369,369,369,369,369,369,369,369,369,369,369,369,369,369,369,369,369,369,369,369,369,369,369,369,369,369,369,369,369,369,369,369,369,369,369,369,369,369,369,369,369,369,369,369,369,369,369,369,369,369,369,369,369,369,369,369,369,369,369,369,369,369
1994782.000000,1996814.000000,368,368,368,368,368,368,368,368,368,368,368,368,368,368,368,368,368,368,368,368,368,368,368,368,368,368,368,368,368,368,368,368,368,368,368,368,368,368,368,368,368,368,368,368,384,352,368,368,368,368,368,368,368,368,368,368,368,368,368,368,384,352,368,368,368,368,368,368,368,368,368,368,368,368,368,368,368,368,368,368,384,352,368,368,368,368,368,368,368,368,352,384,368,368,368,368,368,368,368,368,368,368,368,368,368,368,368,368,368,368,384,352,372,372,372,372,372,372,372,372,364,364,364,364,364,364,380,348
1998878.000000,2000910.000000,369,369,385,353,369,369,369,369,369,369,369,369,353,385,369,369,369,369,369,369,369,369,369,369,369,369,369,369,369,369,369,369,369,369,369,369,369,369,369,369,369,369,369,369,369,369,369,369,369,369,369,369,369,369,369,369,369,369,369,369,369,369,369,369,369,369,369,369,369,369,369,369,369,369,369,369,369,369,369,369,369,369,369,369,393,345,369,369,369,369,369,369,369,369,369,369,369,369,369,369,369,369,369,369,369,369,369,369,369,369,369,369,369,369,369,369,369,369,369,369,369,369,369,369,369,369,369,369
2000926.000000,2002958.000000,370,370,370,370,370,370,370,370,370,370,370,370,370,370,370,370,370,370,370,370,386,354,370,370,370,370,370,370,370,370,370,370,370,370,354,386,370,370,370,370,370,370,386,354,370,370,370,370,370,370,370,370,370,370,370,370,370,370,370,370,370,370,370,370,364,364,364,364,364,364,380,348,364,364,364,364,364,364,364,364,364,364,364,364,364,364,364,364,364,364,364,364,364,364,364,364,364,364,364,364,364,364,364,364,364,364,380,348,364,364,364,364,348,380,364,364,364,364,364,364,364,364,364,364,364,364,364,364
2009118.000000,2011150.000000,360,360,360,360,360,360,360,360,360,360,360,360,360,360,360,360,360,360,360,360,368,368,352,352,360,360,360,360,360,360,360,360,356,356,356,356,356,356,356,356,356,356,356,356,340,372,356,356,363,363,363,363,379,347,363,363,363,363,363,363,363,363,363,363,369,369,369,369,385,353,369,369,361,361,377,377,369,369,369,369,369,369,369,369,369,369,369,369,369,369,369,369,369,369,369,369,369,369,369,369,369,369,369,369,369,369,369,369,369,369,369,369,369,369,369,369,369,369,369,369,369,369,369,369,369,369,369,369
2011166.000000,2013198.000000,368,368,368,368,384,352,368,368,368,368,368,368,368,368,368,368,368,368,368,368,368,368,368,368,368,368,384,352,368,368,352,384,368,368,368,368,368,368,368,368,368,368,368,368,368,368,368,368,368,368,368,368,368,368,368,368,368,368,368,368,368,368,368,368,368,368,368,368,368,368,368,368,368,368,368,368,368,368,368,368,368,368,368,368,368,368,368,368,368,368,368,368,368,368,368,368,368,368,368,368,368,368,368,368,368,368,368,368,368,368,368,368,368,368,368,368,368,368,368,368,368,368,368,368,368,368,368,368
2021406.000000,2023438.000000,377,377,377,377,377,377,377,377,377,377,377,377,377,377,377,377,377,377,377,377,393,361,377,377,377,377,377,377,377,377,377,377,377,377,361,393,377,377,377,377,377,377,377,377,393,361,377,377,377,377,377,377,377,377,377,377,377,377,377,377,377,377,377,377,377,377,377,377,377,377,377,377,377,377,377,377,377,377,377,377,377,377,377,377,377,377,377,377,377,377,377,377,377,377,377,377,377,377,377,377,377,377,377,377,377,377,377,377,377,377,377,377,377,377,377,377,377,377,377,377,377,377,377,377,377,377,377,377
2023454.000000,2025486.000000,376,376,376,376,376,376,376,376,376,376,376,376,392,360,376,376,376,376,376,376,376,376,376,376,376,376,376,376,376,376,376,376,387,387,387,387,387,387,387,387,379,379,379,379,395,395,395,395,387,387,387,387,387,387,387,387,387,387,387,387,387,387,387,387,382,382,382,382,382,382,382,382,382,382,382,382,382,382,382,382,382,382,382,382,382,382,382,382,382,382,382,382,382,382,382,382,382,382,382,382,382,382,382,382,382,382,382,382,382,382,382,382,382,382,382,382,382,382,382,382,382,382,382,382,382,382,382,382
2033694.000000,2035726.000000,380,380,380,380,396,364,380,380,380,380,380,380,364,396,364,396,380,380,380,380,396,364,380,380,380,380,380,380,380,380,380,380,380,380,380,380,396,364,380,380,380,380,380,380,380,380,364,396,380,380,380,380,380,380,380,380,380,380,380,380,380,380,380,380,375,375,375,375,375,375,375,375,375,375,375,375,375,375,375,375,375,375,375,375,375,375,375,375,375,375,375,375,375,375,375,375,375,375,375,375,375,375,375,375,375,375,375,375,375,375,375,375,375,375,375,375,375,375,375,375,375,375,375,375,375,375,375,375
2048030.000000,2050062.000000,383,383,367,399,375,375,375,375,371,371,371,371,371,371,371,371,375,375,375,375,375,375,375,375,375,375,375,375,375,375,375,375,378,378,362,394,378,378,378,378,378,378,378,378,378,378,378,378,378,378,378,378,378,378,378,378,378,378,378,378,378,378,378,378,372,372,372,372,372,372,372,372,372,372,372,372,372,372,372,372,372,372,372,372,372,372,372,372,372,372,372,372,372,372,372,372,372,372,372,372,364,364,380,380,372,372,372,372,372,372,372,372,372,372,372,372,372,372,372,372,372,372,372,372,372,372,372,372
2062366.000000,2064398.000000,364,364,348,380,364,364,364,364,348,380,364,364,380,348,380,348,364,364,364,364,364,364,364,364,364,364,364,364,364,364,364,364,364,364,364,364,364,364,364,364,348,380,364,364,364,364,364,364,364,364,364,364,364,364,364,364,364,364,364,364,364,364,364,364,380,348,364,364,364,364,364,364,348,380,364,364,364,364,364,364,364,364,364,364,364,364,364,364,364,364,364,364,364,364,364,364,364,364,364,364,364,364,364,364,364,364,364,364,364,364,364,364,364,364,364,364,364,364,364,364,364,364,364,364,364,364,364,364
2064414.000000,2066446.000000,365,365,365,365,365,365,365,365,349,381,365,365,365,365,365,365,381,349,365,365,365,365,365,365,365,365,365,365,365,365,365,365,365,365,365,365,365,365,365,365,365,365,365,365,365,365,365,365,365,365,365,365,365,365,365,365,365,365,365,365,365,365,365,365,362,362,362,362,362,362,362,362,362,362,362,362,362,362,362,362,362,362,362,362,362,362,362,362,362,362,362,362,362,362,362,362,368,368,368,368,368,368,368,368,368,368,368,368,368,368,368,368,368,368,368,368,368,368,368,368,368,368,368,368,368,368,368,368
2066462.000000,2068494.000000,370,370,370,370,370,370,370,370,370,370,370,370,370,370,370,370,370,370,370,370,370,370,370,370,370,370,370,370,370,370,370,370,370,370,370,370,370,370,370,370,370,370,370,370,370,370,370,370,370,370,370,370,370,370,370,370,370,370,370,370,370,370,370,370,369,369,369,369,369,369,369,369,369,369,369,369,369,369,369,369,369,369,369,369,369,369,369,369,369,369,369,369,369,369,369,369,318,318,230,230,274,274,274,274,274,274,274,274,274,274,274,274,274,274,274,274,274,274,274,274,274,274,274,274,274,274,274,274
2068510.000000,2070542.000000,273,273,273,273,273,273,273,273,273,273,273,273,273,273,273,273,273,273,273,273,273,273,273,273,273,273,273,273,273,273,273,273,273,273,273,273,273,273,273,273,273,273,273,273,273,273,273,273,273,273,273,273,273,273,273,273,273,273,273,273,273,273,273,273,274,274,274,274,274,274,274,274,274,274,274,274,274,274,274,274,274,274,274,274,274,274,274,274,274,274,274,274,274,274,274,274,359,359,359,359,359,359,359,359,391,391,391,391,391,391,391,391,375,375,375,375,375,375,375,375,375,375,375,375,375,375,375,375
2072606.000000,2074638.000000,370,370,370,370,370,370,370,370,370,370,370,370,370,370,370,370,370,370,370,370,370,370,370,370,370,370,370,370,370,370,370,370,370,370,370,370,370,370,370,370,370,370,370,370,370,370,370,370,370,370,370,370,370,370,370,370,370,370,370,370,370,370,370,370,336,336,336,336,336,336,336,336,336,336,336,336,336,336,336,336,265,265,265,265,265,265,265,265,265,265,265,265,265,265,265,265,249,249,249,249,249,249,249,249,249,249,249,249,249,249,249,249,249,249,249,249,249,249,249,249,249,249,249,249,249,249,249,249
2074654.000000,2076686.000000,237,237,253,253,253,253,253,253,253,253,253,253,253,253,253,253,252,252,252,252,252,252,252,252,236,268,236,268,252,236,268,236,267,251,251,251,251,251,251,251,253,253,253,253,253,253,253,253,253,253,253,253,253,253,253,253,237,269,253,253,253,253,253,253,252,252,252,252,252,252,252,252,252,252,252,252,252,252,252,252,252,252,252,252,252,252,252,252,252,252,252,252,252,252,252,252,252,252,252,252,252,252,252,252,252,252,252,252,252,252,252,252,252,252,252,252,252,252,252,252,252,252,252,252,252,252,252,252
2076702.000000,2078734.000000,260,260,260,260,260,260,260,260,260,260,260,260,260,260,260,260,374,374,374,374,374,374,374,374,374,374,374,374,374,374,374,374,378,378,378,378,378,378,378,378,378,378,378,378,378,378,378,378,378,378,378,378,378,378,378,378,378,378,378,378,378,378,378,378,367,367,367,367,367,367,367,367,367,367,367,367,367,367,367,367,367,367,367,367,367,367,367,367,367,367,367,367,367,367,367,367,367,367,367,367,367,367,367,367,367,367,367,367,367,367,367,367,367,367,367,367,367,367,367,367,367,367,367,367,367,367,367,367
2082846.000000,2084878.000000,347,347,347,347,347,347,347,347,347,347,347,347,347,347,347,347,347,347,347,347,347,347,347,347,347,347,347,347,347,347,347,347,352,352,352,352,352,352,352,352,352,352,352,352,352,352,352,352,231,231,231,231,231,231,231,231,231,231,231,231,231,231,231,231,83,83,83,83,83,83,83,83,83,83,83,83,83,83,83,83,83,83,83,83,83,83,83,83,83,83,83,83,83,83,83,83,83,83,83,83,83,83,83,83,83,83,83,83,83,83,83,83,83,83,83,83,83,83,83,83,83,83,83,83,83,83,83,83
2084894.000000,2086926.000000,115,115,115,115,115,115,115,115,115,115,115,115,115,115,115,115,275,275,275,275,275,275,275,275,275,275,275,275,275,275,275,275,374,374,374,374,374,374,374,374,374,374,374,374,374,374,374,374,374,374,374,374,374,374,374,374,374,374,374,374,374,374,374,374,372,372,372,372,372,372,372,372,372,372,372,372,372,372,372,372,372,372,372,372,372,372,372,372,372,372,372,372,372,372,372,372,372,372,372,372,372,372,372,372,372,372,372,372,372,372,372,372,372,372,372,372,372,372,372,372,372,372,372,372,372,372,372,372
2088990.000000,2091022.000000,336,336,336,336,336,336,336,336,336,336,336,336,336,336,320,352,336,336,336,336,336,336,336,336,336,336,336,336,336,336,336,336,336,336,336,336,336,336,336,336,336,336,336,336,336,336,336,336,320,352,336,336,336,336,352,320,336,336,336,336,336,336,336,336,336,336,336,336,336,336,336,336,336,336,336,336,336,336,336,336,336,336,336,336,336,336,336,336,336,336,336,336,336,336,336,336,336,336,336,336,336,336,336,336,336,336,336,336,336,336,336,336,336,336,336,336,336,336,336,336,336,336,336,336,336,336,336,336
2103326.000000,2105358.000000,226,226,226,226,226,226,226,226,226,226,226,226,226,226,226,226,226,226,226,226,226,226,226,226,226,226,226,226,226,226,226,226,226,226,226,226,226,226,226,226,226,226,226,226,226,226,226,226,226,226,226,226,226,226,226,226,226,226,226,226,226,226,226,226,195,195,195,195,195,195,195,195,171,171,171,171,171,171,171,171,161,161,161,161,161,161,161,161,161,161,161,161,161,161,161,161,172,172,172,172,172,172,172,172,172,172,172,172,172,172,172,172,172,172,172,172,172,172,172,172,172,172,172,172,172,172,172,172
2127902.000000,2129934.000000,374,374,374,374,374,374,374,374,374,374,390,358,374,374,374,374,374,374,374,374,374,374,374,374,374,374,374,374,374,374,374,374,368,368,368,368,368,368,368,368,368,368,368,368,368,368,368,368,368,368,368,368,368,368,368,368,368,368,368,368,368,368,368,368,365,365,365,365,365,365,365,365,365,365,365,365,365,365,365,365,365,365,365,365,365,365,365,365,365,365,365,365,365,365,365,365,365,365,365,365,365,365,365,365,365,365,365,365,365,365,365,365,365,365,365,365,365,365,365,365,365,365,365,365,365,365,365,365
2129950.000000,2131982.000000,366,366,350,382,366,366,366,366,366,366,366,366,366,366,366,366,366,366,366,366,366,366,366,366,366,366,382,350,366,366,366,366,375,343,343,375,359,359,359,359,359,359,359,359,359,359,359,359,359,359,359,359,359,359,359,359,359,359,359,359,375,343,359,359,378,346,362,362,362,362,362,362,362,362,362,362,362,362,362,362,362,362,362,362,362,362,362,362,362,362,362,362,362,362,362,362,362,362,362,362,362,362,362,362,362,362,362,362,362,362,362,362,362,362,362,362,362,362,362,362,362,362,362,362,362,362,362,362
2144286.000000,2146318.000000,357,357,381,381,369,369,369,369,369,369,369,369,369,369,369,369,369,369,369,369,369,369,369,369,369,369,369,369,369,369,369,369,365,365,365,365,365,365,365,365,365,365,365,365,365,365,365,365,397,349,373,373,373,373,373,373,373,373,373,373,373,373,373,373,369,369,369,369,369,369,369,369,369,369,369,369,369,369,369,369,369,369,369,369,369,369,369,369,369,369,369,369,369,369,369,369,369,369,369,369,369,369,369,369,369,369,369,369,369,369,369,369,369,369,369,369,369,369,369,369,369,369,369,369,369,369,369,369
2148382.000000,2150414.000000,364,364,364,364,380,348,364,364,380,348,364,364,364,364,364,364,364,364,364,364,364,364,364,364,380,348,364,364,364,364,364,364,364,364,364,364,364,364,364,364,364,364,364,364,364,364,364,364,364,364,364,364,364,364,364,364,364,364,364,364,364,364,364,364,364,364,364,364,364,364,364,364,364,364,364,364,364,364,364,364,364,364,364,364,364,364,364,364,364,364,364,364,364,364,364,364,364,364,364,364,364,364,364,364,364,364,364,364,364,364,364,364,364,364,364,364,364,364,364,364,364,364,364,364,364,364,364,364
2154526.000000,2156558.000000,362,362,362,362,362,362,362,362,362,362,362,362,378,346,378,346,362,362,362,362,362,362,362,362,346,378,362,362,362,362,362,362,368,368,368,368,368,368,368,368,368,368,368,368,368,368,368,368,368,368,368,368,368,368,368,368,352,384,368,368,368,368,368,368,381,349,365,365,365,365,365,365,365,365,365,365,365,365,365,365,365,365,365,365,365,365,365,365,365,365,365,365,365,365,365,365,381,349,365,365,365,365,365,365,365,365,365,365,365,365,365,365,365,365,365,365,365,365,365,365,365,365,365,365,365,365,365,365
2156574.000000,2158606.000000,354,354,378,378,366,366,366,366,366,366,366,366,366,366,366,366,366,366,366,366,366,366,366,366,366,366,366,366,366,366,366,366,360,360,360,360,360,360,360,360,360,360,360,360,360,360,360,360,360,360,360,360,360,360,360,360,360,360,360,360,360,360,360,360,357,357,357,357,357,357,357,357,357,357,357,357,357,357,357,357,357,357,357,357,357,357,357,357,357,357,357,357,357,357,357,357,357,357,357,357,357,357,357,357,357,357,357,357,357,357,357,357,357,357,357,357,357,357,357,357,357,357,357,357,357,357,357,357
2158622.000000,2160654.000000,378,346,378,346,362,362,362,362,362,362,362,362,362,362,362,362,355,355,355,355,355,355,355,355,369,369,369,369,369,369,353,385,369,369,385,353,369,369,369,369,369,369,369,369,369,369,369,369,369,369,369,369,369,369,369,369,369,369,369,369,369,369,369,369,365,365,365,365,365,365,365,365,381,349,365,365,365,365,365,365,365,365,365,365,365,365,365,365,365,365,365,365,365,365,365,365,365,365,365,365,365,365,365,365,365,365,365,365,365,365,365,365,365,365,365,365,365,365,365,365,365,365,365,365,365,365,365,365
2160670.000000,2162702.000000,367,367,367,367,367,367,367,367,367,367,367,367,367,367,367,367,367,367,367,367,367,367,367,367,383,351,367,367,367,367,351,383,367,367,367,367,367,367,367,367,367,367,367,367,367,367,367,367,367,367,367,367,367,367,367,367,367,367,367,367,367,367,367,367,370,370,370,370,370,370,370,370,370,370,370,370,370,370,370,370,370,370,370,370,370,370,370,370,370,370,370,370,370,370,370,370,364,364,364,364,364,364,364,364,364,364,364,364,364,364,364,364,364,364,364,364,364,364,364,364,364,364,364,364,364,364,364,364
2166814.000000,2168846.000000,375,375,359,391,375,375,359,391,375,375,375,375,391,359,375,375,375,375,375,375,375,375,375,375,375,375,375,375,375,375,375,375,375,375,375,375,375,375,375,375,375,375,375,375,375,375,375,375,375,375,375,375,375,375,375,375,375,375,375,375,375,375,375,375,375,375,375,375,375,375,375,375,375,375,375,375,375,375,375,375,375,375,375,375,375,375,375,375,375,375,375,375,375,375,375,375,375,375,375,375,375,375,375,375,375,375,375,375,375,375,375,375,375,375,375,375,375,375,375,375,375,375,375,375,375,375,375,375
2172958.000000,2174990.000000,378,378,378,378,378,378,378,378,378,378,378,378,378,378,378,378,378,378,378,378,378,378,378,378,394,362,378,378,378,378,378,378,378,378,378,378,378,378,378,378,378,378,378,378,378,378,378,378,378,378,378,378,378,378,378,378,378,378,378,378,378,378,378,378,378,378,378,378,378,378,378,378,378,378,378,378,378,378,378,378,378,378,378,378,378,378,378,378,394,362,378,378,378,378,362,394,378,378,378,378,378,378,378,378,378,378,378,378,378,378,378,378,378,378,378,378,378,378,378,378,378,378,378,378,378,378,378,378
2179102.000000,2181134.000000,368,368,368,368,368,368,368,368,352,384,352,384,368,368,368,368,368,368,368,368,368,368,368,368,368,368,368,368,368,368,368,368,368,368,368,368,368,368,368,368,368,368,368,368,368,368,368,368,368,368,368,368,368,368,368,368,368,368,368,368,368,368,368,368,368,368,368,368,368,368,368,368,368,368,368,368,368,368,368,368,368,368,368,368,368,368,368,368,368,368,368,368,368,368,368,368,368,368,368,368,368,368,368,368,368,368,344,392,368,368,368,368,368,368,368,368,368,368,368,368,368,368,368,368,368,368,368,368
2187294.000000,2189326.000000,363,363,363,363,363,363,363,363,363,363,379,347,363,363,379,347,363,363,347,379,363,363,363,363,363,363,363,363,363,363,363,363,363,363,363,363,363,363,363,363,363,363,363,363,363,363,363,363,363,363,363,363,363,363,363,363,363,363,363,363,363,363,363,363,359,359,343,375,359,359,343,375,359,359,359,359,359,359,359,359,359,359,359,359,359,359,359,359,359,359,359,359,359,359,359,359,360,360,360,360,360,360,360,360,372,372,372,372,372,372,372,372,366,366,366,366,366,366,366,366,366,366,366,366,366,366,366,366
2191390.000000,2193422.000000,373,373,373,373,373,373,373,373,357,389,357,389,373,373,373,373,373,373,373,373,373,373,373,373,373,373,373,373,373,373,373,373,373,373,373,373,373,373,373,373,373,373,373,373,373,373,373,373,373,373,373,373,373,373,373,373,373,373,373,373,373,373,373,373,368,368,368,368,368,368,368,368,368,368,368,368,368,368,368,368,368,368,368,368,368,368,368,368,368,368,368,368,368,368,368,368,368,368,368,368,368,368,368,368,368,368,368,368,368,368,368,368,368,368,368,368,368,368,368,368,368,368,368,368,368,368,368,368
2193438.000000,2195470.000000,354,354,354,354,354,354,354,354,354,354,354,354,354,354,354,354,354,354,354,354,354,354,354,354,354,354,354,354,354,354,354,354,290,290,290,290,290,290,290,290,290,290,290,290,290,290,290,290,290,290,290,290,290,290,290,290,290,290,290,290,290,290,290,290,176,176,176,176,176,176,176,176,176,176,176,176,176,176,176,176,176,176,176,176,176,176,176,176,176,176,176,176,176,176,176,176,79,79,79,79,79,79,79,79,79,79,79,79,79,79,79,79,79,79,79,79,79,79,79,79,79,79,79,79,79,79,79,79
2197534.000000,2199566.000000,369,369,369,369,369,369,369,369,385,353,369,369,369,369,369,369,369,369,369,369,369,369,369,369,369,369,369,369,369,369,369,369,369,369,369,369,369,369,369,369,385,353,369,369,369,369,369,369,369,369,353,385,369,369,369,369,369,369,369,369,369,369,369,369,369,369,369,369,369,369,369,369,369,369,369,369,369,369,369,369,369,369,369,369,369,369,369,369,369,369,369,369,369,369,369,369,369,369,369,369,369,369,369,369,369,369,369,369,369,369,369,369,369,369,369,369,369,369,369,369,369,369,369,369,369,369,369,369
2207774.000000,2209806.000000,375,375,375,375,375,375,375,375,375,375,375,375,375,375,375,375,351,399,375,375,375,375,375,375,391,359,375,375,375,375,359,391,375,375,375,375,375,375,375,375,375,375,375,375,375,375,375,375,359,391,375,375,375,375,375,375,375,375,375,375,375,375,359,391,375,375,375,375,375,375,375,375,375,375,375,375,375,375,375,375,359,391,375,375,375,375,375,375,375,375,375,375,375,375,375,375,359,391,375,375,375,375,375,375,375,375,375,375,375,375,375,375,375,375,375,375,375,375,375,375,375,375,375,375,375,375,375,375
2218014.000000,2220046.000000,373,373,365,381,365,381,365,381,365,381,373,373,373,373,373,373,377,377,377,377,369,369,369,369,373,373,373,373,373,373,373,373,392,360,376,376,376,376,376,376,370,370,370,370,370,370,370,370,373,373,373,373,373,373,373,373,373,373,373,373,373,373,373,373,373,373,373,373,373,373,373,373,373,373,373,373,373,373,373,373,373,373,373,373,373,373,373,373,373,373,373,373,373,373,373,373,373,373,373,373,373,373,373,373,373,373,373,373,373,373,373,373,373,373,373,373,373,373,373,373,373,373,373,373,373,373,373,373
2224158.000000,2226190.000000,373,373,381,365,381,365,373,373,373,373,373,373,373,373,357,389,373,373,373,373,373,373,373,373,373,373,373,373,373,373,373,373,373,373,373,373,373,373,373,373,373,373,373,373,373,373,373,373,373,373,373,373,373,373,373,373,373,373,373,373,373,373,373,373,373,373,373,373,373,373,373,373,373,373,373,373,373,373,373,373,373,373,373,373,373,373,373,373,365,365,381,381,373,373,373,373,373,373,373,373,381,381,365,365,373,373,389,357,373,373,373,373,373,373,373,373,373,373,373,373,369,369,369,369,377,377,377,377
2226206.000000,2228238.000000,372,372,372,372,372,372,372,372,372,372,372,372,372,372,372,372,372,372,372,372,372,372,372,372,372,372,372,372,372,372,372,372,372,372,372,372,372,372,372,372,372,372,372,372,388,356,372,372,372,372,372,372,372,372,372,372,372,372,372,372,372,372,372,372,372,372,372,372,372,372,372,372,372,372,372,372,372,372,372,372,372,372,372,372,372,372,372,372,372,372,372,372,372,372,372,372,372,372,356,388,372,372,356,388,372,372,372,372,372,372,372,372,372,372,372,372,372,372,372,372,372,372,372,372,372,372,372,372
2230302.000000,2232334.000000,372,372,372,372,372,372,372,372,372,372,372,372,372,372,372,372,388,356,372,372,372,372,372,372,372,372,372,372,372,372,372,372,391,359,375,375,375,375,375,375,375,375,375,375,375,375,375,375,375,375,375,375,375,375,375,375,375,375,375,375,375,375,375,375,373,373,373,373,373,373,373,373,373,373,373,373,373,373,373,373,373,373,373,373,373,373,373,373,373,373,373,373,373,373,373,373,373,373,373,373,373,373,373,373,373,373,373,373,365,397,365,365,389,357,373,373,373,373,373,373,373,373,373,373,357,389,373,373
2234398.000000,2236430.000000,372,372,372,372,372,372,372,372,372,372,372,372,372,372,372,372,372,372,372,372,372,372,372,372,372,372,372,372,372,372,372,372,372,372,372,372,372,372,372,372,388,356,372,372,372,372,372,372,375,375,375,375,375,375,375,375,385,353,369,369,369,369,353,385,367,367,367,367,367,367,367,367,367,367,367,367,367,367,367,367,367,367,367,367,375,375,359,359,367,367,367,367,367,367,367,367,367,367,367,367,367,367,367,367,367,367,367,367,367,367,367,367,367,367,367,367,367,367,367,367,383,351,367,367,367,367,367,367
2236446.000000,2238478.000000,370,370,370,370,370,370,354,386,370,370,370,370,370,370,370,370,354,386,370,370,370,370,370,370,386,354,370,370,370,370,370,370,370,370,370,370,370,370,370,370,370,370,370,370,370,370,370,370,370,370,370,370,370,370,370,370,370,370,370,370,370,370,370,370,370,370,370,370,370,370,370,370,370,370,370,370,370,370,370,370,370,370,370,370,370,370,370,370,370,370,370,370,370,370,370,370,370,370,370,370,370,370,370,370,370,370,370,370,370,370,370,370,370,370,370,370,370,370,370,370,370,370,370,370,370,370,370,370
2238494.000000,2240526.000000,366,366,366,366,382,366,366,382,378,362,378,362,378,362,370,370,370,370,370,370,370,370,370,370,370,370,370,370,370,370,370,370,370,370,370,370,370,370,370,370,370,370,370,370,370,370,370,370,370,370,370,370,370,370,370,370,370,370,370,370,370,370,370,370,370,370,370,370,370,370,370,370,370,370,370,370,370,370,370,370,370,370,370,370,370,370,370,370,370,370,370,370,370,370,370,370,378,378,362,362,370,370,370,370,370,370,370,370,370,370,370,370,370,370,370,370,370,370,370,370,370,370,370,370,370,370,370,370
2240542.000000,2242574.000000,368,368,368,368,376,376,376,376,372,372,372,372,372,372,372,372,375,375,375,375,375,375,375,375,353,385,369,369,369,369,393,345,372,372,372,372,372,372,372,372,372,372,372,372,372,372,396,348,372,372,372,372,372,372,372,372,372,372,372,372,372,372,372,372,372,372,372,372,372,372,372,372,372,372,372,372,372,372,372,372,372,372,372,372,372,372,372,372,356,388,372,372,372,372,372,372,379,379,363,363,379,379,379,379,345,393,369,369,369,369,369,369,372,372,372,372,372,372,372,372,368,368,368,368,376,376,376,376
2242590.000000,2244622.000000,369,369,369,369,369,369,369,369,353,385,369,369,369,369,385,353,369,369,369,369,369,369,369,369,369,369,369,369,369,369,385,353,369,369,369,369,369,369,369,369,369,369,369,369,369,369,369,369,369,369,369,369,369,369,369,369,369,369,369,369,369,369,369,369,369,369,369,369,369,369,369,369,369,369,369,369,369,369,369,369,369,369,369,369,369,369,369,369,369,369,369,369,369,369,369,369,369,369,369,369,369,369,369,369,369,369,369,369,369,369,369,369,369,369,369,369,369,369,369,369,369,369,369,369,369,369,369,369
2248734.000000,2250766.000000,383,367,375,375,375,375,375,375,375,375,375,375,375,375,375,375,375,375,375,375,375,375,375,375,375,375,375,375,359,391,375,375,375,375,375,375,375,375,375,375,375,375,375,375,359,391,375,375,375,375,375,375,375,375,375,375,391,359,375,375,375,375,375,375,375,375,375,375,375,375,375,375,375,375,375,375,375,375,375,375,375,375,375,375,375,375,375,375,375,375,375,375,375,375,359,391,372,372,372,372,372,372,372,372,394,362,378,378,378,378,378,378,375,375,375,375,375,375,375,375,375,375,375,375,375,375,375,375
2250782.000000,2252814.000000,371,371,371,371,371,371,371,371,387,355,371,371,355,387,355,387,371,371,371,371,371,371,371,371,371,371,371,371,371,371,355,387,371,371,371,371,371,371,371,371,371,371,371,371,371,371,371,371,371,371,371,371,371,371,387,355,371,371,371,371,371,371,371,371,371,371,371,371,371,371,371,371,371,371,371,371,371,371,355,387,371,371,371,371,371,371,371,371,371,371,371,371,371,371,355,387,371,371,371,371,371,371,371,371,387,355,371,371,371,371,371,371,355,387,371,371,371,371,371,371,387,355,371,371,371,371,355,387
2252830.000000,2254862.000000,375,375,375,375,375,375,375,375,391,359,375,375,375,375,375,375,367,367,367,367,367,367,383,351,383,383,383,383,383,383,383,383,375,375,375,375,375,375,375,375,375,375,375,375,375,375,375,375,375,375,375,375,375,375,375,375,375,375,375,375,375,375,375,375,375,375,375,375,375,375,375,375,375,375,375,375,375,375,375,375,375,375,375,375,375,375,375,375,375,375,375,375,375,375,375,375,375,375,375,375,375,375,375,375,375,375,375,375,375,375,375,375,375,375,375,375,375,375,375,375,375,375,375,375,375,375,375,375
2254878.000000,2256910.000000,377,377,377,377,377,377,377,377,377,377,393,361,377,377,377,377,377,377,377,377,377,377,377,377,377,377,377,377,377,377,377,377,377,377,377,377,377,377,377,377,377,377,377,377,377,377,377,377,377,377,377,377,361,393,377,377,377,377,377,377,393,361,377,377,377,377,377,377,377,377,377,377,377,377,377,377,377,377,377,377,377,377,377,377,377,377,377,377,377,377,377,377,377,377,377,377,377,377,377,377,377,377,377,377,377,377,377,377,377,377,377,377,377,377,377,377,377,377,377,377,377,377,377,377,377,377,377,377
2261022.000000,2263054.000000,380,380,380,380,380,380,380,380,380,380,364,396,380,380,380,380,380,380,380,380,396,364,380,380,364,396,380,380,380,380,380,380,380,380,380,380,380,380,380,380,380,380,380,380,380,380,380,380,380,380,380,380,380,380,380,380,380,380,380,380,380,380,380,380,380,380,380,380,380,380,380,380,380,380,380,380,380,380,380,380,380,380,380,380,380,380,380,380,380,380,380,380,380,380,380,380,380,380,380,380,380,380,380,380,380,380,380,380,380,380,380,380,380,380,380,380,380,380,380,380,380,380,380,380,380,380,380,380
2267166.000000,2269198.000000,388,388,388,388,388,388,388,388,388,388,388,388,388,388,388,388,388,388,388,388,388,388,388,388,388,388,388,388,388,388,388,388,388,388,388,388,388,388,388,388,388,388,388,388,388,388,388,388,388,388,388,388,388,388,388,388,388,388,388,388,388,388,388,388,384,384,384,384,384,384,384,384,400,368,384,384,384,384,384,384,368,400,384,384,384,384,384,384,384,384,384,384,384,384,384,384,384,384,384,384,384,384,384,384,384,384,384,384,384,384,384,384,384,384,384,384,384,384,384,384,384,384,384,384,384,384,384,384
2273310.000000,2275342.000000,373,373,373,373,389,389,389,389,381,381,381,381,381,381,397,365,381,381,381,381,397,365,381,381,365,397,381,381,381,381,381,381,381,381,381,381,381,381,381,381,381,381,365,397,381,381,381,381,381,381,381,381,397,365,381,381,381,381,381,381,381,381,397,365,381,381,381,381,381,381,381,381,381,381,381,381,381,381,381,381,381,381,381,381,381,381,381,381,381,381,381,381,381,381,381,381,381,381,381,381,381,381,381,381,381,381,381,381,381,381,381,381,381,381,381,381,381,381,381,381,381,381,381,381,381,381,381,381
2275358.000000,2277390.000000,382,382,382,382,382,382,382,382,382,382,382,382,366,398,382,382,382,382,382,382,398,366,382,382,366,398,382,382,382,382,382,382,382,382,382,382,382,382,382,382,382,382,382,382,382,382,382,382,382,382,382,382,382,382,382,382,382,382,382,382,382,382,382,382,382,382,382,382,382,382,382,382,382,382,382,382,382,382,382,382,382,382,382,382,382,382,382,382,382,382,382,382,382,382,382,382,382,382,382,382,382,382,382,382,382,382,382,382,382,382,382,382,382,382,382,382,382,382,382,382,382,382,382,382,382,382,382,382
2281502.000000,2283534.000000,373,373,373,373,373,373,373,373,373,373,373,373,373,373,373,373,373,373,373,373,373,373,373,373,373,373,373,373,373,373,373,373,373,373,373,373,373,373,373,373,389,357,373,373,373,373,373,373,373,373,373,373,373,373,373,373,373,373,373,373,373,373,373,373,364,396,380,380,380,380,380,380,380,380,380,380,380,380,380,380,372,372,372,372,372,372,388,356,372,372,372,372,372,372,372,372,353,385,369,369,369,369,369,369,369,369,369,369,369,369,369,369,369,369,369,369,369,369,369,369,385,353,369,369,369,369,369,369
2289694.000000,2291726.000000,376,376,376,376,376,376,376,376,376,376,376,376,376,376,376,376,376,376,376,376,376,376,376,376,376,376,376,376,376,376,376,376,376,376,376,376,376,376,376,376,360,392,376,376,376,376,376,376,392,360,376,376,376,376,376,376,360,392,376,376,376,376,376,376,376,376,376,376,376,376,376,376,376,376,376,376,376,376,376,376,376,376,376,376,376,376,376,376,376,376,376,376,376,376,376,376,376,376,376,376,376,376,376,376,376,376,376,376,376,376,376,376,376,376,376,376,376,376,376,376,376,376,376,376,376,376,376,376
2295838.000000,2297870.000000,375,375,375,375,375,375,375,375,391,359,375,375,375,375,359,391,375,375,375,375,375,375,375,375,375,375,375,375,375,375,375,375,371,371,371,371,371,371,371,371,387,355,371,371,371,371,371,371,371,371,371,371,371,371,371,371,371,371,371,371,371,371,371,371,370,370,370,370,370,370,370,370,370,370,370,370,370,370,370,370,370,370,370,370,370,370,370,370,370,370,370,370,370,370,370,370,370,370,370,370,370,370,370,370,370,370,370,370,370,370,370,370,370,370,370,370,370,370,354,386,370,370,370,370,386,354,370,370
2299934.000000,2301966.000000,377,377,377,377,377,377,361,393,377,377,377,377,377,377,377,377,377,377,377,377,377,377,377,377,377,377,377,377,377,377,393,361,377,377,377,377,377,377,361,393,377,377,377,377,377,377,377,377,377,377,377,377,377,377,361,393,377,377,377,377,377,377,393,361,377,377,377,377,377,377,377,377,377,377,377,377,377,377,377,377,377,377,377,377,377,377,361,393,377,377,377,377,377,377,377,377,377,377,377,377,377,377,361,393,377,377,377,377,377,377,377,377,377,377,377,377,377,377,377,377,377,377,377,377,377,377,377,377
2301982.000000,2304014.000000,380,380,380,380,380,380,380,380,380,380,380,380,380,380,396,364,380,380,380,380,380,380,380,380,380,380,380,380,380,380,396,364,380,380,380,380,380,380,380,380,380,380,380,380,380,380,380,380,380,380,380,380,380,380,380,380,380,380,380,380,380,380,380,380,376,376,376,376,376,376,376,376,376,376,376,376,376,376,376,376,376,376,376,376,376,376,376,376,376,376,376,376,376,376,376,376,376,376,376,376,376,376,376,376,376,376,376,376,376,376,376,376,376,376,376,376,376,376,376,376,376,376,376,376,376,376,376,376
2312222.000000,2314254.000000,394,362,378,378,378,378,378,378,378,378,378,378,378,378,378,378,378,378,378,378,378,378,378,378,374,374,374,374,382,382,382,382,378,378,378,378,378,378,394,362,378,378,378,378,362,394,378,378,375,375,375,375,375,375,375,375,397,365,381,381,381,381,365,397,378,378,378,378,378,378,378,378,394,362,378,378,378,378,378,378,378,378,378,378,378,378,378,378,378,378,378,378,378,378,378,378,362,394,378,378,378,378,378,378,378,378,378,378,378,378,362,394,375,375,375,375,375,375,375,375,381,381,381,381,381,381,381,381
2314270.000000,2316302.000000,382,382,382,382,382,382,382,382,382,382,382,382,382,382,366,398,382,382,382,382,382,382,382,382,398,366,382,382,382,382,382,382,382,382,382,382,366,398,382,382,382,382,382,382,382,382,382,382,382,382,382,382,382,382,382,382,382,382,382,382,382,382,382,382,382,382,382,382,382,382,382,382,382,382,382,382,382,382,382,382,382,382,382,382,382,382,382,382,382,382,382,382,382,382,382,382,382,382,382,382,382,382,382,382,382,382,382,382,382,382,382,382,382,382,382,382,382,382,382,382,382,382,382,382,382,382,382,382
2316318.000000,2318350.000000,377,377,377,377,377,377,377,377,377,377,377,377,393,361,377,377,377,377,377,377,377,377,377,377,377,377,377,377,377,377,377,377,377,377,377,377,377,377,361,393,363,363,363,363,379,347,363,363,370,370,370,370,370,370,370,370,370,370,370,370,386,354,370,370,364,364,364,364,364,364,364,364,364,364,364,364,364,364,364,364,364,364,364,364,364,364,364,364,364,364,364,364,364,364,364,364,364,364,364,364,364,364,364,364,364,364,364,364,364,364,364,364,364,364,364,364,364,364,364,364,364,364,364,364,364,364,364,364
2318366.000000,2320398.000000,325,325,325,325,325,325,325,325,325,325,325,325,325,325,325,325,232,232,232,232,232,232,232,232,232,232,232,232,232,232,232,232,109,109,109,109,109,109,109,109,109,109,109,109,109,109,109,109,109,109,109,109,109,109,109,109,109,109,109,109,109,109,109,109,76,76,76,76,76,76,76,76,76,76,76,76,76,76,76,76,76,76,76,76,76,76,76,76,76,76,76,76,76,76,76,76,76,76,76,76,76,76,76,76,76,76,76,76,76,76,76,76,76,76,76,76,76,76,76,76,76,76,76,76,76,76,76,76
2322462.000000,2324494.000000,143,143,143,143,143,143,151,135,143,143,151,135,143,143,151,135,143,143,143,143,143,143,143,143,143,143,143,143,143,143,143,143,143,143,143,143,143,143,143,143,143,143,143,143,143,143,143,143,143,143,143,143,143,143,143,143,143,143,143,143,143,143,143,143,143,143,143,143,143,143,143,143,143,143,143,143,143,143,143,143,143,143,143,143,143,143,143,143,143,143,143,143,143,143,143,143,143,143,143,143,143,143,143,143,143,143,143,143,143,143,143,143,143,143,143,143,143,143,143,143,143,143,143,143,143,143,143,143
2324510.000000,2326542.000000,135,135,135,135,135,135,135,135,135,135,135,135,135,135,135,135,135,135,135,135,135,135,135,135,135,135,135,135,135,135,135,135,135,135,135,135,135,135,135,135,135,135,135,135,135,135,135,135,135,135,135,135,135,135,135,135,135,135,135,135,135,135,135,135,77,77,77,77,77,77,77,77,77,77,77,77,77,77,77,77,77,77,77,77,77,77,77,77,77,77,77,77,77,77,77,77,80,80,80,80,80,80,80,80,80,80,80,80,80,80,80,80,139,139,139,139,139,139,139,139,139,139,139,139,139,139,139,139
2326558.000000,2328590.000000,139,155,147,147,155,139,147,147,147,147,147,147,147,147,147,147,147,147,147,147,147,147,147,147,147,147,147,147,147,147,147,147,147,147,147,147,147,147,147,147,151,151,151,151,143,143,143,143,147,147,147,147,147,147,147,147,147,147,147,147,147,147,147,147,147,147,147,147,147,147,147,147,147,147,147,147,147,147,147,147,147,147,147,147,147,147,147,147,147,147,147,147,147,147,147,147,147,147,147,147,147,147,147,147,147,147,147,147,147,147,147,147,147,147,147,147,147,147,147,147,147,147,147,147,147,147,147,147
2342942.000000,2344974.000000,159,159,159,159,159,159,159,159,159,159,159,159,159,159,159,159,159,159,159,159,159,159,159,159,159,159,159,159,159,159,159,159,83,83,83,83,83,83,83,83,83,83,83,83,83,83,83,83,83,83,83,83,83,83,83,83,83,83,83,83,83,83,83,83,73,73,73,73,73,73,73,73,73,73,73,73,73,73,73,73,132,132,132,132,132,132,132,132,132,132,132,132,132,132,132,132,140,140,140,140,140,140,140,140,140,140,140,140,140,140,140,140,140,140,140,140,140,140,140,140,140,140,140,140,140,140,140,140
2347038.000000,2349070.000000,76,76,76,76,76,76,76,76,76,76,76,76,76,76,76,76,76,76,76,76,76,76,76,76,76,76,76,76,76,76,76,76,114,114,146,146,130,130,130,130,130,130,130,130,130,130,130,130,130,130,130,130,130,130,130,130,130,130,130,130,130,130,130,130,136,136,136,136,136,136,136,136,136,136,136,136,136,136,136,136,136,136,136,136,136,136,136,136,136,136,136,136,136,136,136,136,136,136,136,136,136,136,136,136,136,136,136,136,136,136,136,136,136,136,136,136,136,136,136,136,136,136,136,136,136,136,136,136
2355230.000000,2357262.000000,132,132,132,132,132,132,132,132,132,132,132,132,132,132,132,132,132,132,132,132,132,132,132,132,132,132,132,132,132,132,132,132,130,130,130,130,130,130,130,130,110,110,110,110,74,74,74,74,76,76,76,76,76,76,76,76,76,76,76,76,76,76,76,76,78,78,78,78,78,78,78,78,78,78,78,78,78,78,78,78,78,78,78,78,78,78,78,78,78,78,78,78,78,78,78,78,112,112,112,112,112,112,112,112,148,148,148,148,148,148,148,148,166,166,166,166,166,166,166,166,166,166,166,166,166,166,166,166
2363422.000000,2365454.000000,154,154,162,146,154,154,154,154,154,154,154,154,146,162,154,154,154,154,154,154,162,146,154,154,154,154,154,154,154,154,154,154,154,154,154,154,154,154,154,154,154,154,154,154,154,154,154,154,154,154,154,154,154,154,154,154,154,154,154,154,154,154,154,154,154,154,154,154,154,154,154,154,154,154,138,170,154,154,154,154,154,154,154,154,154,154,154,154,154,154,154,154,138,170,154,154,154,154,154,154,154,154,170,138,154,154,154,154,154,154,154,154,154,154,154,154,154,154,154,154,154,154,138,170,154,154,154,154
2365470.000000,2367502.000000,154,154,154,154,154,154,154,154,154,154,154,154,154,154,154,154,154,154,154,154,154,154,170,138,170,138,154,154,154,154,154,154,149,149,149,149,149,149,149,149,149,149,149,149,149,149,149,149,141,141,141,141,141,141,141,141,141,141,141,141,125,157,141,141,136,136,136,136,136,136,136,136,138,138,122,122,130,130,130,130,93,93,69,69,81,81,81,81,81,81,81,81,81,81,81,81,77,77,77,77,77,77,77,77,77,77,77,77,77,77,77,77,77,77,77,77,77,77,77,77,77,77,77,77,77,77,77,77
2371614.000000,2373646.000000,76,76,76,76,76,76,76,76,76,76,76,76,84,68,76,76,76,76,76,76,76,76,76,76,76,76,76,76,76,76,76,76,76,76,76,76,76,76,76,76,76,76,76,76,76,76,76,76,76,76,76,76,76,76,76,76,76,76,76,76,76,76,76,76,76,76,76,76,76,76,76,76,76,76,76,76,76,76,76,76,76,76,76,76,76,76,60,92,76,76,76,76,76,76,76,76,76,76,76,76,76,76,76,76,76,76,76,76,92,60,76,76,76,76,76,76,76,76,76,76,76,76,76,76,76,76,76,76
2373662.000000,2375694.000000,76,76,76,76,76,76,76,76,76,76,76,76,76,76,76,76,76,76,84,68,76,76,76,76,76,76,76,76,76,76,76,76,76,76,76,76,76,76,76,76,76,76,76,76,92,60,76,76,76,76,76,76,76,76,76,76,76,76,76,76,76,76,76,76,76,76,76,76,76,76,76,76,76,76,76,76,76,76,76,76,76,76,76,76,76,76,76,76,76,76,76,76,76,76,76,76,76,76,76,76,76,76,76,76,76,76,76,76,76,76,76,76,76,76,92,60,76,76,76,76,76,76,76,76,76,76,76,76
2377758.000000,2379790.000000,80,80,88,72,80,80,80,80,80,80,80,80,80,80,80,80,80,80,80,80,100,100,132,132,132,132,132,132,132,132,132,132,136,136,136,136,136,136,136,136,136,136,136,136,136,136,136,136,136,136,136,136,136,136,136,136,136,136,136,136,136,136,136,136,137,137,137,137,137,137,137,137,137,137,137,137,137,137,137,137,137,137,137,137,137,137,137,137,137,137,137,137,137,137,137,137,137,137,137,137,137,137,137,137,137,137,137,137,137,137,137,137,137,137,137,137,137,137,137,137,137,137,137,137,137,137,137,137
2385950.000000,2387982.000000,389,389,389,389,389,389,389,389,389,389,389,389,389,389,389,389,389,389,389,389,389,389,389,389,389,389,389,389,389,389,389,389,389,389,389,389,389,389,389,389,389,389,389,389,389,389,389,389,389,389,389,389,389,389,389,389,389,389,389,389,389,389,389,389,376,376,376,376,376,376,376,376,376,376,376,376,376,376,392,360,381,381,381,381,381,381,381,381,371,371,371,371,387,355,371,371,367,367,367,367,351,383,367,367,367,367,367,367,367,367,367,367,367,367,367,367,367,367,351,383,367,367,367,367,367,367,367,367
2387998.000000,2390030.000000,369,369,369,369,369,369,369,369,369,369,369,369,369,369,369,369,369,369,369,369,369,369,369,369,369,369,369,369,385,353,369,369,369,369,369,369,369,369,369,369,369,369,369,369,369,369,369,369,369,369,369,369,369,369,369,369,369,369,369,369,369,369,385,353,377,377,377,377,377,377,377,377,377,377,377,377,377,377,377,377,377,377,377,377,377,377,377,377,377,377,377,377,377,377,377,377,377,377,377,377,377,377,377,377,377,377,377,377,377,377,377,377,377,377,377,377,377,377,377,377,377,377,377,377,377,377,377,377
2390046.000000,2392078.000000,375,375,375,375,375,375,375,375,375,375,375,375,375,375,375,375,375,375,375,375,375,375,375,375,359,391,375,375,375,375,391,359,375,375,375,375,375,375,375,375,375,375,359,391,375,375,375,375,375,375,375,375,375,375,375,375,375,375,375,375,375,375,375,375,375,375,375,375,375,375,375,375,375,375,375,375,375,375,375,375,375,375,375,375,375,375,375,375,375,375,375,375,375,375,375,375,375,375,375,375,375,375,375,375,375,375,375,375,375,375,375,375,375,375,375,375,375,375,375,375,375,375,375,375,375,375,375,375
2392094.000000,2394126.000000,376,376,376,376,376,376,376,376,360,392,376,376,376,376,376,376,376,376,376,376,376,376,376,376,376,376,376,376,376,376,376,376,376,376,376,376,376,376,392,360,376,376,376,376,360,392,376,376,376,376,376,376,376,376,376,376,376,376,376,376,360,392,376,376,376,376,376,376,376,376,392,360,376,376,376,376,376,376,376,376,376,376,392,360,392,360,376,376,376,376,376,376,376,376,376,376,376,376,376,376,376,376,376,376,376,376,376,376,376,376,376,376,376,376,376,376,376,376,376,376,376,376,376,376,376,376,376,376
2394142.000000,2396174.000000,368,368,368,368,384,352,368,368,368,368,368,368,352,384,368,368,368,368,368,368,360,360,376,376,368,368,368,368,368,368,368,368,368,368,368,368,368,368,384,352,368,368,368,368,368,368,368,368,368,368,368,368,368,368,368,368,368,368,368,368,368,368,368,368,371,371,371,371,371,371,371,371,371,371,371,371,371,371,371,371,371,371,371,371,371,371,371,371,371,371,371,371,371,371,371,371,371,371,371,371,371,371,371,371,387,355,371,371,371,371,371,371,371,371,371,371,371,371,371,371,379,379,363,363,371,371,371,371
2398238.000000,2400270.000000,374,374,374,374,374,374,374,374,366,366,398,366,374,374,374,374,374,374,374,374,374,374,374,374,374,374,374,374,374,374,374,374,374,374,374,374,374,374,374,374,374,374,374,374,374,374,374,374,374,374,374,374,374,374,374,374,374,374,374,374,374,374,374,374,374,374,374,374,374,374,374,374,374,374,374,374,374,374,374,374,374,374,374,374,374,374,374,374,374,374,374,374,374,374,374,374,374,374,374,374,374,374,374,374,374,374,374,374,390,358,374,374,374,374,374,374,374,374,374,374,374,374,374,374,374,374,374,374
2402334.000000,2404366.000000,375,375,375,375,375,375,359,391,359,391,375,375,375,375,375,375,375,375,375,375,375,375,375,375,375,375,375,375,375,375,391,359,375,375,375,375,375,375,375,375,375,375,375,375,375,375,375,375,375,375,375,375,375,375,375,375,375,375,375,375,375,375,375,375,375,375,375,375,375,375,375,375,375,375,375,375,375,375,375,375,375,375,375,375,375,375,375,375,375,375,375,375,375,375,375,375,375,375,375,375,375,375,375,375,375,375,375,375,375,375,375,375,375,375,375,375,375,375,375,375,375,375,375,375,375,375,375,375
2408478.000000,2410510.000000,369,369,353,385,369,369,369,369,369,369,369,369,369,369,369,369,369,369,369,369,369,369,369,369,369,369,369,369,369,369,369,369,369,369,369,369,369,369,369,369,369,369,369,369,369,369,353,385,369,369,369,369,369,369,369,369,369,369,369,369,369,369,369,369,369,369,369,369,353,385,369,369,369,369,369,369,369,369,369,369,369,369,369,369,369,369,369,369,369,369,369,369,369,369,369,369,369,369,369,369,369,369,369,369,369,369,369,369,369,369,369,369,369,369,369,369,369,369,369,369,369,369,369,369,369,369,369,369
