71544890,71548970,134,0,42266,45009,4738,37600,23371,34886,42581,30833,54463,46672,29827,50653,22404,42006
34571,63263,32474,28891,64156,3989,20025,51273,50999,44915,12366,12194,56601,45801,56259,25377
22213,4698,25686,61093,59872,57428,29666,48103,3854,28685,20946,2456,39025,39193,8216,56977
-1
-1
71548986,71553066,141,0,48308,61297,3567,47603,62396,22417,33998,38287,11299,4683,34641,46586,58998,34432
2530,54639,15104,14815,42972,60925,18422,39857,21089,7641,9154,14894,3857,30977,28851,56110
6437,32215,64148,24108,51940,39260,18930,50449,27912,33729,41084,5462,39136,62959,33684,5477
38047,43012,1655,35970,8369,42514,58322,7160,181,61394,1679,6791,23586,13308,28491,28641
14020,17337,21499,42967,27577,40774,46278,20201,41965,61446
71553082,71557162,150,0,31771,59495,29821,49348,27829,17821,64120,16806,52548,18143,55790,6140,52370,1418
27984,56581,31410,61797,39135,40946,27063,57117,57115,15988,44421,6364,30966,18484,42107,61191
37811,43329,34033,32843,36411,20034,29169,46913,8656,62918,25063,19413,19877,16185,30375,3316
28108,13963,39379,19396,32922,7621,11024,16894,20569,21618,46042,11934,15345,34038,23165,39696
34976,31438,15164,2239,9517,30327,40198,24921,15287,63118,14686,37082,3555,51338,14232,27568
44943,23496
71557178,71561258,140,0,61391,28651,44888,42110,10308,34055,45446,19832,11885,7587,3399,17848,435,45953
44315,43338,25427,2286,62880,64714,1498,50547,51441,13234,39864,31792,39388,11725,31748,18793
-1
-1
-1
71561274,71565354,148,0,36532,10755,10624,21476,322,7326,2709,153,11263,50880,29964,65116,27195,2276
24370,23993,63372,28188,56539,46278,4052,31663,46334,56886,45324,8022,65013,62768,2834,50470
21135,36025,36132,26599,35821,56934,677,2169,1985,41341,1086,49952,40728,30913,10975,2987
33001,51844,64815,9039,16414,1064,20719,49716,19567,60198,21107,3156,48286,38711,19273,7633
-1
-1
71565370,71569450,138,0,62159,32521,36901,24857,63564,62560,53696,33348,15438,48294,35978,14739,63078,891
1308,44977,43463,5497,14463,29903,37277,49961,41570,47474,63324,50296,21073,34094,23797,52431
6264,31884,7031,15625,23384,56484,17807,14420,53571,58183,14867,53364,57123,16636,12152,53017
-1
-1
71569466,71573546,135,0,26333,16794,14310,8168,63360,23367,12435,23684,21773,59203,26398,28600,43158,4328
20055,41976,28758,47628,30783,30815,13804,50152,46157,52754,14049,63627,16706,40594,55643,2418
31832,8129,36011,51848,64788,20878,14822,45075,17740,52307,21685,14055,46673,48940,61631,19273
51456,40582,56194,2210,59572,47877,19122,16012,46341,56649,20249,5484,3616,48349,31157,9241
577,47094,403,60160,60121,30914,22555,20341,200,18352
71573562,71577642,131,0,15578,24137,55093,37636,19928,11780,46178,64946,36144,35531,26552,41593,33908,15298
21183,6671,30351,31531,31669,28510,58848,40078,48299,21810,53087,31410,64831,38768,41311,35969
34545,36084,51935,63504,5993,5021,63407,4888,52344,56963,46605,17996,26133,5574,60699,55065
29104,12416,13369,46389,44886,2275,61015,44951,63935,50523,50754,7210,60418,47601,53410,33681
45435,58365,36622,60841,738,62332,37118,25007,58076,42991
71577658,71581738,128,0,29613,7560,24538,39326,24846,57738,24941,61218,48835,59188,19585,35259,26692,49576
5071,61303,34072,38262,24588,49795,60566,61305,24387,46194,10187,62941,44520,61360,63451,19529
50355,23344,25133,30621,10787,33488,10694,33734,35967,9926,63672,17240,42138,24107,46407,37627
-1
-1
71581754,71585834,138,0,42871,4062,3345,24479,27996,10324,50939,23490,38874,62887,54591,10560,3363,25797
43107,31023,32094,33055,46756,20422,64691,57098,10792,43630,1924,14424,63497,61164,30687,6818
5113,55074,36303,20483,16986,57324,18603,61342,36867,59664,11839,52423,64011,3507,19476,22639
15849,9143,30552,36944,62473,38291,60308,34889,41578,15582,45962,9806,29116,63532,48509,58574
35627,52103,52787,30085,44187,26164,7134,32429,2809,47943
71585850,71589930,132,0,54243,59353,64848,20044,3315,2539,54332,51391,31740,49885,54477,10583,6256,61757
26950,37123,225,21887,45920,24234,6151,36160,3771,54096,5575,18781,8410,9160,21744,53308
31430,39888,27437,34993,18743,20507,65220,14213,53742,26629,46085,30246,12213,6164,35312,60896
59174,12183,59801,30772,50250,2925,13317,30794,13775,63132,37995,58670,22096,54202,48716,10127
30716,48274,24928,36851,57485,5638,26551,33552,18079,36256
71589946,71594026,139,0,37980,53404,40274,34398,38523,12099,21967,27886,15831,6519,27517,4508,16559,4537
23788,21114,50586,49116,15708,13246,57765,62219,18925,18285,57604,5613,56025,61690,14902,33018
-1
-1
-1
71594042,71598122,149,0,23000,13251,23536,7601,35184,28813,50160,24400,63459,22773,44220,26593,64350,59414
15505,6287,58621,59982,3711,56532,30975,59280,45726,27084,51989,64664,29964,34400,50306,4942
30267,22475,21723,1168,82,31410,9631,16589,29279,57969,57967,55935,38217,18672,23445,9258
42335,23650,50063,31385,30292,42946,52340,54751,49805,64436,61429,47526,40140,25579,58599,19330
-1
-1
71598138,71602218,144,0,53396,7817,24755,54839,47479,11147,7497,5254,54304,55945,59743,15667,54594,21541
27278,21859,7814,64347,3159,39869,35593,35622,4293,36568,12463,31647,57462,32957,20100,27443
11357,22887,57710,61335,62598,41562,21683,43833,37762,46698,42913,32470,46038,62667,15950,7192
21641,55348,63212,62357,43791,55637,34686,57091,56327,20176,10370,42951,2993,3814,39126,15692
59317,4144,10873,44776,21916,13703,26343,64134,48641,43408
71602234,71606314,140,0,32844,48132,56821,49941,23038,51792,57072,15625,27057,44558,50388,9008,7419,39185
14674,4770,35357,7299,33220,6487,64269,25727,34052,39100,8352,61702,18908,39764,5764,4386
32230,37732,56341,6065,26134,28285,11723,23295,38159,54842,57377,21202,42115,33847,4592,28818
-1
-1
71606330,71610410,135,0,3658,55971,29664,46962,39633,35817,31436,37298,39200,48247,40846,6082,32756,56737
30942,48905,43706,16655,35779,31183,22336,6502,14161,1399,65204,63429,47430,10336,827,44370
51477,16024,33598,57855,43022,28806,57592,21008,35010,11069,29408,37891,28712,31989,3406,49319
44717,50227,205,60457,60191,27304,20228,19790,23815,41983,19485,25302,39502,23936,25464,33812
45068,13699,34321,33565,10849,63374,25539,8191,65486,7911
71610426,71614506,139,0,26549,61147,21691,11887,17262,32181,13013,23184,3090,17652,41340,51507,41903,43351
36960,60500,40526,8887,52946,33585,13285,25433,7034,5733,62841,17814,36075,38103,11838,39735
28972,6182,47338,53596,34519,53525,39587,6391,49967,28956,37531,51581,63326,27600,8499,39616
4806,16323,48439,28751,45706,46745,59928,35391,41387,58927,48194,30230,11976,49877,65282,10473
53873,62041,10305,41573,140,41437,8366,16950,53804,5912
71614522,71618602,136,0,22063,28057,57479,30747,53349,8060,11514,48177,16616,5205,19132,52239,26690,15838
35209,6566,9111,20494,36084,30260,39538,50013,24028,37852,26353,46880,60879,33200,36598,3291
56226,36992,24921,21294,39938,60611,4050,48459,31602,63625,24783,48439,54989,14873,1999,22383
42207,23424,25751,3836,19846,1797,59456,17769,7968,8138,31840,43257,50225,39273,7143,59913
44877,3335,29545,25224,1127,63222,47443,8326,65131,37056
71618618,71622698,134,0,27114,47508,23179,48822,13536,14404,35064,39347,29725,35881,37346,52946,33817,48440
13599,45965,8842,45575,33425,48364,6954,65499,7040,42704,9905,5869,3531,57614,42607,46222
18696,9835,48918,31213,50743,23569,13203,18723,16863,51581,9936,31957,46580,31088,12514,64251
25750,51589,5151,51679,11857,12609,6147,48983,4943,48356,45405,61090,44037,31806,5748,9958
-1
71622714,71626794,141,0,50666,17991,63655,8980,1377,16919,55206,47454,34835,62921,28132,10281,18363,65152
54575,6412,39059,23726,3251,27343,11333,23313,7650,10560,13980,27631,36717,14694,32755,55495
21066,54858,46468,31364,43580,21449,19522,18472,34471,64405,43582,24475,58812,27146,4525,53371
-1
-1
71626810,71630890,141,0,2475,13783,291,53789,63671,2580,32134,7299,28641,46482,2038,43980,9674,63969
30238,37041,40379,38708,46347,18944,57897,53836,63395,45759,18110,22088,2147,19993,13018,38128
2803,51159,6765,48686,24913,61706,34334,17720,46825,61408,34067,22442,45398,6191,46241,29357
41846,4786,56837,3194,44205,54956,12661,34622,13165,29545,6400,27442,45308,12359,4769,48415
31283,2958,42203,3910,25580,46455,5529,46458,61875,13024
71630906,71634986,132,0,12393,10379,15552,58386,17137,58197,18673,13533,2230,57880,17075,29975,52985,41238
38173,43589,19349,21,53318,41273,9377,9049,19127,59602,18222,3456,41263,9046,43832,7183
17763,45033,19892,37060,6052,47579,43316,40000,33557,55823,62459,63647,13518,44069,26473,51027
48453,58895,59727,26328,22181,51045,63284,38188,43225,21385,61292,9279,224,18288,30351,31880
28929,46082,63958,40820,55973,50926,38931,14799,54736,23702
71635002,71639082,138,0,36938,19075,26111,399,39345,16115,455,27477,24992,24160,62051,29749,33356,37854
28516,40265,61608,64502,63264,60929,8601,7112,22955,26564,41159,2284,60425,62411,44964,31345
62148,3209,30872,12972,65497,43739,13031,34549,17241,22043,33378,23580,9093,32079,51691,61299
27448,65077,38852,25224,58810,65038,47531,45134,59052,15232,27582,62676,2399,58990,31616,4523
40754,42172,15295,37965,18838,30111,28261,20648,6372,42180
71639098,71643178,131,0,15578,24137,55093,37636,19928,11780,46178,64946,3227,54913,28076,9563,7255,43115
40218,6874,29369,35860,8449,3235,47982,31248,6339,63634,1268,38164,35017,38135,62403,62870
13967,57594,19249,3546,54679,10790,45492,48862,55870,18795,3893,34855,23693,44691,22158,8157
-1
-1
71643194,71647274,142,0,1431,10880,14245,13135,36332,53741,17068,48975,53280,329,8675,21071,39796,50972
27703,11777,55512,40689,34340,33437,49769,22078,21940,62321,52550,30824,52001,10345,15924,22966
840,20271,11511,25476,16280,60045,56489,44578,41725,14227,32399,46014,6989,40521,47943,65201
25181,41552,32934,11228,6445,4686,34654,56555,32273,40370,45682,14003,48258,51843,49756,8645
11898,9151,31565,14004,34212,39067,27994,40200,48790,8428
71647290,71651370,145,0,9987,1942,8396,49519,32744,22667,2061,30628,29574,35877,40352,26228,32496,64206
10159,8519,41477,6511,59034,24525,13402,19075,22615,16290,53082,60754,59976,56975,42252,64365
27354,60644,45386,40909,20161,49161,34934,27701,32472,50304,33202,30843,29938,59257,38340,525
-1
-1
-1
71651386,71655466,134,0,54601,13130,16970,1321,52839,31071,32752,21258,21121,37803,5076,12909,51436,51693
44284,49112,59267,45534,37825,2269,177,30427,6809,17215,41529,15395,17212,17343,1867,43765
25807,27397,22554,48169,19953,29400,47302,28122,8723,56296,51326,34920,1054,37769,21242,37723
-1
-1
71655482,71659562,131,0,7162,55623,56119,23712,33706,35131,28543,24375,41543,48653,48663,21848,2105,584
42876,49495,16373,43558,22505,12136,34972,41478,24185,16286,11078,36320,29951,65045,64314,13689
33060,18183,26397,32129,22715,17997,58136,60500,8053,50129,14859,5226,62775,31856,27939,56607
48530,34264,60425,28148,39682,3191,47662,55616,57943,46791,5047,16663,14120,7271,2406,40997
53391,24790,50404,45438,29506,26877,11111,50044,58377,63249
71659578,71663658,124,0,31157,21305,41571,37243,32518,8262,8391,24137,36264,39994,35098,43025,45898,345
59169,20707,44839,4423,64766,9526,64076,437,27942,65097,46710,63685,37728,19223,40409,47076
33531,21567,49041,28061,45388,11755,12466,24266,6804,16005,46436,11389,5896,47139,7032,29048
32059,45095,5026,60907,57920,39234,37625,55787,61790,10657,3310,61152,18499,53261,27944,25536
17502,12932
71663674,71667754,209,0,43048,14360,65235,56260,59666,51748,25147,55218,7903,1655,36650,30220,55584,51294
14879,24723,24292,18250,55663,25712,32530,61620,43290,5203,30092,816,51135,53381,54768,8002
53125,18402,62421,19559,55661,62391,8149,41822,58831,2043,32919,40040,38460,11241,42651,32693
30191,37751,38306,26168,42803,21738,62225,54665,63881,11207,13975,35307,12258,14159,30424,33066
34322,12531,8865,43414,7290,14363,50216,63577,44817,38716,62731,40299,16160,55466,40943,38610
10663,2419,38320,10050,19379,24285,34928,7896,738,11960,37939,6241,11013,16235,41599,32205
60283,62116,47210,11469,18139,2995,52537,53264,12866,58406,5106,36054,25769,9614,43240,27597
-1
71667770,71671850,136,0,16483,32167,34191,49639,14346,32825,57912,52870,22650,28074,4365,58586,65499,59304
8029,64866,21304,10405,18236,28173,9408,54301,52098,54255,8382,48216,42931,33879,35843,3032
54846,13723,2710,43424,13957,50803,17732,63022,50288,3875,16073,12846,20325,30715,19014,27802
37613,55997,17375,46876,16108,43206,9500,34808,41280,49180,40261,23146,4971,43109,63758,4726
25545,11105,9321,48890,65239,52467,49126,32139,34089,25406
71671866,71675946,149,0,20598,617,58243,27897,48527,55607,57630,47914,18948,27096,21445,59911,9658,38060
42554,23053,985,19806,7950,8172,23594,2856,10232,44116,13192,61200,22525,59460,61651,62206
40622,5479,34742,8525,15973,33901,59252,38533,36665,63052,32848,49158,28606,64525,45746,21765
23802,18568,47691,48791,426,36231,10504,64554,44809,18523,3960,54761,45121,32338,20989,34759
35656,41249,26919,58858,43543,18757,36696,64226,49469,61774,10054,40815,54988,46682,25682,18545
-1
71675962,71680042,146,0,32805,41702,51127,31239,13826,64220,17223,41061,63424,27680,31293,8565,7395,38789
41696,2824,56398,2241,52271,10956,13210,64456,4145,39705,8495,17397,62946,40337,34825,28763
54347,25612,29323,20698,11554,12482,57202,46058,48954,5409,25444,12176,17349,51065,39670,57347
61568,30088,41346,21794,48371,61490,20478,11534,13659,14205,25032,34319,16608,1265,37843,30198
7275,16368,36000,62078,42763,64920,6640,62482,3850,49052,12751,20737,1006,60262,56358,24372
6653,34805
71680058,71684138,137,0,33083,21462,51921,32750,49891,35651,34541,40212,51032,49852,18510,28173,26937,38154
41048,15901,14855,30479,42996,33841,57992,50312,57059,6813,43769,32296,20441,15605,8981,39580
26059,47331,36930,11985,53996,42958,26124,16392,42237,1091,20523,11845,11431,45283,18709,55691
217,58822,588,7911,64829,23509,42312,64336,52959,47678,26323,44833,35920,3133,45068,43360
-1
71684154,71688234,150,0,18518,49464,56313,13999,9580,4322,56517,48855,14853,55693,35508,55822,2579,5590
64388,21498,27368,41508,16876,43695,36238,51551,21421,56928,28116,14859,30436,8069,48846,56068
33436,57485,35131,41494,39658,31208,7480,61264,46438,57988,17012,36152,44962,29975,12537,28834
22974,47188,15525,1576,56602,2531,25576,52000,21331,63062,14283,44170,2869,50204,42837,6448
753,55463,51040,64604,5949,47037,32930,9212,61967,53161,7241,17132,27078,30661,16698,33572
5625,3644
71688250,71692330,136,0,63569,54941,30576,19812,10935,10649,24144,16295,18172,9540,50145,21208,2012,40321
27534,1550,63632,63276,25080,46833,49997,64334,19712,41684,876,29059,19815,22582,39454,52527
-1
-1
-1
71692346,71696426,154,0,55100,25189,14847,59894,51696,9503,16015,47426,22469,45902,35669,56436,64233,62278
-1
-1
-1
-1
-1
71696442,71700522,132,0,4815,60286,63407,4625,56141,10452,54247,30375,19927,9754,46204,35928,21397,29769
39692,27512,1647,20510,58977,60982,30905,64569,37585,47699,5642,6822,61631,57265,4136,20699
45214,13491,74,61849,46168,26020,18436,41887,46881,8409,16059,28503,62791,47772,37356,9765
-1
-1
71700538,71704618,126,0,8880,9085,63169,28199,54304,63696,37170,64522,35071,56823,59382,31203,12494,17371
33121,60700,12623,5156,63132,26316,53280,44735,37149,38362,26084,41914,4523,19981,59256,36635
61346,35837,32716,63503,48178,26503,46668,49599,669,41686,17434,30121,1615,8960,27520,21578
34353,25938,29260,41090,28111,54317,6534,40371,32285,46657,26795,59529,22947,45663,60348,39087
43889,56669
71704634,71708714,144,0,57261,3532,15348,11232,10265,43342,46969,13274,47784,41705,50703,41575,35168,8384
27345,28118,9634,58342,45992,14469,23412,7387,56057,20003,4711,27025,25876,25909,62589,13417
61199,49228,39132,1299,4830,45297,26191,57116,55120,1352,28883,861,51362,58773,3370,34759
31140,41641,41065,17344,57640,4247,59285,57677,16144,7171,52905,26930,11492,9567,25935,63707
481,52054,46779,14486,51790,38935,49037,64511,30826,34455
71708730,71712810,118,0,38390,50567,65052,7036,21471,42739,1544,58090,16566,2289,39705,49481,21784,12192
47113,53909,34883,13420,4721,689,17096,10582,59053,46431,50823,14462,10023,42776,39682,47786
43096,30861,23824,33189,65235,36533,58945,21789,33050,64276,48986,24112,24493,35366,16232,49578
48317,36295,19174,60303,1370,28460,30743,958,10558,11292,61724,38598,25640,49160,18211,60160
51086,14284
71712826,71716906,152,0,53166,50245,36304,42266,41008,51258,8625,28262,15775,29758,59709,36140,1965,63582
-1
-1
-1
-1
-1
71716922,71721002,150,0,20071,61575,37846,63421,28100,64302,51354,977,18970,37931,5742,1300,33659,32434
11085,15222,5122,14941,53283,63972,9969,764,51720,42223,35521,63021,4053,49583,16567,54375
17630,10741,5583,35209,30588,21361,36138,37087,59449,64219,21263,42347,13343,20685,47716,9427
51852,43344,12608,58255,49914,57350,32290,20418,59872,54967,43786,49449,18996,52601,65142,60674
30925,15657,21626,6152,1397,7064,3154,1394,20124,33317,38993,32603,15790,18993,40027,16165
44718,52834
71721018,71725098,106,0,22764,8900,57395,38931,18678,44816,26299,36751,23160,20914,54278,37302,20598,28212
7947,9205,16769,3037,57609,27288,58865,576,49053,31428,37564,54537,3423,47053,63607,29529
26587,64461,54518,28870,38510,35530,57409,32195,14334,27374,34878,40280,25843,29399,38558,8551
10189,35575,30665,26268,58419,31525,50573,24295,6709,2658
71725114,71729194,182,0,47841,16082,61440,37526,40313,7416,20059,31266,22491,34997,1086,49157,19092,36065
45303,31799,64975,180,2887,14060,6726,40609,48432,32183,61515,50493,49098,56288,63234,43720
31622,8734,6086,61141,16234,6160,35787,40625,45960,34975,29147,22551,64769,55892,15578,3228
52774,57476,56635,56017,9087,1072,53086,4410,55374,51587,38891,51108,31072,37738,9620,63590
12101,45598,37226,12774,55903,11773,22859,10626,5122,60348,18324,15431,40041,23723,26454,20885
-1
-1
71729210,71733290,184,0,51788,30190,3759,48270,15077,5444,38177,44925,14715,3814,24955,814,14263,42720
6276,44766,39959,6781,47899,28425,51806,35988,2358,24114,9035,27775,17018,9191,2041,28422
-1
-1
-1
-1
-1
71733306,71737386,162,0,21187,59891,47497,30310,57089,36010,16141,13053,20826,53011,51255,23883,44127,8586
26048,55125,38387,10940,51723,8340,8405,20446,47168,669,10617,32806,5616,63050,53240,33824
58238,35985,60154,39228,53226,32629,13223,13832,46722,41310,60355,32836,63809,62534,21696,14878
19036,5642,32086,18320,2808,5194,17826,46590,51210,21600,41340,40079,12736,63676,40487,402
2710,37519,44092,38387,6029,39363,16490,20913,47626,25928,15043,6634,45450,63929,32507,60369
29790,31654,43984,55074,20355,26290,24791,22582,47070,49818
71737402,71741482,131,0,15024,21299,19213,21075,6429,27242,49864,14599,23603,48792,38825,59413,62645,34399
63635,52391,62505,64812,64286,38450,29895,1678,49116,60554,39150,7095,28085,15467,50717,62174
47964,53142,47762,44088,13738,41878,3261,18545,11809,52889,24534,49770,52604,30864,11500,4441
48442,15481,10902,61517,45560,43169,27957,16244,49894,64276,28307,31102,7460,22683,4422,37740
-1
71741498,71745578,138,0,58168,42475,56814,10017,62432,34795,23738,19341,65519,9125,51169,50520,56390,13695
62553,48492,11986,47216,60275,24419,8322,7681,23057,28714,50184,34709,58754,59310,8672,28087
31816,4349,43781,48707,36277,40460,34352,42380,38280,4795,17436,58180,32815,7988,48260,51057
36849,33094,16150,21537,53042,30220,30949,61453,39408,11987,1802,48190,57441,26437,5950,2344
51017,28682,19259,36948,10078,53117,38497,34258,31887,38579
71745594,71749674,139,0,3023,2355,39023,63155,29161,21014,45704,55424,43391,31324,20099,36692,50160,52952
59015,43732,16881,10493,14575,30076,60339,13553,53066,39301,57571,54817,41072,34234,8759,50299
57067,33201,41782,19159,22934,51382,3249,33328,30513,11188,36231,4998,26857,50054,63943,14487
10708,39773,30978,15332,54494,13644,30726,27746,29460,724,23113,64378,24853,7065,5263,17261
13024,44506,46473,4090,32152,18602,490,11307,38717,8996
71749690,71753770,125,0,23235,16478,12297,63403,24350,63318,58116,44969,37787,30580,50256,13960,32097,9661
51333,30268,9335,39350,43728,57269,36414,24056,36388,1779,23,28941,57122,35704,42919,53702
28426,40580,46859,16987,11563,3990,23585,4907,64513,5910,20049,16410,22403,47816,8420,8169
16720,41752,54626,63668,5701,38390,8530,60375,51133,39678,13770,6967,56166,21517,24041,34446
-1
71753786,71757866,139,0,40705,49637,12139,12405,29987,58948,43217,6720,10162,1131,43540,51378,40899,6839
55554,60149,11172,14062,62815,27520,24606,53030,22329,62246,47478,1809,41689,26282,16093,13475
34340,45055,50305,44752,31205,26102,41847,886,9862,43688,50109,24464,57260,37144,50234,62408
38102,9578,19016,47332,15370,30480,46212,25362,39665,27400,43430,11625,37480,11874,45804,45001
35137,31543,57607,12584,34006,6907,61014,22234,29733,39270
71757882,71761962,124,0,42353,35517,56047,64510,14978,5241,1449,379,10370,53573,34577,2588,49317,14222
-1
-1
-1
-1
71761978,71766058,144,0,34418,18847,39388,28006,37616,32096,65487,26037,60912,12080,23879,32104,15153,65243
16250,23267,4994,8495,24671,30455,43111,40904,59123,65019,7654,27007,35449,54704,21239,47978
54636,49002,54031,58923,44404,41004,13625,62843,64067,22690,24342,61419,52552,38769,63374,57300
59809,64857,32363,8743,38922,48899,53202,12010,54693,33280,12835,48134,51868,30509,44055,22775
45789,4972,62524,27603,13663,62598,18497,40790,41263,57986
71766074,71770154,127,0,28835,22031,26531,19075,5507,61407,52502,28039,24084,28369,42056,29295,12939,33978
27627,28250,35094,44638,42113,20972,31072,11053,41551,24636,30692,54205,43870,36405,13363,61842
15723,50506,36200,25621,53738,36038,4478,43890,6873,36112,53729,53376,51261,3485,51904,12015
57229,52601,37351,21130,64171,51465,40469,8635,20436,44729,12726,62043,21010,53028,63383,44711
51281,3232
71770170,71774250,120,0,56197,8436,48630,16083,61089,10359,4075,1475,61592,36339,4674,18981,21583,16211
53159,1622,21105,63791,63285,45352,52481,30821,51234,14752,36814,5073,54303,22608,8589,34119
35681,24895,30049,54724,19253,5715,52778,17144,2500,41740,12823,3602,46853,4546,5543,26196
-1
-1
71774266,71778346,132,0,54847,43063,18948,49095,4753,27029,26378,7851,60562,42886,48217,37092,26105,3693
18876,52760,63620,23852,10920,6249,31825,65483,53826,57355,10156,24681,510,3391,63303,59643
15447,32052,45423,20658,64392,2967,58896,45226,8091,36878,8539,30602,61985,50299,40873,939
53825,43673,41220,33728,39068,58610,3477,35619,14460,4292,18773,43122,22686,23971,57089,49057
-1
71778362,71782442,140,0,42747,150,47697,26542,51728,15308,28261,30909,58677,62552,4801,18900,44484,7078
33772,13466,16889,47815,8786,3266,55471,2470,33105,34749,39492,8892,57618,7576,13692,56474
45406,28239,37259,28001,56567,64530,13262,50106,62278,19652,63779,18705,59408,50731,12145,52973
12845,51175,13524,50196,17212,15900,10852,10085,29769,46988,60695,17866,22650,62312,56525,50717
38531,26774,9070,24075,22443,48898,45750,6367,59191,40920
71782458,71786538,138,0,34372,3481,62076,32339,45635,919,23301,26264,27383,31805,27743,48758,15079,20237
10665,31532,36440,3292,65408,56988,38549,2686,51621,24688,4081,2739,50891,15770,9468,9684
9331,47654,16895,27912,19455,20453,20736,52750,29130,38449,2788,59177,11194,47674,61029,4696
44386,43498,1791,8091,27066,59091,4326,8273,10126,64116,30398,45359,56949,4159,29957,58781
10271,59919,13487,6228,27264,38036,15027,63299,30018,25357
71786554,71790634,141,0,48308,61297,3567,47603,62396,22417,33998,38287,22324,51646,26468,38175,23216,3826
44650,63562,44077,35942,50610,55711,18301,59897,40492,40442,28054,30318,5979,16143,49056,12044
8674,32404,17652,180,64195,27087,49541,59017,39175,31111,65294,38313,47531,61656,28611,5552
6550,35310,52606,63628,1585,38693,54898,57881,3109,49693,62050,33610,58829,35689,18518,33190
21189,1656,52690,37099,11543,16513,5926,4353,10632,62714
71790650,71794730,125,0,1041,49708,28778,4739,151,37473,41942,28371,51386,19491,56463,61643,24224,49235
61497,64554,60804,19969,36415,47554,22297,51087,35600,52676,7402,29728,54637,46957,32529,39225
21011,34462,36620,50100,5311,7378,19791,62290,27993,29760,22975,24693,1921,26219,46297,61737
64973,60679,7002,27649,4244,44885,18039,59649,25952,16435,59630,5685,1814,62017,49687,60828
29482,40270
71794746,71798826,148,0,64833,8110,24450,49565,55666,36376,4728,18017,44838,27168,22381,22981,26357,41821
14565,33612,32020,51216,37472,38029,6128,45869,11988,61271,64256,22051,2667,2119,10090,65052
25627,38801,47216,64961,41528,63515,34050,10772,32885,3640,29900,14931,23908,63390,19842,61244
24288,47159,8367,4513,30407,22748,8109,21074,11634,20571,36979,36605,48666,37706,58192,40404
2680,35094,28662,62298,32216,7367,8944,34260,1879,42692,16686,39670,35041,17111,7596,34405
52091,54028
71798842,71802922,140,0,18115,52939,10619,45489,36179,37897,11709,7185,14015,6996,55709,673,53167,39951
10565,51184,10766,62124,18396,27915,30060,65369,26561,6768,63405,50738,14932,4442,6199,4434
5668,35954,58724,56112,37061,64418,60684,382,18572,37766,18637,52472,20113,43424,50086,48316
37494,43228,4323,20798,55204,58295,17734,24982,14464,15537,5621,41851,56826,47077,38059,30832
2987,57829,10607,60800,17803,43584,58526,12839,45105,42878
71802938,71807018,133,0,628,50741,52972,15794,5004,20135,24297,5921,64035,26905,31771,15054,11286,33323
5009,41993,59283,55767,45728,13052,15189,15700,5661,21445,60550,50828,57362,38139,55687,9465
6293,3328,6805,17927,63344,23061,51487,11480,40644,48684,29195,45680,56586,56769,20444,3225
42729,34302,35709,58826,47785,3099,20276,62930,59052,61752,10750,9203,37476,46373,55288,5503
42114,16147,35474,3271,41334,30682,35527,32472,45592,24866
71807034,71811114,148,0,51757,54760,653,36144,22348,33780,23087,50890,13090,48539,33478,8494,49486,65391
2216,10454,19493,5251,59367,25425,4249,65417,15386,46707,6095,64964,27199,55610,20983,30986
53459,21781,62772,47226,5717,35725,65228,50520,30299,42302,12805,32853,61178,21515,32665,28185
10702,42748,33319,32508,38039,20565,48424,24707,47638,32709,24403,26637,15147,8357,60945,51154
8268,37691,52640,36287,7814,32413,29531,60078,34658,65070,14542,25983,60860,6421,52899,7624
-1
71811130,71815210,157,0,7246,33494,27295,61725,8854,44533,64046,30519,18554,53381,24503,9378,3752,26416
10891,59975,60798,30716,54318,4695,50586,14469,7151,16835,49482,6723,50652,28366,36773,58794
44117,10667,13095,25451,12106,16207,36068,46035,49323,14356,52487,42763,61129,11118,17888,50583
-1
-1
-1
71815226,71819306,142,0,19626,43983,48572,7578,23318,8240,30936,8312,60612,43890,7281,35170,20636,60029
31514,1851,54401,58314,50391,58887,58617,44189,26077,59876,8551,15007,2871,15532,59403,18743
57463,24730,27871,58141,29639,24755,11689,30000,31372,19660,987,58793,20252,31230,58332,3573
-1
-1
71819322,71823402,136,0,15892,40176,37359,17275,26974,52757,9961,36537,10506,6925,27929,52822,40213,51907
-1
-1
-1
-1
71823418,71827498,180,0,37842,46833,14093,39763,47844,41739,58651,47451,54163,36266,17985,54211,38709,35459
7620,30126,20333,54550,18415,65183,65273,34617,50950,52930,63102,7300,4343,1273,24811,61008
25793,30209,21494,47649,38047,35556,16931,36286,15564,24614,24586,37779,63359,46454,44148,40484
41394,49194,3756,64043,47742,28938,47893,42535,38472,65323,52345,30039,9956,48119,2812,28617
49019,51913,58030,6620,31628,16118,63940,48056,1992,51854,56737,36079,1940,6779,17683,48968
12742,41997,30429,52308,7507,62527,48432,13899,60039,16541,59796,29400,4916,45537,43492,13261
18339,62702
71827514,71831594,164,0,23032,5345,18553,42869,6998,58305,52841,25992,7163,51624,65310,34902,51361,21427
1251,8464,45805,2122,46751,23790,4468,36528,55670,65143,19287,46435,21041,48671,16232,53766
11304,27238,10253,10475,64056,40441,42921,18021,6891,49762,49591,24526,44232,59351,50135,14562
-1
-1
-1
71831610,71835690,137,0,56879,11506,57643,59958,5541,51541,21376,10581,47065,34160,43077,1896,57439,53794
49538,34230,23655,30940,18694,41538,13841,51879,44965,49133,55335,1217,46978,40372,39930,17072
-1
-1
-1
71835706,71839786,150,0,44947,14371,11109,57586,8735,38607,43258,12840,61666,42940,29339,11632,29971,9110
47446,25429,7616,28685,14188,40589,11754,2429,51415,62913,23299,41322,42745,40088,30131,6602
330,46409,1920,28715,14090,17681,33065,33601,1580,46487,17185,21892,267,56787,43529,57171
14767,34418,34877,25294,30628,39682,30100,63198,13096,50008,36320,38423,61005,62633,7924,15714
12432,60171,16580,63424,36153,27989,38420,8683,13542,64477,61963,201,49936,54464,58202,42293
31252,14522
71839802,71843882,145,0,51331,19395,17695,44265,60099,38036,6759,17127,22624,6125,56566,39767,22389,49310
94,43624,30398,41332,21187,55595,64467,42781,16599,6926,13757,51126,61711,39852,34517,49258
14309,21577,47449,32126,35184,22971,17533,11396,38596,18758,62637,61794,49085,22717,59414,6708
51154,39770,37502,59715,9680,62123,40552,55050,11276,18199,11101,4163,3012,23211,22816,11282
3249,17873,13100,3101,26887,11253,19969,35319,55817,4569,35579,7139,56229,44444,13975,34637
54306,9843
71843898,71847978,226,0,14537,82,30,56889,34446,15939,30101,42212,3136,32110,43494,34191,42577,38197
28425,2056,55469,55773,30673,41235,10252,7513,17729,4757,38172,19170,61967,17554,9681,59343
13087,30577,51675,35819,30563,6859,41652,65521,61503,53803,19375,9638,22722,62799,46535,35061
24167,64282,34321,53532,8997,11081,20633,3907,19427,51547,44730,52252,42897,32725,26547,34128
9887,36189,12926,23614,43018,29821,10585,25151,51921,45806,46604,6293,4110,61224,17844,44326
30231,616,32510,14548,37583,2233,60275,1831,3960,61216,60876,50708,4893,30319,21065,58649
59748,20713,30195,55822,17433,45638,64036,27226,64696,50563,13880,23212,43116,46050,54092,47798
61040,52978,41414,14139,36743,33371,20335,25217,51361,31192
71847994,71852074,139,0,62198,45284,31096,61773,52122,32510,1882,55780,44186,55548,38119,26848,18983,40957
31972,20506,56950,15782,21292,50449,11023,6754,7681,8747,15494,20583,41989,55870,57289,51564
37392,41027,44539,7062,52815,37908,49505,37664,39589,34495,42845,29026,56835,57942,65477,56927
17124,3033,6267,16172,33037,20400,63176,17158,47310,64712,53309,19873,35319,16281,9128,39861
15378,16456,52890,36148,20632,42509,12792,56868,19394,8929
71852090,71856170,150,0,3437,2866,7278,18246,1258,1594,63877,45516,28757,22208,35840,40590,28977,47425
15496,16849,30562,8307,38384,6119,40397,32211,27749,7837,31799,37815,16874,19366,35280,38280
59354,22862,64189,64337,45433,45668,39878,19065,6867,42733,25267,13363,14358,45999,19676,28475
10940,17710,12553,40911,43830,35506,108,63415,2048,58514,31798,36834,60060,8075,13493,32995
-1
-1
71856186,71860266,136,0,64664,5421,26061,54926,27132,29659,13599,8756,51561,39816,29383,3251,55707,29175
49350,64255,47008,27396,62161,54178,56597,59318,8309,62616,47470,62280,35304,12062,47100,18281
46200,40158,7724,34212,25905,40753,50643,48851,64073,51307,16778,10906,57774,3195,1243,16094
26421,36894,36086,40062,37217,15151,56523,17322,17426,16451,19771,59124,29175,38984,57934,40380
25655,43443,62850,23946,9031,1978,2425,46288,62717,20402
71860282,71864362,136,0,37434,63689,5854,30205,64875,7248,52176,46665,21437,22157,12783,25469,42534,2378
44825,16997,29800,42087,59998,23874,29893,9340,14572,27989,35637,20659,3783,43329,46831,30832
35099,55627,2269,25970,14361,57067,3813,59121,20380,56108,62607,32979,20554,19914,13153,61768
16326,28133,40542,11724,40482,12643,38903,52464,8339,5487,29031,57768,14597,9659,1771,36460
6571,20686,44150,11046,21397,57423,55633,39287,50008,51988
71864378,71868458,138,0,36349,29209,20184,56447,23176,41653,10791,451,52420,62216,1477,24059,61893,36595
15648,50944,35486,1969,31734,55028,50600,8554,11004,41044,10503,10431,37742,46987,58963,29524
9412,58197,41891,35029,14212,21786,52731,29323,810,7527,33022,36657,52664,46242,19630,48179
26142,34547,62046,35525,31483,11904,31085,55988,33852,41856,20309,32193,48107,5345,44583,59305
52105,60794,3571,34735,48151,44265,445,5093,37352,27280
71868474,71872554,143,0,34372,3481,62076,32339,45635,919,23301,26264,54165,20501,46968,29945,33968,28187
-1
-1
-1
-1
71872570,71876650,127,0,61968,14929,50346,22355,36164,13577,34543,21060,63002,55607,55625,61452,55142,2354
11470,56579,63603,11610,26112,37645,17840,37851,42569,51023,30423,34285,35429,38279,3730,44198
35288,60382,24029,30900,14854,8984,8076,47744,882,41542,7385,45847,63305,46902,54385,2715
-1
-1
71876666,71880746,227,0,12422,8311,48987,21036,31867,33342,33482,60100,38155,1362,21714,5108,9916,55366
59648,25004,48169,21780,3709,10023,34305,40721,27593,5085,7556,3303,21082,45484,22086,25039
-1
-1
-1
-1
-1
-1
71880762,71884842,140,0,2900,61959,6803,22458,11848,32340,38878,53370,44321,39289,55206,1588,20174,64255
1929,709,61465,58108,52332,49485,43120,53783,58484,3471,59651,10064,57471,36697,64517,5154
57746,48474,11101,8199,25898,32726,7244,24561,64899,63802,38692,64464,17410,27019,17811,12572
45964,59409,42298,5711,44244,23547,18956,24371,21231,47225,16933,7583,36157,57788,60851,28339
5539,25616,18090,56682,18971,48320,51072,30495,20765,38917
71884858,71888938,137,0,40161,56103,27760,10213,59118,47184,16914,14619,27751,1967,32441,10280,58634,54220
17998,12572,30301,59469,51131,34988,39562,16163,2900,44792,57667,33786,58028,14276,52347,18834
10209,47077,39866,10842,11206,55706,47198,18535,38369,37983,48284,13375,48805,28976,12054,33171
5811,49821,4585,12060,64928,36764,55401,60873,21000,32425,27689,46645,60477,63774,23726,17277
41691,24989,8,58118,12726,59398,23088,25838,50951,24767
71888954,71893034,131,0,37491,37592,53879,50213,55574,47024,41484,44448,41520,38388,11900,57949,28764,38378
27661,26258,18955,2409,53144,62021,9413,17253,62327,1807,25677,60629,55718,56850,37213,34565
46198,48183,35285,14509,29102,27418,55325,13102,41009,51274,58833,13427,296,57453,15466,59018
44162,1304,36464,167,38916,6882,60021,64404,44468,35995,29686,18922,27688,5657,20063,60078
23141,61483,22113,20070,24816,34331,39302,6020,5857,3930
71893050,71897130,143,0,12751,3279,43229,14636,58730,39403,48032,31218,13363,21322,7461,4594,58529,35234
52935,43527,5786,33394,33636,31400,54170,37125,39157,10285,43062,33874,29398,13367,7909,8761
15136,64891,47430,30026,41189,55868,41207,21348,10458,11981,55075,22109,19758,53284,43165,32035
-1
-1
71897146,71901226,139,0,2048,44550,27920,35395,30179,7256,16485,23358,51959,28866,46257,36220,63519,26209
40118,16173,2694,2587,28578,53797,40367,19493,63984,46632,50769,28635,13450,2354,29680,11074
-1
-1
-1
71901242,71905322,147,0,48308,61297,3567,47603,62396,22417,33998,38287,56593,10996,15150,54264,57315,51641
27447,47078,42365,45951,20347,51322,25471,21776,51339,44927,7447,50899,31768,55216,12292,18681
42012,16495,59061,41923,47790,5716,56954,6293,25135,30923,61446,50179,57245,30165,38666,4119
28774,21563,63217,26065,58629,63135,5598,21700,58608,58119,48153,10048,49846,8301,1333,13972
38570,37151,46402,13211,15659,61977,35211,60513,41340,25466,36143,50293,4025,14486,36611,51153
44698,54914
71905338,71909418,142,0,46857,23019,58972,53183,61904,24435,44451,43057,12139,22341,12636,65447,56819,33030
1825,7652,61801,12258,43710,41502,1142,37174,3269,14416,29633,30903,49509,42653,56695,64817
63776,16596,47188,6631,3344,22313,16268,34536,46305,3027,45042,24623,29956,45463,50260,3260
6193,2386,32481,22043,34688,62471,58351,8798,26289,4186,31156,64660,64967,46149,18813,28114
24668,22954,57277,4465,24951,46701,21351,31679,39871,31293
71909434,71913514,136,0,8435,57640,50921,61873,47408,34448,32162,60280,101,56209,9695,59195,13313,43874
34789,63561,30145,47423,14789,19301,2644,892,53295,4013,57072,35959,56177,7152,30138,38430
29933,49035,29608,48626,8568,13266,18608,60480,6929,33395,1061,54508,37059,16068,2023,17238
29228,33113,57292,45779,43164,53858,4926,7381,8530,47020,1347,28659,58213,30751,63172,17152
41908,62087,44300,30940,19375,9258,54901,287,12641,5812
71913530,71917610,141,0,1366,3591,45972,57165,55112,3745,54306,55975,2432,36245,5861,64624,55751,65024
1845,24929,36403,2340,30437,61902,3157,31617,28180,34275,56251,62724,30494,9282,25697,1084
9041,35792,56771,40142,4917,37280,55485,14564,45778,13921,1477,58523,50172,32782,15970,21842
25857,62583,28931,50418,23048,4681,24204,54936,55247,39735,41078,13472,39247,14923,1745,19710
45944,36954,63489,44844,4654,15606,31299,52021,54328,19362
71917626,71921706,132,0,60028,64528,2968,9023,53048,53721,12,35768,25339,58578,45863,10731,56426,18552
61405,35522,49158,20501,35708,41824,45274,45066,51765,31348,15715,52380,23025,28539,13909,50423
3903,26742,26306,3360,39058,38942,38289,34203,50299,18568,47551,36008,34508,38584,24102,35616
9512,13531,54902,29400,31519,24505,36808,25171,49997,37022,62869,54823,6618,41101,35361,51083
5900,6803,47043,37424,15630,13125,50894,34031,24575,22381
71921722,71925802,133,0,61760,23981,34950,41660,61210,11661,63940,57253,50234,14917,32798,31207,10198,19662
22079,57476,3305,59168,37770,44462,3304,58823,50727,19941,15684,29766,37205,23049,47823,26284
-1
-1
-1
71925818,71929898,175,0,24816,60104,18707,53779,6976,23598,12584,4228,10486,41750,52442,58477,42684,14872
43416,12662,588,945,23308,18182,62422,24126,12305,53988,17744,15393,48617,22159,30286,42693
39514,8869,10883,1888,46743,33109,60946,2259,52199,18003,55073,63043,60682,51998,28608,21025
248,27742,51520,40522,59997,13057,46276,1811,35014,38494,30539,13195,48812,40558,30994,35345
2985,39525,41942,13620,54155,27865,54081,55872,1284,17936,61628,27205,58045,31915,43842,26763
-1
71929914,71933994,172,0,8575,12210,1021,45963,3228,51097,18455,12921,29905,34994,45986,23068,2433,35328
41889,39835,52802,24597,31002,61832,40318,45349,42589,21933,46717,24438,29317,27551,29798,60572
42036,9753,20089,18079,33692,54038,30538,22997,15365,27135,62202,59341,55939,61491,13219,62424
19004,31689,10824,50518,37660,14030,13598,29790,51594,21466,34280,56380,6129,64775,24226,52766
44196,38184,39670,10098,45608,60773,52138,60558,102,24520,44929,24313,24364,63487,63245,35910
-1
71934010,71938090,163,0,21941,59022,58462,7847,25098,14479,50990,13566,14476,55727,24856,23125,29316,14246
15260,9889,21937,42542,34203,61621,56875,51018,40159,6336,44418,62311,211,24103,24475,31966
61740,33342,53894,42835,8111,4132,40620,9738,14832,6027,22553,29650,7588,34564,53097,56346
45374,17856,20356,15600,20261,49847,55335,62353,11991,17541,8884,61502,35182,5212,55104,44245
2515,16959,18845,4759,7851,478,55005,51311,7519,22741,4984,50697,14639,3429,21482,7430
19193,29039,25616,13040,37399,46522,21792,31785,47124,57556
71938106,71942186,144,0,1614,6331,29072,61598,19234,33735,2526,48105,20823,62171,47679,55880,49938,11851
58770,25134,41148,50952,59746,42508,14307,1576,27026,58860,96,43385,34459,62508,48118,23464
306,20404,28879,3812,1102,53230,64350,39108,26280,40603,16612,5775,5363,38525,14734,60705
63832,33854,12851,19086,62984,2708,26007,1114,53569,40641,7630,4416,64808,13829,43066,12773
5944,34095,19785,2408,50402,45810,60099,41218,37739,25368
71942202,71946282,227,0,17867,55312,62853,21870,9097,63384,11852,50971,56208,16603,1536,33972,6665,25848
51089,53973,47236,56444,60687,64097,34165,42044,57113,50139,40067,19148,44064,24211,56822,49112
7030,41373,27843,49890,19002,1199,10633,59254,33940,22123,41252,44082,24351,18523,11454,2747
20506,49987,18103,4210,56349,19784,16961,42488,36980,19467,32853,43384,23040,60809,61246,41079
2582,21812,62180,37866,54155,8388,34906,12725,23064,52769,7200,10174,9845,59488,14030,47913
17653,18717,55665,29778,44556,19119,58682,13367,136,57049,32044,20499,10097,13465,52425,29328
25954,64179,2020,24928,14231,28366,33064,16106,33081,17753,21041,37531,59644,48583,44933,63160
-1
71946298,71950378,156,0,15578,24137,55093,37636,19928,11780,46178,64946,39382,62224,9610,42576,15194,47083
17195,17852,25820,14371,22651,35422,33612,2288,9830,4386,58338,45156,61543,30093,30981,36707
13498,39594,35054,9134,21031,42062,57111,41922,21527,30751,43867,35135,51622,570,46975,61401
55203,45261,59509,19437,34414,46292,21529,34819,59796,52130,63807,23977,12701,22226,13437,35314
31157,60387,29960,43955,64052,62339,47469,57986,36203,35632,36538,32176,44646,6838,12194,10953
14820,44532
71950394,71954474,157,0,24798,31154,50793,64384,40724,42114,17446,37215,4140,8216,47561,36073,16794,35549
51793,62073,45275,59129,1678,41218,1059,42643,46592,63540,34490,20045,28442,48254,29283,16695
46468,63195,60706,64085,28809,64254,37203,61216,36162,50637,57560,57665,49879,5609,44451,44572
35866,15082,64988,59407,3290,34252,53640,25703,54812,58547,11538,64344,56075,52643,5979,41750
54795,56418,36917,39651,51769,45823,46727,52705,63165,15941,20488,43032,56595,24254,52868,28660
7290,53913
71954490,71958570,166,0,11050,61544,63075,33342,18419,39883,23415,51035,64734,2755,58007,23775,59530,48756
19832,20759,10324,14358,42192,39315,41666,16256,65074,28750,46935,20076,40321,32526,42681,17927
21035,57461,61865,57098,54894,510,8904,22274,31123,5541,50980,45902,46129,53535,63402,15547
27105,23673,47361,26422,33030,1560,59160,44324,26634,5651,58397,53287,42777,22234,23295,11225
44564,17263,17453,3828,61271,23487,38372,2633,23323,5916,59520,20972,13720,10279,16049,5083
12639,41701,4184,17284,25173,39954,24555,43476,22342,19290
71958586,71962666,164,0,17814,1361,57779,10815,8041,10427,5689,53741,7330,36128,55258,48798,9553,36550
38663,14119,51594,63751,40902,8246,16171,25610,17786,56297,44023,18990,40034,9877,655,44968
23681,6726,7034,63335,26608,13523,39715,53389,49119,15092,8011,26234,36710,49550,61448,16275
10437,53722,1730,56060,32846,18475,56986,26761,1916,4528,50120,4497,45182,2153,37548,47284
20592,778,21350,56539,40907,41978,52732,26439,44546,4023,44736,13948,16514,29114,64200,36220
22967,56199,45747,13732,35888,14045,3095,45694,49540,60663
71962682,71966762,158,0,45820,12671,55944,51636,32048,44563,19417,17105,38013,33173,15947,65530,51881,64672
51137,36846,23168,32960,26019,60635,41375,4214,681,49421,12924,47984,63623,47396,4301,16927
25126,37313,22420,30983,25367,19492,20737,27917,8603,32522,3527,57194,59685,8456,3065,36521
63786,38736,13269,18617,10836,28746,27366,42374,65195,38738,9702,1588,31632,64659,18922,24456
5282,56274,50987,36732,28724,16154,63826,23169,56092,26379,62302,15255,27133,13105,14337,60129
40242,22439
71966778,71970858,133,0,52915,4114,45583,22941,23432,36339,41576,11669,62576,19980,52369,1073,60415,50866
23857,55553,37107,41714,19082,60795,40222,27948,14023,24048,59681,11808,55256,28639,48299,54832
17303,25165,22936,1301,48866,59981,8594,52115,25660,10822,20911,3952,64628,14739,13108,19077
59187,14960,40748,37315,58575,19509,40393,48703,65214,40669,3337,215,26777,45956,54014,59436
45919,4137,3135,50315,24035,56257,15595,62367,12594,13582
71970874,71974954,193,0,44162,53624,1001,29532,47397,29176,54822,1873,3533,10347,32397,3475,52344,52611
27437,50626,28408,9393,55148,52296,43321,834,59117,8614,43591,56170,46589,49868,10975,2495
3668,46876,3181,4461,18499,32241,24420,27628,42729,58612,4747,21659,25427,3582,16411,23614
64075,1565,17919,33881,6076,7702,45221,29429,24883,17296,53737,50380,39387,4039,6298,28006
37093,25947,32785,21508,13643,17710,34808,36573,60061,33211,38840,55933,55298,39045,5449,14245
52810,62744,8083,49558,26718,38874,25606,55426,28901,20959,36829,60871,37312,63563,5203,29706
-1
71974970,71979050,161,0,29613,7560,24538,39326,24846,57738,24941,61218,14000,57120,55744,55636,46653,31075
52511,21036,34251,58472,48438,31774,1652,56373,62423,20517,12196,28529,23214,22402,56548,38837
19301,2480,64642,54882,23199,56604,35006,20511,7471,6879,41615,59493,64110,48944,44786,62222
52062,13134,45054,19395,50517,17296,59340,30488,13519,41582,57728,65127,63936,42413,52385,58663
56376,49718,28408,3343,28467,17291,46256,12936,29766,22471,62016,63445,35575,48405,20850,58631
14191,20479,2883,39935,40708,10009,21908,22205,13121,15303
71979066,71983146,140,0,50923,3751,8883,60702,16103,12134,43925,14153,2690,34647,28569,43447,34874,33888
46949,9842,27231,30758,48699,53405,37233,5360,42760,27803,17313,65239,7382,65226,803,17959
30570,14827,25678,61538,56753,49103,22586,50969,13499,13319,29350,17372,35115,56441,35009,44740
8401,49572,19544,16641,5747,11219,56988,63125,46294,26588,1175,46349,42714,64987,9338,40845
-1
71983162,71987242,136,0,15578,24137,55093,37636,19928,11780,46178,64946,36260,49458,33592,32376,36651,19804
57592,12197,22994,3165,632,26329,1594,24445,32528,55235,11388,62838,42153,51113,15354,43072
42396,32176,51277,61289,62162,19529,45991,54640,58853,39526,42697,49755,1642,9668,24525,2210
63094,63260,36906,1993,54352,349,23582,37619,846,21360,33206,1844,41118,43503,59012,1427
41182,17960,52992,51172,40331,35135,21541,63990,21666,38898
71987258,71991338,141,0,44969,56193,34504,13002,13981,25293,53088,28,4409,52638,10852,33260,39702,40090
14904,50621,10374,25571,59380,55212,21549,24391,56825,21537,60836,24386,52303,47783,40134,52138
33603,59734,48640,40309,59070,25076,44031,50862,34352,33892,4849,56007,10589,25055,32103,38505
22681,17510,18848,58641,33671,31050,22621,13661,22209,14239,14335,51885,60741,48958,41038,34916
28729,59831,57478,62712,22691,2057,21957,7892,32489,27574
71991354,71995434,153,0,2493,4864,10386,25712,6263,30513,32076,56303,33226,17780,45714,12942,18889,52845
12874,5510,215,63101,27689,49331,49173,19744,30520,51524,60316,37182,9833,52468,13079,6787
4024,34802,1639,50360,6467,47700,33983,14232,63989,63554,13158,19446,63846,18633,7043,37188
12174,12236,15687,37143,52021,9354,38701,8684,33538,57184,62500,58690,1543,48189,53897,2123
27364,20287,2063,15965,52170,30648,20675,27871,20203,64451,16063,15490,2097,16472,12436,62619
15205,42655
71995450,71999530,148,0,54399,63692,39879,57846,48280,17062,44414,46593,30971,61915,64214,45872,52118,38919
59204,64866,63602,18723,61640,59442,23920,1017,30878,19311,26388,36121,64062,6084,44126,34285
39750,23734,5255,50228,6039,1502,1406,61394,61602,55425,22939,63142,13367,1974,31339,36211
8063,48836,25165,26670,33491,18408,15810,57821,5727,29009,60228,32132,35406,31622,35058,52333
33145,43992,13596,16799,7476,42915,3555,7685,31868,23238,59496,21923,4452,7728,54686,49150
25736,40236
71999546,72003626,144,0,64800,37345,40428,32404,62879,23040,23808,6861,55142,64573,14527,46675,37675,9284
31272,21964,50731,65255,59984,15025,24006,54959,8262,46266,21010,45703,55881,29676,44021,5126
23629,39411,46338,63292,8670,37987,14016,37087,39298,64070,37875,22697,16941,14299,62330,3413
45164,12594,35360,30778,873,8846,10795,25361,39064,3962,60534,58055,1087,18989,15692,50408
8474,26098,37291,8326,12829,45445,60847,12985,26294,17839
72003642,72007722,144,0,25021,53723,20952,22980,10555,59012,47018,31314,43255,8276,19530,56168,36901,19601
7821,26770,38890,2969,53386,23207,16205,6639,19500,28889,10535,47308,47538,24599,57953,525
52235,48722,39861,7880,52880,2313,50358,30638,3457,38807,48082,16747,59590,64133,1970,44031
7790,9689,21717,53204,41630,7831,31167,23526,7214,14546,63956,13551,46728,12384,21007,4158
27131,49307,47640,50066,63450,28162,37944,19356,24084,15453
72007738,72011818,136,0,63534,19217,63782,40792,477,49915,20456,14049,29808,13132,37832,33478,11724,10169
41603,13859,28995,2408,48791,50731,17438,10308,25031,15091,9742,61609,36147,21669,21179,31801
54545,63159,31165,19293,32473,25879,48590,30264,11997,45480,38337,64597,56865,619,44825,40389
19015,50857,31314,64408,14326,55752,6067,58196,26390,59394,64118,55341,20687,14852,48502,12515
-1
72011834,72015914,134,0,59773,21040,33705,54223,3862,48945,27397,43829,17301,35183,58542,57762,39643,5665
21879,11091,4630,36248,40809,14955,48151,62353,61797,52583,47951,56173,53683,56293,25405,9956
59938,29223,45132,24254,46375,49939,25330,39189,15395,31175,9009,19302,54704,46705,54198,8417
27189,60405,48331,49611,27292,37321,21753,24742,37180,46424,18535,50567,60148,51612,50150,49830
58762,8285,21806,43015,56005,27818,37630,39348,9556,28939
72015930,72020010,152,0,9364,27308,26677,51292,62478,33930,22553,9741,58685,57604,4082,21682,61804,13191
28143,10391,36693,11146,61507,63286,65531,7950,8847,52130,32088,50405,1746,18983,62137,21953
33665,7019,32915,29974,48281,23915,45508,26055,54858,6016,64227,22606,29133,29971,52756,37325
41080,33583,45430,48901,48062,55963,32107,24988,9692,59915,63099,62301,40775,59571,63448,29435
61208,37517,29396,62746,47614,63220,21537,45380,55765,59809,53901,2515,52510,1455,49886,11938
-1
72020026,72024106,155,0,46843,44843,58660,51881,59114,755,47626,47879,61654,20297,4817,35101,28813,56229
7611,26860,32639,45608,33295,33040,51992,10697,37500,47167,12342,22207,2142,52135,59230,43700
61897,54609,10230,22722,23965,1137,58020,61022,37323,46484,62406,49944,21227,58296,33060,28174
53820,525,38600,60790,16821,34942,62077,30512,126,64449,63876,34828,60371,65374,53225,64029
59837,59715,47858,2128,47838,6682,44062,56763,59806,15242,14155,42258,14503,43064,40214,13119
28824,8050
72024122,72028202,144,0,16642,45030,2193,27797,35618,35778,32997,34501,62733,25896,51639,33007,19525,15364
41765,59877,33259,30342,23267,48332,65370,43877,8191,35459,30462,37754,25533,45570,60749,33534
47747,7791,11539,21367,59940,31999,35168,64960,23640,22613,52290,56753,33975,60906,7027,6309
-1
-1
72028218,72032298,122,0,26952,33245,30845,56329,46377,22004,1861,6527,21576,39349,61715,21847,57012,31261
3150,41268,60599,36370,64565,55728,26430,27120,1184,47813,13350,9679,54910,7619,20015,63812
8537,55600,8723,57607,25691,34162,43244,26100,253,28474,14279,35296,47360,56285,2322,1478
30595,77,38738,12883,57089,33583,61534,58270,17588,53747,28754,37536,35470,28914,24550,12392
-1
72032314,72036394,137,0,17644,54159,29585,49476,61090,2286,43834,60512,63507,48055,35130,36673,30711,32852
46766,53275,35428,59901,36784,27112,27562,28690,11311,46084,27672,52331,20223,23160,22029,24425
56036,25363,43190,27876,57826,26781,40169,45352,2547,32530,2088,65425,18672,16204,44388,25320
13540,29150,14500,58639,29437,43268,14299,22222,41072,40700,5354,9931,23436,41700,54919,6876
18061,47076,32094,25396,28603,46051,52234,15588,11900,8773
72036410,72040490,137,0,61991,1706,55685,44198,21592,46418,5892,59225,1362,10279,63462,34991,51143,15106
20827,30992,63420,26740,43317,8187,20009,40569,55426,39921,46793,24176,30922,9703,25978,40504
34070,54048,58598,61549,43360,50,56702,54468,21280,59289,42026,29948,30977,23763,49361,14764
50492,64041,2558,21583,36442,37020,28631,40972,20966,5284,17243,2018,64916,28731,465,15610
-1
72040506,72044586,138,0,63442,65353,46557,12423,32985,55038,2991,32445,14617,13065,41183,18375,38674,44599
45678,19461,10310,41300,1534,21175,5317,35003,15418,43640,44786,36927,58058,18303,45406,7132
16135,7675,33477,10440,13625,17141,35724,30858,28925,55897,19707,11012,33162,58100,28496,49841
-1
-1
72044602,72048682,147,0,52455,46913,54027,36684,1027,54358,19682,16042,53601,50913,62103,42224,30662,25186
4028,56038,38438,13500,6757,32221,31744,20126,33514,22921,32170,6109,3892,15533,38701,11920
15499,53457,54338,970,15171,64945,25514,61161,8403,54873,64658,35775,24909,8836,59208,33268
61941,4044,50847,2128,1213,16468,33428,36223,22803,46416,47087,16211,55536,29139,53685,40076
18207,44586,45197,5949,62049,49354,33947,9380,51326,38855,33782,24102,60409,29794,29759,23063
13179,9307
72048698,72052778,136,0,44999,45739,35988,31462,32137,874,42462,41711,10685,29946,1137,53485,14727,38503
58083,149,2171,51187,9158,32716,44036,17035,47506,21199,38296,4851,26399,252,8187,25
44515,51874,8834,11196,30747,13829,22902,38851,52714,50883,64437,26654,23624,16399,22077,33219
3924,5819,49000,25728,7030,34840,11509,54901,60585,52907,36852,41903,27370,38404,46306,56275
37889,52080,42570,42202,59976,15894,59692,30940,58241,37618
72052794,72056874,238,0,60069,47722,48778,58606,40980,39429,15813,36780,9339,8509,61286,14972,21220,40782
5280,14132,30535,36495,12892,11295,34852,55998,4206,55169,38829,58871,51112,6248,60753,45487
34294,29951,59970,11947,47015,50849,52294,20775,45450,25496,20544,7754,2951,64748,57516,15428
27851,24822,61347,60552,802,33875,22064,5193,26056,27248,60105,22947,34753,40721,16382,24684
61613,1065,44358,6895,43547,59770,9790,26216,38892,28296,5788,35617,18044,9870,56211,62061
-1
-1
-1
72060986,72065066,142,0,28492,50911,20086,55482,27676,8960,57856,43915,29352,15374,55718,3246,15294,49999
36643,53776,24450,15748,60661,64525,4428,46792,19275,5802,61842,49955,36805,15569,28834,41618
57546,17056,20976,54882,13810,37087,3236,47377,18003,61620,3141,10835,60266,60185,59492,2077
32254,56674,45348,39834,48794,8090,11664,15997,11806,16599,56592,63578,13387,4500,42742,27928
5059,63897,6378,59433,36850,27714,5425,5045,2313,45459
72065082,72069162,145,0,60194,528,48465,48213,48718,11992,42172,20931,38419,60521,53111,29977,57303,20019
20360,10071,56148,29883,35831,6267,59033,50783,382,24428,44632,21363,28171,5700,2864,47732
39925,63506,6624,11268,34071,5119,28479,58251,58477,62647,1678,27054,15288,463,50421,32692
24259,11841,41091,23862,62688,61209,65479,62955,60491,26136,27491,10079,52764,7505,19503,43438
5566,34256,42323,4871,41053,63405,21901,1533,32832,47451,41414,14139,36743,33371,20335,25217
51361,31192
72069178,72073258,146,0,36117,18834,11242,64364,49639,7268,9017,50245,21744,48030,60979,20611,42926,52643
23158,55984,36523,2128,55915,44575,35535,10909,65420,11965,64840,56064,64577,44924,10680,64054
25243,63162,35114,33381,13780,57407,6844,23029,26051,26092,36247,29264,63953,5458,11987,11834
49063,59909,19521,30832,11542,62946,63491,8427,13210,48687,58072,34670,32573,43630,480,29157
-1
-1
72073274,72077354,151,0,63698,59900,19840,36439,22927,12464,53517,40873,65390,48859,902,39961,21247,25825
62411,43367,54754,2867,13441,18650,15676,34989,24921,46271,7324,28860,8418,49301,58710,63425
36234,51046,19598,24053,44797,60745,37887,2996,29832,8782,11738,63819,11023,23252,49705,20447
8450,65080,10787,41923,12115,42754,9206,26483,28108,52853,37005,37331,5707,49817,34818,22241
45957,47638,35169,4787,63679,52705,3093,24538,45227,50642,31347,38931,36520,31356,8453,17596
57450,8977
72077370,72081450,135,0,7072,52376,27402,19680,4833,40847,16303,40249,41386,60337,63682,54149,46046,15361
34755,43313,55684,33779,38810,40419,52749,43116,34192,58495,8563,35100,58515,49555,32621,34631
-1
-1
-1
72081466,72085546,131,0,51785,32439,54443,3074,22166,30564,50976,11882,20468,65097,36068,30492,23994,20774
22614,43203,10182,20621,29226,27585,47488,45838,3604,62057,11830,7769,56156,8409,44037,54158
65064,28464,47205,33510,2792,27433,26499,58341,35106,37428,15019,44497,7181,8559,54881,12385
27516,16967,36789,49460,41032,25415,24532,64256,48244,7068,11239,59767,21118,776,1693,37269
52577,7615,2644,3001,785,40343,3327,7102,43663,41261
72085562,72089642,138,0,4308,18059,25307,46877,40363,37405,7720,45134,32143,21566,30994,35264,13594,65297
48528,20936,26218,38985,16819,25122,62057,2414,33581,31205,50070,62010,38091,65021,55434,42708
21567,8858,17300,41719,59615,36213,3357,13477,15106,4845,15856,61268,21830,57196,54801,50710
32624,6706,23270,19681,17710,27752,54771,23249,3382,18037,36587,22977,53048,44496,45907,27219
4877,30015,29295,48080,50685,21261,21243,18744,54709,65241
72089658,72093738,139,0,11911,60041,14563,16322,17474,54678,48405,63301,15596,61573,37678,31395,56993,54264
10741,54788,57931,47017,9690,61835,50141,41732,32119,3339,13157,8648,5904,1564,19749,64328
62646,35927,22391,16454,59304,48698,50579,60957,55859,37401,38297,57764,13517,40460,22326,17062
23360,54730,61363,53059,11509,29335,47451,59515,41837,61626,13855,28051,51866,25609,11456,45382
23611,33101,8628,52282,48676,5807,22105,22183,62929,63314
72093754,72097834,139,0,17548,21479,58216,60559,13532,14677,24947,53618,42152,22149,26201,51707,29465,8762
16661,2293,47953,50690,62492,50943,48634,61831,36642,61499,35777,49772,17627,62552,42265,5536
39430,43201,24519,10997,25257,64735,57477,12071,172,30800,55779,19182,39142,51730,64298,37985
5505,27372,30246,8448,65466,44870,64725,46572,32071,65069,45266,12700,54041,27290,42472,51788
41973,55008,12928,1884,9935,13355,42516,42015,25457,24786
72097850,72101930,135,0,54700,28494,42722,43634,12902,5169,61768,63525,26786,8205,55836,20622,16767,32396
31796,12043,17999,18664,4679,31568,32739,49397,18918,2177,48763,27683,31026,1124,11987,1820
1088,50727,33808,37484,36159,38775,49938,63415,28891,15930,57219,63475,28351,34791,11558,36724
32938,5705,10680,11023,21819,23164,28937,31768,23695,24656,40877,33004,46745,13696,57491,32466
20234,23895,19534,37345,31515,44033,61920,27737,37238,29563
72101946,72106026,142,0,16188,59894,9011,50683,44934,9325,55663,7879,19641,28220,57678,40650,33245,10434
24633,12782,49915,4801,50322,10454,40045,6891,20102,12224,59878,38227,48942,43010,7106,31231
25240,18146,36865,25231,46920,34566,59220,38661,57785,30147,41305,54839,53269,17936,18621,30780
32095,57133,4525,15742,13012,38047,14423,14991,19537,31707,29629,37088,38251,22901,39726,9362
31440,63708,31439,59537,418,38062,25864,43678,49015,15776
72106042,72110122,146,0,52572,57853,34902,63503,64378,23064,23430,54558,61709,41059,37570,3510,54068,57718
25694,10679,19898,5829,15502,21264,6237,45568,3023,50165,56658,36552,61663,58618,24826,10283
28564,39823,42785,29030,57733,21587,59941,26004,797,36627,63615,36608,8896,16244,61828,5573
13243,54852,3794,20110,12671,25381,20463,55748,21773,64255,5874,45804,48785,64497,50324,52827
48604,51639,12647,44121,51558,41463,40364,54676,17110,55956,10775,5836,9384,18721,56479,41958
56646,54646
72110138,72114218,143,0,38546,11094,52266,58449,60928,41845,51241,35820,20856,58627,52313,59052,31372,10050
3256,53622,36773,55329,8203,64717,2013,13368,19860,36352,28658,50117,63147,13716,56031,60734
62952,32737,9444,48680,18127,54416,62708,37155,18924,6177,48878,32852,2612,60449,64018,3903
592,24047,59401,257,33562,23277,23724,49670,35847,29335,32231,31558,54739,18290,38568,54895
26356,39360,490,59096,33155,3234,36350,3595,36835,36044
72114234,72118314,132,0,27114,47508,23179,48822,13536,14404,35064,39347,15632,29768,19947,46070,9752,11493
32396,10852,558,13011,30952,28212,23833,25283,39359,44496,3343,49169,8454,17483,40636,47103
34039,5471,4538,44693,41897,13048,12108,22206,44556,55810,43950,27943,43546,55848,34901,57417
59973,43597,3305,220,39693,44729,22843,16837,48306,56921,63945,40518,37599,815,49288,19244
54070,30600,43041,47754,20832,59450,39890,154,17670,12849
72118330,72122410,147,0,16496,24700,45559,18277,28494,6263,16367,42255,38821,37860,37749,32259,29788,63186
12442,16510,277,46849,54088,34430,30540,23208,53252,13893,19380,55659,63645,62671,19076,32073
48855,3094,1568,16483,5601,18521,37289,51042,21815,56152,24111,18336,40941,37860,58128,27253
49453,42379,57256,6466,43114,52147,12908,5649,32993,15324,6839,36817,12601,34299,41749,23540
18655,51178,26381,55651,63705,43674,62346,41379,57418,57979,17055,54782,56239,40275,10452,33063
32457,37949
72122426,72126506,135,0,11351,32494,55657,1688,15366,15257,34324,37103,53901,51533,686,10952,22391,53800
43512,24048,41551,5750,35951,12730,16767,26791,36782,37815,37972,55346,63829,22800,27047,44369
2403,63627,30150,1994,27034,23167,4204,46442,13123,21588,11664,11193,31970,40598,34484,19604
49834,57362,22489,62228,28471,60965,64485,36276,56027,9776,5930,38430,30214,45138,40602,48399
35949,61135,49877,20457,23530,27631,49831,30699,32886,61649
72126522,72130602,140,0,40521,9680,7106,39861,52864,14119,60816,2362,65010,43098,62255,16113,25385,10186
63675,45288,62605,33025,25386,55802,14019,39311,54972,5473,5570,12853,44118,15384,11081,15354
43442,29866,843,64111,30860,54341,1400,56308,26155,52252,6505,55792,51310,19794,21853,30330
51429,23472,9332,6783,30565,45524,29450,34771,3347,37676,43867,2169,12742,55435,38933,64729
25164,46988,56692,37449,8668,58353,7346,11347,17532,57684
72130618,72134698,126,0,13009,20063,46211,11992,12054,36447,65052,18117,11963,9881,4086,9331,58699,1989
65028,44750,22786,23043,10672,35156,30760,36239,63290,45258,50792,58807,46095,8234,29087,51497
13965,42996,49455,64077,26925,45911,29121,28132,63005,8963,4698,50427,13781,14914,56621,13462
16920,30403,1751,42491,49319,47467,44943,12205,14178,13208,60001,13077,42302,39692,19104,54257
47089,54410
72134714,72138794,139,0,29888,279,25588,54305,11770,9908,25459,34553,51483,27384,31008,60344,23151,903
52860,1060,42683,7291,52009,49747,18310,21930,58093,44820,63908,24669,26322,58657,12241,39345
38166,5963,51892,10275,5736,11793,53177,63995,27862,49845,17440,16322,2731,15068,11866,40753
-1
-1
72142906,72146986,140,0,22839,41047,32932,53527,40200,64380,15517,53947,20076,28883,2946,41589,519,49250
4791,17783,56444,1798,13999,15141,14607,30981,36035,65324,59961,47499,5151,15028,43478,7738
13216,19073,63854,3918,50098,2237,20942,44061,31286,62272,55891,12690,52811,33225,23526,10877
50033,40902,54130,46855,12393,25533,58289,41446,11786,43239,54189,28647,18662,59239,10616,63442
36292,26751,34021,5648,22234,21118,62065,2905,34649,3748
72147002,72151082,133,0,547,34688,64405,33688,46842,16793,54755,33661,50030,17579,49591,58461,2222,38064
58648,51169,55493,15446,21867,48405,55545,30067,60232,48508,20460,58935,49855,53333,29541,17300
5793,45633,28966,37433,29697,38602,49592,41032,63136,12531,35695,60920,33263,5160,34618,12351
55762,34316,62398,28335,8711,14681,59987,45573,51680,14465,62969,3311,21081,38978,13355,9993
64148,832,23611,2661,61246,22487,11398,27145,29838,49618
72151098,72155178,135,0,63360,24162,7847,14602,47027,52343,27790,53190,8139,35601,16686,24974,60002,30362
55433,51372,63331,33985,38420,39456,13594,55829,40295,16891,39475,13627,56394,13408,48563,28681
30710,6586,61551,38800,1885,63212,3819,42438,4855,5072,38430,47789,872,62584,64703,22396
9808,27499,33226,30879,7201,47792,20791,41596,54062,5088,65353,29649,19266,38657,56543,49214
49149,51399,55420,23355,6371,40067,14852,9579,33987,41594
72155194,72159274,145,0,34918,14909,14149,40046,54873,40056,1241,39866,26431,22692,23621,16997,60993,27785
63260,1901,6920,11739,12193,46511,8199,64099,58043,16967,285,8212,11300,14781,3726,15233
41423,62632,60556,56140,4354,29594,62054,62243,50414,8410,10877,5844,46542,34495,43021,2843
15607,9277,13642,37180,17042,10674,44733,60959,44997,8533,14333,49681,11094,60069,8272,38461
63632,29112,3998,30621,1591,5455,18471,38331,30381,36982,35579,7139,56229,44444,13975,34637
54306,9843
72159290,72163370,143,0,57931,9630,8218,60639,52811,50474,51909,49251,4143,1783,34936,21019,45665,35749
1379,65000,6714,105,113,22039,5785,35509,29033,16115,18084,6904,40087,36912,22686,64616
50831,36245,64177,24823,58202,59528,56685,8622,31284,9747,8791,5822,17567,11674,42141,5298
16187,11921,43547,7605,55231,37935,25513,18136,50690,2980,54023,33298,51385,50291,39541,28162
15993,26998,9870,47969,60687,62689,50422,64185,6549,41288
72163386,72167466,141,0,52363,24714,59584,47459,59244,65472,4900,24255,40597,48114,43439,22883,22330,2463
58714,50440,35315,40920,24228,50160,19056,58759,44508,56919,16833,41511,10063,9713,22668,51605
41757,62237,46748,32723,27107,46439,395,45825,3777,53054,14978,1023,49761,26931,51726,55232
28431,24429,24482,50043,43335,28094,31693,56740,29768,29640,35778,60501,18922,8779,17189,601
51818,40424,825,47368,43268,32936,20983,46374,35003,39057
72167482,72171562,137,0,63865,36180,2174,28596,12274,23702,26259,35802,14660,31292,38822,39261,263,57423
16671,14117,26212,61479,40322,64718,61697,59453,62754,11576,34045,28779,1776,9344,28804,41235
61606,49851,63106,31201,38397,36922,42949,19058,36903,8260,19347,30561,19674,18528,8629,62512
22624,41721,49763,8365,59125,54299,50495,30493,10070,41332,62297,42898,49759,50315,40943,40448
-1
72171578,72175658,135,0,18489,54785,38447,29007,64286,17144,40426,8005,56436,21614,25728,44058,33505,14991
34789,21032,64418,5501,48085,16042,36371,26408,53824,47421,45255,8586,18640,37135,42052,5192
8850,48307,15097,62729,53086,3035,14184,24209,32065,44765,39050,35310,27792,17665,38899,32973
49366,56746,57621,56600,58760,47513,21261,3809,28439,18024,47891,27517,38689,10685,54782,54585
56227,63537,9613,38060,42135,60891,17326,2154,53168,35270
72175674,72179754,209,0,36273,10334,37761,9661,29133,20163,40412,59974,42530,27986,65470,29928,18929,30482
31992,15678,53038,14841,47115,36330,53478,61815,3340,50960,17348,5585,15577,21259,26547,62961
4148,311,62718,52630,13904,1133,29376,5776,23471,26802,48998,21358,9755,14231,19690,49171
35340,62899,53335,55603,10179,5760,58398,9760,32176,59656,37229,431,8425,34546,17006,8700
-1
-1
-1
-1
72179770,72183850,140,0,45942,64962,28268,7739,32000,16676,9949,1241,32295,35368,26072,338,6684,4140
55547,26678,13534,48557,20125,40875,14980,63166,33657,21174,62742,29766,6881,20382,36415,37166
34120,50444,53289,42874,34381,14559,52659,43150,42192,39594,28671,12783,23899,26301,12972,49408
51617,18072,47750,14958,14183,49967,8781,58668,49317,29492,42349,1444,49946,14273,8404,5955
453,56629,20351,38422,45739,58169,57755,26725,51747,12155
72183866,72187946,151,0,39458,63113,26954,11158,51183,48273,50958,17195,39618,60665,14919,23296,65080,28782
6704,40405,13495,25718,5439,46084,63622,26291,31788,64977,1635,22545,59153,49140,33228,20714
19361,63739,46910,2351,16820,15634,34412,18394,21811,18152,11145,65197,13936,39240,7521,47801
19290,52416,46714,27424,65237,28984,58605,62078,45411,24819,21895,7110,51856,8750,16298,59881
54100,42966,19919,21696,64050,38084,15540,36756,64919,2650,18385,63389,41061,17387,52709,1158
57993,61681
72187962,72192042,147,0,39944,16864,62448,59536,32040,40530,52210,35624,36928,14112,20538,15779,34592,26975
29062,61103,48413,32706,38207,52757,60504,61326,2061,33541,63379,48249,2317,7881,18116,47873
31201,19600,2310,54254,63745,21043,42477,26763,6036,397,50298,116,35456,20505,14908,52372
-1
-1
-1
72192058,72196138,139,0,63551,5763,48335,21398,53391,8344,20296,54353,11662,61449,22490,13391,43945,13053
8613,57301,34643,31083,4497,14569,9369,31405,36791,14881,6275,42516,17742,15388,17666,43464
29529,22545,64602,33941,34571,52641,54239,45737,45177,47103,9195,32772,43345,43706,48018,65267
-1
-1
72196154,72200234,158,0,28070,45015,20688,45707,1042,60884,48426,15656,36083,44542,15053,3441,4441,32640
16451,15944,60543,12145,50065,22624,62537,34303,53032,64199,25666,58173,62254,43670,46114,3960
63980,45581,24555,37997,17719,53118,53740,54747,34644,17855,35033,64970,28814,33349,23524,1017
-1
-1
-1
72200250,72204330,161,0,49441,6436,6977,33790,29335,34324,42079,17261,46658,14562,19741,39035,51794,36428
51598,53342,64709,51795,22435,32022,17761,4315,16956,7617,293,54096,48357,35908,61639,62388
-1
-1
-1
-1
72204346,72208426,154,0,19707,15871,50144,44062,20726,44671,39618,21535,63321,3794,38677,33482,50811,58210
39647,49319,27300,52582,16292,62323,888,47737,39343,30812,35765,31204,7187,57610,1043,40462
60860,20180,31871,64284,15209,61757,27765,47082,45150,58513,29304,43783,33639,19463,26533,34553
20780,59720,13818,38853,27488,13714,6618,65080,2164,34411,29217,33839,5647,56308,7146,21950
11342,49245,44907,21469,12618,52255,3970,61864,25378,24967,55462,47186,34462,59718,20520,34248
50363,52086
72208442,72212522,131,0,4815,60286,63407,4625,56141,10452,54247,30375,55876,41488,16938,45305,33310,27810
843,7598,31948,59228,46663,39370,55893,9424,63076,3512,19751,42265,24057,38962,6474,1335
-1
-1
-1
72212538,72216618,128,0,60430,53785,43342,34803,18736,56941,28434,55068,23442,23811,41861,26534,38648,44328
19830,5905,52620,28385,62604,29426,50746,5104,62901,35246,39228,31120,55823,45499,25326,42011
13822,51319,15075,54867,52505,35561,3005,55943,37898,16792,60769,18899,12856,29525,26824,48290
20780,55420,24469,64482,12701,52195,32813,58927,22973,58905,4069,45127,45608,55575,56260,13442
24979,11742
72216634,72220714,117,0,17984,8957,44434,18504,40607,9650,3023,45034,14713,8138,10899,62605,24907,57353
39647,46426,46040,30168,57552,26887,14476,803,38230,3423,26082,37780,45683,59546,22740,344
34816,20174,52196,55150,27305,31628,23020,28654,35615,57699,9676,55127,4310,18287,6578,14551
16314,28165,23357,2604,30488,19149,54872,26622,31536,12173,40173,7059,52003,14315,25527,34413
52739,17655
72220730,72224810,115,0,6819,7710,23744,3287,51545,59998,7069,22851,10605,36460,19165,45127,2888,20018
60246,58740,18844,32196,46515,15527,15452,33011,25418,15578,44782,61284,40192,8879,56476,50383
55705,53672,21283,43889,60263,49288,13703,538,36108,31945,35866,37906,30871,28858,47516,7834
3662,29289,28608,38296,9570,9017,10601,45044,33773,353,10325,49655,25322,48940,46469,15401
60143,20908
72224826,72228906,149,0,8146,53799,61376,41188,48139,63723,47917,64904,38304,59059,23067,41183,18732,59353
25009,14533,59159,522,11727,2782,3064,36006,30212,4675,36156,10846,1236,34205,4903,5908
64232,32080,51084,61540,42082,61618,55022,70,3562,33587,2351,8539,53118,38146,59085,52791
31444,56930,27173,7839,41337,41865,5073,43200,64409,18843,31409,31332,4878,20936,15349,6069
44061,16727,49541,13792,15496,44229,9034,18564,31419,7633,11529,58244,27951,17073,51595,56839
50827,18368
72228922,72233002,151,0,42664,24141,56786,58815,17310,54882,19143,32224,37199,2899,14055,4504,41578,23220
19655,12474,6194,42389,29854,13667,42776,53006,46331,34663,55217,59231,63684,32782,53371,38577
40227,6751,34314,16672,44459,20484,17612,13304,5478,18918,1311,45353,2770,11959,59903,22991
44828,49828,61433,17591,37921,30223,36742,11399,6813,34765,36547,63379,61548,60493,17904,41143
32802,51506,16464,52271,49111,62382,32359,22245,4706,45319,4691,49112,51663,50345,40956,44893
-1
72233018,72237098,106,0,55514,17755,33776,56709,25702,38831,2563,54999,24206,9558,48573,40225,20135,39693
10602,57513,13147,56863,33953,2420,14761,5940,37776,46789,57022,9471,4919,1497,51425,36922
-1
-1
72237114,72241194,172,0,52369,46667,54592,15753,52299,24978,41709,7586,29895,63510,24549,14820,58658,28587
50493,28908,26981,64975,42241,14142,30096,16029,34768,54978,14844,36213,22750,50566,10994,52880
39920,38300,44180,3531,50680,58528,2913,610,3537,28591,56754,52900,17746,36477,4639,41826
59723,49310,60157,17631,60832,1923,44697,29340,45742,44148,14001,31555,47751,48985,8890,52693
7683,8027,50014,49154,35120,30011,48589,60206,54810,14536,9420,42823,46671,9646,31173,20193
38184,25960,45294,38175,13818,2144,52623,58734,10950,36108
72241210,72245290,186,0,24215,48983,35915,8875,5170,4393,52133,16039,60562,20716,62156,13392,22834,42785
1722,3934,16840,57866,29476,15577,36959,6055,1548,50939,28988,48731,30637,11655,49199,56348
4119,803,43635,3578,59779,60294,6477,32082,4561,31766,38199,15769,46202,38680,16260,1709
33606,62336,50534,23263,13253,62687,59157,6691,23317,47078,62848,26206,20400,56173,49210,7997
-1
-1
-1
72245306,72249386,162,0,47377,48791,34233,27811,8015,46330,17966,29389,52886,9794,31799,16204,1045,17782
60236,5488,56085,27962,54732,48092,2574,5471,33783,54395,31618,5546,1518,38427,16225,6730
11905,62038,18584,43235,23484,14677,19637,39537,1132,56458,44998,32327,27849,16950,50588,25444
-1
-1
-1
72249402,72253482,137,0,7431,41082,16304,32138,18585,36851,26056,30600,52196,50241,9285,26364,36779,42860
23237,3698,50658,46244,6514,13300,55983,31806,64476,43127,29270,30466,2409,46075,14772,13498
5307,19076,55703,60685,33375,56027,63547,64655,64410,64006,29566,31086,14062,52081,29417,32925
12455,7780,33298,62251,137,48885,44333,21583,17738,30936,21554,12768,25130,57644,4604,37256
14435,38896,62769,6180,38107,57516,616,16748,45720,15973
72253498,72257578,135,0,60001,14843,50047,16799,2233,12154,24219,2171,29953,35560,61047,9923,21984,23093
431,14611,14106,49878,53968,1311,18261,5620,16520,11699,20625,36361,12525,11923,44010,9303
52572,52253,33030,10244,25474,15138,31251,46444,28481,10564,18361,40145,56629,34004,40580,18990
7195,10616,37726,48222,1691,65302,36924,65369,23099,28853,41611,35937,57095,33770,48246,25049
880,37751,44500,25959,50301,32950,1888,15201,61242,14340
72257594,72261674,135,0,37609,3843,21045,53193,62313,36952,13995,53625,19974,50324,57638,58022,33596,34806
49720,57308,39661,60671,34856,21890,21820,43921,7344,29050,52247,38063,43589,46069,18865,26480
696,34057,10426,18405,25679,28939,44011,61726,53164,56942,38360,63344,39699,821,61812,14072
-1
-1
72261690,72265770,136,0,655,23625,30078,21154,33480,53770,23142,31774,61096,61643,14300,46136,7479,65525
39249,56580,15315,1346,54150,27162,32359,33286,52348,14539,50877,44240,1587,12472,50361,2533
43481,37885,64634,33691,45962,59599,60897,50889,53037,36855,17218,50692,61407,4774,980,22044
48087,1446,10396,34064,38358,45010,37552,42291,38592,38930,37004,58091,58908,14419,62235,24168
26239,65318,49406,1522,35710,28917,55037,46609,8847,5434
72265786,72269866,133,0,8532,14736,10560,523,37683,63734,43980,25392,53570,41543,60774,4404,25506,53095
17771,41723,60018,63706,44617,16869,49884,23,2730,25879,4216,13535,33784,50523,10429,61538
17062,21579,29578,33831,30077,37763,1629,4592,40297,25528,667,43889,61235,23792,31027,12561
14590,63435,20258,54088,2613,38285,43253,18701,61635,2115,56644,8360,36658,63366,47822,10431
-1
72269882,72273962,129,0,3826,19218,33305,30664,53879,54709,16905,49078,51960,49511,15787,14763,41355,58679
50125,59807,43484,3973,34559,43831,14610,44072,57525,11913,19327,7381,52803,21256,39579,42141
36061,41016,29979,16966,31119,8303,15905,51554,25390,26182,12091,41581,2114,4945,49910,38908
10532,429,37416,35169,18264,30077,8276,52413,49219,12489,51334,17523,38547,33966,38946,30678
7564,46037,2883,39935,40708,10009,21908,22205,13121,15303
72273978,72278058,134,0,59773,21040,33705,54223,3862,48945,27397,43829,19985,22149,1726,10199,28039,10828
-1
-1
-1
-1
72278074,72282154,138,0,23371,24793,3182,27789,54993,15572,37262,27975,3385,29029,49828,21741,2032,62823
-1
-1
-1
-1
72282170,72286250,130,0,47686,6337,62573,9945,12397,35294,36261,54503,15271,42105,17344,39552,47476,34456
10273,10116,41003,21145,19576,45390,37100,38209,45405,60782,62201,58448,28693,8353,52049,43321
50184,49012,54877,49021,5559,29707,42943,19447,58647,43256,37756,44303,48211,33781,52795,6851
19567,11237,54507,46903,44058,35732,34891,33770,12706,13899,30609,12276,29010,39006,18305,37408
60528,59384,63726,64245,20655,25306,43987,53323,43417,55987
72286266,72290346,129,0,51333,8759,42525,59010,25861,51007,12913,34046,11281,30771,10194,31945,55174,47967
22972,22375,53349,65210,19698,41556,14784,13814,11188,5012,33563,26131,42884,58365,19798,61546
50334,19677,46152,14341,57023,37457,42073,26408,28106,12424,50122,11284,23721,8898,21069,56080
33680,61087,1433,34271,11304,60552,52434,4761,48252,51471,52576,51127,40157,51804,5132,6471
57221,54288,47244,5273,8079,65448,12945,60368,43285,62006
72290362,72294442,128,0,61203,50630,26198,5359,49527,34822,47742,24564,37367,43337,27129,439,45975,62086
37703,13148,9509,60821,5858,60375,58176,8438,62133,23236,43653,38666,38792,41213,27973,4551
39277,19695,4754,45906,11193,65336,45404,20746,22419,45911,61259,62001,22401,55596,59502,5964
33421,36932,47453,61724,40728,12572,49394,33020,60987,55633,36261,15625,48364,32594,39823,15809
-1
72294458,72298538,139,0,9428,60947,18229,1219,4087,5386,28745,33189,39512,21508,10207,25671,45468,61125
12411,57446,11756,23694,37040,49263,7930,34466,22243,15841,899,63925,11495,18799,52337,42724
10274,48066,3922,23540,50953,52602,2017,50164,58639,47969,51786,41405,18876,4641,60368,36755
4330,48795,26391,49120,28977,49517,33558,7183,47902,47769,22224,15570,8586,55523,22966,38679
53095,9886,7302,62981,51119,10656,28919,38638,14027,11541
72298554,72302634,130,0,2682,48516,46620,32790,50970,27010,10074,36214,51159,15553,34523,53139,64938,17588
20092,40019,4654,59112,56664,18830,5723,50718,21930,3488,56438,12001,35414,60138,5773,8208
18637,51122,0,18524,8222,16121,46411,61489,57081,14251,12134,61309,38066,5696,18040,28587
41796,20776,15340,3504,64675,37801,31011,36021,45506,45441,60017,2224,25542,982,1400,23054
44351,59869,41414,14139,36743,33371,20335,25217,51361,31192
72302650,72306730,134,0,43161,62536,31334,9377,41868,32788,4473,57460,42397,26851,44871,39929,25138,36876
46575,1516,18502,8759,63718,53575,42305,14676,54852,33144,64414,35785,9161,59764,23872,59888
34661,53074,29874,38482,38836,27209,43472,48893,47641,61752,62320,46924,21613,3092,56318,16140
29822,33831,40059,30837,59798,35520,6604,45652,25160,14581,32057,64636,29762,63607,5823,22834
61816,46870,20220,54637,41209,523,63413,26428,629,29171
72306746,72310826,142,0,46148,58260,31045,38796,32119,4869,60199,10319,51006,39881,2639,63893,40457,9544
-1
-1
-1
-1
72310842,72314922,136,0,50418,54349,9813,26569,15593,38816,26837,19888,6517,60240,52125,41583,42276,11711
59173,16938,63011,54176,21877,32530,48546,47242,24483,58280,12523,33410,35820,1403,5311,33319
7511,35166,3778,25381,19848,18292,4414,30600,13940,39896,36030,35800,47605,42301,18655,41392
32839,44338,41693,48402,37774,1779,49882,63564,13655,9472,58375,44628,53295,50202,5022,52835
-1
72314938,72319018,128,0,2181,15080,5418,1026,36731,28269,35972,42237,10344,1370,30035,6796,11145,63242
51965,53912,20004,39868,60166,22897,11680,13024,1209,4908,25626,652,14128,47614,45532,25971
41011,11613,38583,4941,61981,28608,8846,27070,64682,31249,32750,19162,16581,16198,5088,64691
35690,7776,49634,28422,50054,18252,62387,61034,35263,22608,45176,59367,21741,53473,40940,11697
64453,21392
72319034,72323114,170,0,23220,52828,2725,9813,63251,8988,57243,60901,35814,58042,30552,24674,12812,47994
60847,11850,48522,44900,14706,56217,18059,14988,33650,35551,4566,54215,36312,39268,24852,47376
41250,55796,6789,9599,45106,8598,24957,35711,27325,21412,35143,1689,10283,3805,53703,22645
49051,26306,45442,32512,20637,47351,62270,9202,9213,41865,53093,5564,12478,55574,54230,12161
63493,50991,43389,49441,41448,25662,56968,6223,29504,15149,32896,26417,45924,26531,38603,25515
51677,21001,22746,651,45132,25977,63366,56686,23882,32158
72323130,72327210,140,0,45288,17810,13183,7250,7069,15288,30752,5328,45551,50599,26452,33848,35702,28492
26347,40098,11857,46994,26557,14647,38469,61779,24580,43015,49695,37251,39716,53850,31121,20650
36176,53231,19450,29361,26167,9002,7444,36963,53731,56341,6321,39024,55682,57370,13185,63368
-1
-1
72327226,72331306,124,0,4800,16852,8782,62998,43974,30541,43118,44,51647,13833,55844,36586,18783,38926
59304,54655,27200,23012,62175,14320,253,7842,722,17653,42300,43856,631,19152,53732,53873
1232,27114,18258,50673,47586,56022,58716,58740,39896,55023,55016,46748,51028,3747,63631,48956
27464,56900,55500,57630,37361,65114,24443,15045,15762,57959,62255,54983,55631,62378,36393,37377
16582,2705
72331322,72335402,132,0,53608,58181,52131,28968,14158,61162,903,26179,59386,46236,53780,25262,56794,58797
5568,52636,64662,53229,58870,45537,32634,24487,3086,13020,18698,30707,64516,42392,48766,59062
11791,1788,4659,52244,26197,24188,13217,44835,33935,52904,59690,38215,54301,31264,65172,5152
9976,19705,54124,45986,8564,40049,16333,39731,22437,15884,62627,33027,62294,31993,2023,24530
-1
72335418,72339498,186,0,55088,20294,50350,38958,25382,13973,19587,16218,49659,32083,15882,43204,30767,12396
32753,9281,65052,14882,51634,34934,51321,554,48816,44935,43391,21490,37733,31105,40736,56951
57386,25204,41931,23198,7271,29562,44010,55499,42823,26285,33661,25535,32772,46526,37716,38324
43223,41681,1126,62782,23818,56761,63962,60101,31120,4754,65307,62461,42996,24670,40638,16443
39768,24503,2355,44826,20118,46329,46871,10473,31524,22934,21332,62553,31316,3315,42524,48883
5752,37121,62579,22538,6765,41757,55241,41323,5629,60667,65239,14390,11269,47339,14337,36374
7976,53496
72339514,72343594,179,0,5138,1438,38539,64198,31540,17450,60846,6956,1939,6647,7695,34749,59343,36178
43453,49096,37502,35908,45645,15802,18971,3568,55101,14211,46669,38406,8641,7557,65215,19217
59467,33667,14944,3720,25513,53054,7398,542,57900,60499,26297,20380,43899,25028,9338,11335
43459,4139,53648,13325,38796,5745,24798,45669,51595,17241,35027,60891,23959,52988,46859,57077
6815,29108,57568,15580,11726,21585,28875,11184,59458,31972,57129,28886,12204,62368,45980,1364
21917,52082,32135,4155,64263,36913,26741,7744,57573,32845,27043,41406,12963,14533,31079,22459
-1
72343610,72347690,129,0,40644,30672,39133,63086,38290,61630,15225,30923,13815,42135,56145,50585,14722,60627
25898,7934,41734,57841,65003,49599,19240,27816,33514,49896,30776,57458,34499,56824,51847,1879
57643,6585,55940,63442,54064,22816,41945,18910,64796,62976,10601,15576,28066,31626,35281,49057
17483,28259,29460,18665,48251,16725,58674,39013,19125,9927,53990,37318,7538,4722,4671,28670
63459,51252,35579,7139,56229,44444,13975,34637,54306,9843
72347706,72351786,153,0,29343,60010,9212,49077,22571,22560,18367,12955,52282,15362,25136,2139,32900,47965
9524,56924,15596,42166,49743,52305,354,16538,50094,50645,7925,3036,35543,54096,15190,15193
27230,59654,34556,56384,10664,56176,14236,17572,59441,32899,63291,49340,50733,42240,8452,61223
-1
-1
-1
72351802,72355882,139,0,64223,33664,2978,62932,62880,12851,50673,25493,56912,63271,54028,52486,12165,18053
5209,404,52576,30291,55124,22666,64769,39707,5957,48822,9908,6970,43567,36893,46131,41423
10597,47833,61810,63523,6937,28566,29228,41813,41398,59661,20129,39522,18702,44061,60504,64656
21960,14525,23104,54176,35667,32762,7260,55138,4459,4421,2780,51145,39164,17305,12154,49280
-1
72355898,72359978,221,0,19801,64556,28690,9611,60528,7449,47634,37248,12347,32841,20463,29827,15170,63794
-1
-1
-1
-1
-1
-1
-1
72359994,72364074,137,0,44874,13481,40933,9047,55159,61713,45720,51489,43710,51419,24767,63176,15031,3741
17782,22083,61039,31422,4089,8811,9509,4912,57378,24605,33602,41919,8255,41438,57222,55311
8773,11429,52413,55697,17994,61408,52971,59829,13382,8968,5037,35035,44710,10998,7282,58416
61113,55073,14297,2355,22539,55975,30409,48742,36410,33183,41359,36964,2830,8049,20895,23843
14039,45196,27335,47911,2165,34850,32747,44249,47053,59485
72364090,72368170,139,0,54601,13130,16970,1321,52839,31071,32752,21258,23782,33649,9919,55012,58977,55124
6217,37756,32826,42445,43387,35978,1057,25220,12573,30973,6180,116,61232,15489,52984,56772
31836,51570,53852,15373,30218,46667,18639,2675,27913,30484,18263,35680,11042,18453,18631,4871
24586,61552,15509,5194,56030,62014,45637,46337,19675,22844,23858,7185,12687,49294,7539,20
41466,11508,29012,26036,51407,5073,15414,63386,64648,27228
72368186,72372266,148,0,955,56156,47333,60445,48897,43159,20374,47606,8127,50598,22706,15269,36200,1630
41264,23659,14829,19550,53520,35916,40202,34425,10690,1020,49089,9845,47175,24922,12116,37664
17805,5695,34330,21058,18503,37430,8688,2451,54200,25206,10861,8306,24504,2517,39893,17625
29950,8014,38162,46634,39901,10294,5034,5050,25043,30004,49686,22725,8419,18693,60219,62351
32131,37515,60392,18396,2091,56886,22147,829,26569,41273,59000,28147,59450,40943,36584,36670
-1
72372282,72376362,141,0,27773,7347,21881,56678,26433,30191,58173,13481,30596,41818,65304,45127,3925,21189
11639,7055,59276,12099,60458,20813,62375,4854,16705,11343,47196,48966,27051,58190,18669,44061
45502,19597,62797,26780,39883,62316,2282,16815,41379,61568,50139,60372,10187,49975,3748,23578
5001,30491,6937,23273,2038,10364,991,61533,15403,43011,5602,24258,25087,45236,44000,54707
12106,65350,53825,2952,2827,29260,30607,38837,58284,30757
72376378,72380458,144,0,26048,64979,7792,52017,58053,30492,41973,23974,49170,50814,41947,11000,28646,33158
1276,46500,49267,28269,4663,39830,40660,5623,31451,2185,57735,6928,738,40446,33127,35070
55781,25297,47137,48873,8492,11694,58795,28013,52364,7859,13753,28246,40617,21068,18670,39631
49861,7008,55355,35884,60166,48963,65010,64389,900,45000,59862,53422,1492,520,46563,48553
6016,62435,5548,56039,25723,16814,27692,1971,8068,59068
72380474,72384554,138,0,48633,37687,15062,26,33555,43238,25207,43156,60204,1352,64974,21960,31986,10423
61740,11639,5504,17210,6506,21414,10911,24882,25734,20666,34826,2621,64243,74,55833,12492
29387,59049,53046,27617,9581,60550,56666,63517,52788,8444,14620,40719,29672,56477,25989,63878
24852,11403,14703,17744,60740,13466,60874,36409,2995,46519,47084,9115,48189,50789,44798,42796
32720,57902,39321,64305,53428,34074,63349,34081,49290,16136
72384570,72388650,144,0,7072,52376,27402,19680,4833,40847,16303,40249,42718,39783,34579,23314,56943,50418
59650,45613,13114,36625,6168,22785,3416,53391,26,1746,49914,58496,9123,60621,29703,34828
51331,48703,57915,18926,34630,58224,15460,18448,34646,143,42384,18184,42844,39430,3226,21945
18241,31620,5645,45376,45965,18976,61576,9725,18061,42389,6167,5967,42312,63176,45816,30079
37848,54900,60609,61228,28110,27296,45349,28042,39628,19609
72388666,72392746,235,0,56748,32436,58409,47829,57781,5478,14013,50022,28847,10622,58857,47197,17858,8698
59849,24281,25869,54060,57669,1703,51453,18813,25993,17382,17294,13658,64654,47879,18658,9433
17143,9381,54869,63044,45193,17112,10838,278,54936,17695,39794,10328,33731,16011,48261,13026
17052,26153,9556,22958,44839,34383,27392,8058,34512,34673,13566,26472,23332,5041,27290,16815
13061,25632,64450,56737,64190,7146,12865,46010,10855,33872,12064,26438,19259,43623,2936,18979
-1
-1
-1
72392762,72396842,150,0,11907,733,20952,50493,28737,26090,32404,22817,11957,10733,36436,33159,46297,26735
4810,49380,42265,54929,10002,47813,63599,42542,637,58180,44454,2119,61710,60997,41853,56370
15950,5523,723,23959,29239,6764,4193,41945,41178,32953,60438,24955,62597,22480,40373,43712
12391,17533,31789,43106,64084,30780,7336,57199,32184,30273,10442,64581,10970,45030,23225,33872
53421,36337,56454,53703,19895,49645,63827,51502,33210,7671,13832,15265,4993,4259,31305,52063
41467,54797
72396858,72400938,149,0,16704,31394,32212,26609,59266,13052,15927,19151,31980,61639,7158,50623,47744,11467
49827,18647,36409,44913,27198,64616,60749,10227,24730,17382,62287,1115,28386,18793,3411,14513
45792,34235,17049,23864,18655,32719,33056,46327,7908,59508,59348,7515,14370,708,57887,39920
44924,8779,22261,62161,7831,42836,55645,14842,22266,64380,8537,47025,1832,20366,56500,57200
60173,55830,62090,38121,22515,20692,34419,47983,35148,41992,35613,24015,47644,63926,36332,58447
19212,56382
72400954,72405034,140,0,21199,8168,61133,32371,35924,27697,60833,113,3746,16649,32914,56132,790,61814
5336,27033,34373,52044,31698,43224,60445,41864,45259,31658,61739,5840,31013,43047,62679,11688
19463,29696,31849,16932,28111,9801,44892,9646,17770,41683,14242,16204,17224,44783,24166,16251
48271,41102,3461,20667,21167,5852,15065,2183,33428,44835,34730,40745,18052,58031,54311,40559
39541,17739,64518,45960,30769,27328,60131,7349,61275,37951
72405050,72409130,138,0,11033,7438,27368,2172,62643,31883,4344,36875,12767,47970,30418,35015,40332,43840
-1
-1
-1
-1
72409146,72413226,135,0,11578,61939,19025,64891,34925,34087,8655,12007,41090,21300,19664,36719,42546,27720
64971,17282,19932,61775,42412,25547,33013,37580,13749,21078,61044,7830,46272,17623,4691,35190
61244,50655,21713,15189,17984,63447,48505,57496,50683,52471,9583,38497,1515,62608,22311,10692
61093,25051,7462,45361,48784,50590,33538,58000,24625,59275,7674,32061,37032,10871,46646,54221
32233,63735,61120,54362,53268,9758,21847,65504,52631,23031
72413242,72417322,137,0,27114,47508,23179,48822,13536,14404,35064,39347,18625,17383,37613,33936,7344,7063
46456,20642,2514,20543,11467,1890,12077,7269,10018,48930,23647,31451,48184,35979,31864,26509
48549,55550,18659,15853,63551,989,19416,31784,20365,2718,54716,36613,29100,53088,58270,28327
53319,59811,43282,65346,14795,63194,50054,48674,52253,38535,7773,61763,17125,5263,23238,61872
30786,1554,35903,23089,32060,52754,17445,9950,57492,17479
72417338,72421418,143,0,53898,17031,64634,53988,37138,18590,6575,18294,47450,59931,19330,42737,19924,23991
42481,51620,44995,29676,55489,51747,22482,48294,55779,33486,50783,45879,41514,18075,16253,48089
62685,21688,37947,32384,39844,52478,32216,5575,7139,58963,48450,55646,59988,34860,30437,22401
18030,46245,28713,8873,63848,56267,15471,38023,42473,35110,46707,9224,43961,11142,43144,44501
63153,21876,41660,17413,28868,28094,43064,38858,16879,4088
72421434,72425514,140,0,62038,56452,28144,12073,52363,18598,49502,30165,12043,54091,8147,48111,42214,59276
15179,23646,62723,43038,32893,45335,36276,26555,56417,20171,41749,50565,56094,41001,30369,41925
15265,59733,4220,45980,58620,53149,43991,56308,24106,12211,43207,47159,41675,6616,62567,64613
50156,61181,9787,39941,29843,32211,47545,53487,38810,28048,13105,39262,39111,17928,20537,60190
53046,57688,62997,12727,53275,14397,58860,36346,35200,5624
72425530,72429610,140,0,61479,55679,28961,623,14858,63534,7410,56552,44841,2272,63730,21987,5216,35971
34081,18167,51356,27266,19371,16461,3855,18146,10105,9440,42473,21128,57222,24506,36750,6861
6867,27646,1054,49877,15142,50898,60653,50699,46716,12663,17454,19575,10143,18113,16704,56696
22683,55850,19633,6298,28218,56317,62497,49609,45833,28883,14544,21666,3427,49371,552,18217
-1
72429626,72433706,123,0,53818,56689,5322,56331,26823,61262,65531,36079,64368,15227,15389,63917,25058,65499
56764,32280,50351,6559,34384,29956,55898,31404,44027,16862,11597,61350,14904,39762,49288,44875
31767,48438,30199,47455,49172,20526,45814,3487,27714,7687,11882,17424,41378,31654,51995,8998
63293,60575,30510,5186,61747,7734,46752,31434,47419,3373,21988,22199,14042,51354,31412,16044
42484,26184
72433722,72437802,125,0,2548,31606,59078,63963,2859,20802,22489,42310,26228,31230,13330,42917,14258,41152
50123,5939,60735,7826,36755,17816,9416,7935,36923,13538,45652,34206,58586,41738,55904,29220
32908,32217,20743,54876,23423,5310,59006,47453,22812,3916,63789,64105,48995,22104,47202,49786
31189,19726,53045,19345,2754,40278,27829,38127,45406,33231,49456,29192,40590,48056,62468,11562
15092,15672
72437818,72441898,181,0,9836,49034,30778,14058,27435,50602,18094,38145,44069,36440,57823,24070,17521,54091
-1
-1
-1
-1
-1
-1
72441914,72445994,180,0,44346,11983,62128,59876,36901,42685,53660,54023,17070,39215,27225,60318,14364,49835
42619,57823,34416,20479,40871,31390,64374,10579,28178,62958,59271,52240,1905,14807,40658,8708
28966,23147,60452,30948,62767,50159,5559,14891,10702,14656,36896,54850,59506,10445,27578,25592
-1
-1
-1
-1
72446010,72450090,163,0,47358,49779,43808,23966,22780,34241,54258,33540,57489,13605,42756,1112,43818,15524
55458,55409,20818,65506,8159,4598,58477,49934,59642,12365,37529,59970,9095,42590,8723,39114
37962,8622,26403,22460,31588,64412,2260,62375,45931,61505,34315,61267,52186,49222,24755,4462
33886,53570,27499,42298,5941,56406,41745,41817,65413,57837,50830,62189,40098,46513,55044,35794
63655,48464,799,53178,6110,28696,21406,6187,21262,38113,25746,57115,18253,47232,59605,3335
54961,27255,8304,46974,23666,8122,21424,52682,54731,44132
72450106,72454186,144,0,2349,47750,56868,28930,8398,24984,28311,35805,20582,37992,12862,59918,17819,51616
21911,52175,65101,57448,62217,37711,7889,24021,6191,41176,61614,49434,46198,57311,55290,12103
16327,30921,33353,8492,36912,8316,40411,9864,29501,56036,47325,20149,26256,23193,56891,28526
52801,58152,32289,58094,48925,62366,12679,14589,65364,30040,45111,64719,57922,41602,5520,56380
31427,40492,52750,58034,46827,32506,44931,62764,20158,42248
72454202,72458282,224,0,13519,13216,25958,36433,31626,45948,11574,37025,49245,15536,8690,5098,61362,7464
49607,2208,63406,26232,55762,19302,39939,42928,31089,27316,15761,35548,60990,6656,5443,60644
48189,45161,24216,36434,8060,23846,64400,44450,11389,43239,61048,33620,15749,42182,57253,1851
-1
-1
-1
-1
-1
72458298,72462378,163,0,47156,61868,55298,37493,1213,39410,41525,34731,35014,46739,44421,37040,49077,13762
53380,5257,30403,19985,19392,59935,58998,39074,30580,25320,27462,35148,54087,34163,11957,50142
62391,53422,25620,44267,26988,7135,2443,26029,45854,52127,16580,41715,8183,50026,58510,24936
36373,52479,16167,54162,34206,44192,53584,56522,61227,1763,19253,39190,41544,46669,53154,38791
36452,18138,58354,52116,37292,4763,39838,42919,176,53841,20137,29538,33613,44645,64591,30664
25425,8320,9709,47077,35182,56101,14093,49059,35714,20322
72462394,72466474,165,0,2689,44961,31804,37711,38288,63429,37636,19898,20434,27396,36243,54959,56926,14045
15386,58301,36567,52574,51609,58282,26315,13699,993,53312,5260,47643,30902,27525,34212,32323
2762,14406,22771,28037,30494,59017,52952,16042,40507,59778,23387,14772,36000,60544,39722,37159
32925,33771,52871,1336,28237,41945,4310,9519,65072,56802,26671,48202,47708,22683,33194,36113
25424,10846,18486,2702,44345,9418,37400,22542,30839,60960,9217,20955,6407,48758,20919,26206
-1
72466490,72470570,194,0,32160,22784,53194,14568,35759,13118,54179,10031,24356,41257,49161,3394,10509,50685
6178,63393,53731,62882,28185,55808,29765,38143,49050,4251,57326,37347,8568,28164,49840,59933
-1
-1
-1
-1
-1
72470586,72474666,157,0,22581,23969,61989,55858,48016,36133,37391,24397,1044,17332,45913,25567,9275,30739
37556,50813,17918,55421,27802,3415,48310,61645,2034,37684,44424,18054,37724,8101,54573,41095
52919,52620,59747,38163,47041,9136,59773,20727,50409,10358,36414,22235,62869,45242,15862,7221
52440,40255,12643,62850,29763,49556,42337,43238,9949,7912,50024,35928,37270,25604,26137,30271
9218,8123,63516,60553,64412,25173,6609,20671,37582,45855,36550,7374,45672,3145,50468,47627
50005,30822
72474682,72478762,151,0,11535,65535,6218,182,46433,44701,8617,16721,54266,61055,19644,12977,12162,1540
628,1102,21358,59086,2500,32501,23308,2394,39246,26116,37762,56894,50184,64397,39827,59949
-1
-1
-1
-1
72478778,72482858,139,0,7035,51893,24453,15891,1646,47771,26318,38089,34173,30167,6705,44237,16096,51122
-1
-1
-1
-1
72482874,72486954,186,0,11380,58353,62929,44406,58585,46888,1356,60312,4784,60231,52268,22109,13803,9009
31162,4333,43612,52977,12582,31360,8093,13509,36027,18752,45547,48914,56000,42287,11993,51627
63785,16093,65133,18359,58121,48329,26451,35281,21800,54369,22434,29218,60576,62510,27657,55896
28960,6903,16636,37306,59497,9608,19934,6371,63495,43327,60359,43864,32235,42078,31615,57801
28379,10585,60057,52729,47156,14700,57136,62114,3429,58507,12393,53805,19,43350,57911,61667
27666,45352,5511,56934,61544,6020,47606,40645,36723,62250,47164,16875,56434,50621,34266,2868
33730,22843
72486970,72491050,142,0,59647,29015,29816,16681,58757,59970,30429,25574,25480,12034,53814,39214,12685,41925
22686,45194,41815,581,61096,10005,46777,44742,13756,44449,2719,41902,33080,61854,9025,29644
33013,43339,32991,41403,24633,56061,62987,42754,58048,9348,900,28777,37800,17294,38196,51255
-1
-1
72491066,72495146,136,0,62010,17912,48735,11103,10757,11815,50542,23784,62102,34001,35566,27749,28581,42799
63280,13007,37120,51122,22918,27342,4182,52265,47105,65213,43003,65434,34969,60588,61386,27743
45631,31988,46983,15829,40809,41631,30005,47702,28109,17690,19391,40617,14496,44723,17598,6013
50069,54043,11338,27593,535,17757,1331,1225,60630,28213,14216,85,31301,42083,28152,35231
47940,7378,53971,18599,6214,26537,13267,19964,14232,2998
72495162,72499242,139,0,270,27242,23798,1926,45482,58813,28475,55239,23959,44146,9589,62412,58638,12219
4847,30900,4603,53904,46738,1155,20085,63045,36202,15427,38110,23577,49974,44445,6810,32768
61016,62030,59902,949,36775,58863,7312,19975,33088,10314,46784,8581,48253,25612,3285,22635
54918,59264,30521,23595,738,18983,1311,2560,21187,13421,61884,547,62675,27042,62782,21712
53405,3958,60337,22428,63434,55480,50411,35813,22318,63278
72499258,72503338,142,0,56968,2078,6956,55300,38622,63524,29211,12532,61755,34292,33039,12973,61657,18110
40337,38584,39172,46252,48096,1334,33369,28952,50830,23488,51932,9123,16520,9584,65157,60278
4255,3272,5898,39607,3915,16646,6235,62954,12987,40162,42399,61927,8702,64355,18169,19504
54280,45318,12193,49223,31318,56947,34264,49607,45818,53999,36975,54911,7667,50851,8664,34879
24062,53111,4106,31425,52407,9953,10322,42808,20100,19623
72503354,72507434,131,0,8706,19216,61440,63294,20185,42430,1526,48570,32667,12451,23685,10301,33251,27855
58700,11638,11221,15152,7714,36048,24507,52202,28969,12304,33542,14683,9770,22889,39049,32383
33823,51278,10342,24228,46989,54358,40665,41958,26712,45842,20816,50553,45905,61590,50398,54088
42786,45776,24269,15430,20342,10566,14156,46124,61336,60646,63693,14101,27783,26885,47851,40170
