71547866,71548106,0,0,28672,17597,0,16720,5232,49584,,,,,,,,
71548890,71549130,0,0,63488,17594,0,16720,5232,49584,,,,,,,,
71549402,71549642,0,0,57344,17596,0,16656,5232,16816,,,,,,,,
71550426,71550666,0,0,32768,17595,0,16512,0,49536,,,,,,,,
71550938,71551178,0,0,63488,17595,0,16704,5232,49584,,,,,,,,
71552986,71553226,0,0,0,17591,0,16656,49792,49461,,,,,,,,
71554522,71554762,0,0,6144,17591,0,16656,5240,49584,,,,,,,,
71555034,71555274,0,0,30720,17595,0,16656,5232,49584,,,,,,,,
71556314,71556554,0,0,28672,17595,0,16640,5232,49584,,,,,,,,
71556826,71557066,0,0,63488,17594,0,16640,5232,49584,,,,,,,,
71557850,71558090,0,0,32768,17595,0,16640,49792,49461,,,,,,,,
71559386,71559626,0,0,6144,17591,0,16640,5240,49584,,,,,,,,
71560922,71561162,0,0,8192,17589,0,16720,5240,16816,,,,,,,,
71561434,71561674,0,0,38912,17590,0,16704,5240,16816,,,,,,,,
71561946,71562186,0,0,4096,17590,0,16752,5240,49584,,,,,,,,
71562202,71562442,0,0,8192,17590,0,16720,5240,16816,,,,,,,,
71562458,71562698,0,0,4096,17590,0,16704,5240,16816,,,,,,,,
71563738,71563978,0,0,2048,17593,0,16608,0,49656,,,,,,,,
71564250,71564490,0,0,63488,17596,0,16656,49792,49461,,,,,,,,
71564762,71565002,0,0,22528,17599,0,16512,0,16824,,,,,,,,
71567066,71567306,0,0,59392,17597,0,16656,5232,16816,,,,,,,,
71567578,71567818,0,0,61440,17595,0,16672,5232,16816,,,,,,,,
71573210,71573450,0,0,30720,17595,0,16656,5232,16816,,,,,,,,
71575002,71575242,0,0,0,17594,0,16720,41940,49666,,,,,,,,
71576538,71576778,0,0,0,17596,0,16512,0,49536,,,,,,,,
71576794,71577034,0,0,0,17596,0,16640,49792,16693,,,,,,,,
71577562,71577802,0,0,30720,17596,0,16752,5232,16816,,,,,,,,
71579610,71579850,0,0,30720,17596,0,16672,5232,49584,,,,,,,,
71580122,71580362,0,0,0,17596,0,16512,0,49536,,,,,,,,
71580634,71580874,0,0,63488,17596,0,16672,5232,49584,,,,,,,,
71581658,71581898,0,0,30720,17596,0,16704,5232,49584,,,,,,,,
71582938,71583178,0,0,4096,17592,0,16512,0,49596,,,,,,,,
71583450,71583690,0,0,0,17592,0,16656,49792,49461,,,,,,,,
71583962,71584202,0,0,2048,17592,0,16672,5240,49584,,,,,,,,
71584474,71584714,0,0,30720,17594,0,16736,5232,16816,,,,,,,,
71585498,71585738,0,0,61440,17595,0,16656,5232,49584,,,,,,,,
71587802,71588042,0,0,30720,17596,0,16512,0,16760,,,,,,,,
71589338,71589578,0,0,63488,17594,0,16656,5232,49584,,,,,,,,
71589850,71590090,0,0,63488,17594,0,16656,41940,49666,,,,,,,,
71590362,71590602,0,0,2048,17593,0,16720,5240,16816,,,,,,,,
71592410,71592650,0,0,32768,17594,0,16640,5232,49584,,,,,,,,
71592666,71592906,0,0,32768,17594,0,16672,5232,16816,,,,,,,,
71593690,71593930,0,0,22528,17600,0,16512,0,16752,,,,,,,,
71594202,71594442,0,0,32768,17594,0,16512,0,16828,,,,,,,,
71594714,71594954,0,0,18432,17600,0,16640,5232,49584,,,,,,,,
71596506,71596746,0,0,32768,17594,0,16640,49792,49461,,,,,,,,
71597274,71597514,0,0,63488,17594,0,16672,5232,16816,,,,,,,,
71597786,71598026,0,0,61440,17595,0,16512,0,16828,,,,,,,,
71598298,71598538,0,0,63488,17594,0,16672,5232,16816,,,,,,,,
71599834,71600074,0,0,2048,17594,0,16736,5240,49584,,,,,,,,
71600346,71600586,0,0,0,17594,0,16512,0,16768,,,,,,,,
71600858,71601098,0,0,59392,17597,0,16736,5232,49584,,,,,,,,
71601370,71601610,0,0,26624,17597,0,16720,5232,49584,,,,,,,,
71601882,71602122,0,0,24576,17599,0,16384,52416,49536,,,,,,,,
71602650,71602890,0,0,53248,17600,0,16640,26208,16682,,,,,,,,
71606746,71606986,0,0,55296,17598,0,16656,5232,16816,,,,,,,,
71608026,71608266,0,0,59392,17598,0,16736,5232,49584,,,,,,,,
71609562,71609802,0,0,57344,17597,0,16656,5232,16816,,,,,,,,
71610842,71611082,0,0,63488,17597,0,16736,49792,49461,,,,,,,,
71611354,71611594,0,0,59392,17597,0,16656,5232,16816,,,,,,,,
71612634,71612874,0,0,59392,17598,0,16384,52416,49536,,,,,,,,
71614682,71614922,0,0,45056,17602,0,16672,26224,16810,,,,,,,,
71618778,71619018,0,0,57344,17598,0,16752,5232,49584,,,,,,,,
71619802,71620042,0,0,53248,17598,0,16512,0,16824,,,,,,,,
71620570,71620810,0,0,26624,17599,0,16512,0,16752,,,,,,,,
71620826,71621066,0,0,59392,17598,0,16688,5232,16816,,,,,,,,
71621338,71621578,0,0,57344,17598,0,16656,5232,49584,,,,,,,,
71622362,71622602,0,0,28672,17598,0,16656,5232,49584,,,,,,,,
71624410,71624650,0,0,57344,17598,0,16656,5232,49584,,,,,,,,
71625434,71625674,0,0,53248,17600,0,16544,0,16752,,,,,,,,
71626970,71627210,0,0,28672,17596,0,16704,5232,49584,,,,,,,,
71627738,71627978,0,0,28672,17596,0,16656,5232,49584,,,,,,,,
71628762,71629002,0,0,32768,17595,0,16640,49792,49461,,,,,,,,
71631578,71631818,0,0,0,17592,0,16448,13112,16691,,,,,,,,
71633114,71633354,0,0,59392,17596,0,16512,0,49656,,,,,,,,
71633626,71633866,0,0,30720,17593,0,16512,0,49596,,,,,,,,
71634650,71634890,0,0,32768,17593,0,16512,0,49536,,,,,,,,
71635418,71635658,0,0,57344,17594,0,16656,5232,16816,,,,,,,,
71636954,71637194,0,0,30720,17595,0,16576,0,49528,,,,,,,,
71637722,71637962,0,0,0,17595,0,16384,13096,49459,,,,,,,,
71641562,71641802,0,0,30720,17596,0,16736,5232,49584,,,,,,,,
71642074,71642314,0,0,61440,17595,0,16656,5232,16816,,,,,,,,
71645402,71645642,0,0,63488,17596,0,16512,0,49528,,,,,,,,
71645914,71646154,0,0,28672,17596,0,16656,5232,16816,,,,,,,,
71646938,71647178,0,0,26624,17597,0,16656,5232,16816,,,,,,,,
71647450,71647690,0,0,61440,17595,0,16512,0,49596,,,,,,,,
71647962,71648202,0,0,63488,17595,0,16720,5232,49584,,,,,,,,
71650522,71650762,0,0,24576,17598,0,16720,5232,49584,,,,,,,,
71652826,71653066,0,0,61440,17597,0,16656,5232,16816,,,,,,,,
71653338,71653578,0,0,59392,17597,0,16656,5232,16816,,,,,,,,
71654618,71654858,0,0,22528,17598,0,16512,0,49596,,,,,,,,
71655386,71655626,0,0,57344,17597,0,16608,0,49596,,,,,,,,
71656922,71657162,0,0,57344,17597,0,16656,5232,16816,,,,,,,,
71657434,71657674,0,0,57344,17597,0,16688,5232,49584,,,,,,,,
71658202,71658442,0,0,26624,17598,0,16672,5232,49584,,,,,,,,
71658714,71658954,0,0,28672,17598,0,16672,5232,49584,,,,,,,,
71660506,71660746,0,0,26624,17597,0,16736,5232,16816,,,,,,,,
71661530,71661770,0,0,26624,17598,0,16672,5232,49584,,,,,,,,
71662298,71662538,0,0,57344,17597,0,16672,5232,49584,,,,,,,,
71663066,71663306,0,0,55296,17598,0,16656,5232,49584,,,,,,,,
71663834,71664074,0,0,55296,17599,0,16656,5232,49584,,,,,,,,
71664858,71665098,0,0,63488,17592,0,16656,5232,49584,,,,,,,,
71666394,71666634,0,0,16384,17381,0,16256,0,17049,,,,,,,,
71667418,71667658,0,0,0,17312,0,16512,0,16768,,,,,,,,
71667930,71668170,0,0,0,17308,0,16656,49808,49461,,,,,,,,
71668442,71668682,0,0,0,17312,0,16384,13106,16691,,,,,,,,
71669466,71669706,0,0,49152,17313,0,16608,0,49592,,,,,,,,
71669722,71669962,0,0,45056,17417,0,16256,0,49590,,,,,,,,
71672026,71672266,0,0,12288,17426,0,16656,26208,16682,,,,,,,,
71672794,71673034,0,0,40960,17350,0,16256,32768,17050,,,,,,,,
71673306,71673546,0,0,0,17308,0,16656,49808,16693,,,,,,,,
71673818,71674058,0,0,16384,17427,0,16736,5240,49584,,,,,,,,
71675098,71675338,0,0,0,17429,0,16256,0,0,,,,,,,,
71675610,71675850,0,0,4096,17430,0,16656,5240,16816,,,,,,,,
71676122,71676362,0,0,16384,17430,0,16688,5240,16816,,,,,,,,
71679194,71679434,0,0,53248,17415,0,16256,0,49524,,,,,,,,
71681242,71681482,0,0,32768,17421,0,16640,26208,16682,,,,,,,,
71681754,71681994,0,0,32768,17421,0,16512,0,16752,,,,,,,,
71682522,71682762,0,0,0,17308,0,16656,49808,16693,,,,,,,,
71683034,71683274,0,0,0,17335,0,16448,39321,49751,,,,,,,,
71685850,71686090,0,0,40960,17419,0,16656,26208,16682,,,,,,,,
71687386,71687626,0,0,36864,17451,0,16640,26216,16682,,,,,,,,
71691994,71692234,0,0,0,17430,0,16704,49808,49461,,,,,,,,
71693018,71693258,0,0,12288,17429,0,16704,5240,49584,,,,,,,,
71693530,71693770,0,0,16384,17428,0,16656,5240,16816,,,,,,,,
71694042,71694282,0,0,16384,17379,0,16256,0,17119,,,,,,,,
71694810,71695050,0,0,0,17333,0,16448,13107,49771,,,,,,,,
71697370,71697610,0,0,49152,17417,0,16656,26208,49450,,,,,,,,
71699418,71699658,0,0,0,17308,0,16656,49808,49461,,,,,,,,
71700442,71700682,0,0,49152,17417,0,16384,8,16680,,,,,,,,
71700954,71701194,0,0,53248,17416,0,16640,26208,49450,,,,,,,,
71701466,71701706,0,0,49152,17417,0,16640,26208,49450,,,,,,,,
71703258,71703498,0,0,8192,17356,0,16256,32768,17072,,,,,,,,
71705306,71705546,0,0,45056,17449,0,16640,26216,49450,,,,,,,,
71706330,71706570,0,0,45056,17449,0,16656,26216,16682,,,,,,,,
71707866,71708106,0,0,45056,17449,0,16448,0,16680,,,,,,,,
71708890,71709130,0,0,0,17435,0,16656,49808,16693,,,,,,,,
71709914,71710154,0,0,0,17437,0,16640,49808,16693,,,,,,,,
71712730,71712970,0,0,0,17436,0,16448,13120,49459,,,,,,,,
71714522,71714762,0,0,0,17308,0,16656,49808,16693,,,,,,,,
71716570,71716810,0,0,0,17310,0,16640,49808,49461,,,,,,,,
71717850,71718090,0,0,0,17308,0,16656,49808,16693,,,,,,,,
71719642,71719882,0,0,20480,17475,0,16656,5244,16816,,,,,,,,
71721434,71721674,0,0,8192,17474,0,16512,0,49592,,,,,,,,
71722714,71722954,0,0,8192,17475,0,16736,5244,16816,,,,,,,,
71725018,71725258,0,0,57344,17409,0,16256,0,17216,,,,,,,,
71726554,71726794,0,0,40960,17419,0,16640,26208,49450,,,,,,,,
71727066,71727306,0,0,40960,17419,0,16640,26208,49450,,,,,,,,
71727578,71727818,0,0,16384,17383,0,16256,0,49917,,,,,,,,
71728090,71728330,0,0,61440,17444,0,16512,0,16760,,,,,,,,
71730650,71730890,0,0,0,17442,0,16672,49808,16693,,,,,,,,
71731162,71731402,0,0,0,17339,0,16384,52428,17024,,,,,,,,
71732442,71732682,0,0,47104,17609,0,16512,0,49588,,,,,,,,
71732954,71733194,0,0,43008,17602,0,16688,41944,49666,,,,,,,,
71733466,71733706,0,0,45056,17602,0,16512,0,49520,,,,,,,,
71733978,71734218,0,0,49152,17601,0,16656,26208,49450,,,,,,,,
71736282,71736522,0,0,30720,17596,0,16576,0,49528,,,,,,,,
71740378,71740618,0,0,61440,17598,0,16720,26208,49450,,,,,,,,
71741658,71741898,0,0,61440,17596,0,16672,5232,16816,,,,,,,,
71742170,71742410,0,0,32768,17594,0,16656,49792,16693,,,,,,,,
71742938,71743178,0,0,0,17594,0,16672,41940,16898,,,,,,,,
71743962,71744202,0,0,63488,17595,0,16656,5232,16816,,,,,,,,
71744474,71744714,0,0,0,17593,0,16640,49792,16693,,,,,,,,
71744986,71745226,0,0,32768,17593,0,16640,49792,16693,,,,,,,,
71747546,71747786,0,0,30720,17596,0,16688,5232,49584,,,,,,,,
71749850,71750090,0,0,63488,17595,0,16640,5232,49584,,,,,,,,
71752410,71752650,0,0,57344,17595,0,16512,0,16824,,,,,,,,
71753178,71753418,0,0,26624,17598,0,16608,0,49528,,,,,,,,
71753690,71753930,0,0,30720,17596,0,16752,5232,49584,,,,,,,,
71753946,71754186,0,0,26624,17597,0,16688,5232,16816,,,,,,,,
71754458,71754698,0,0,63488,17595,0,16688,5232,16816,,,,,,,,
71756250,71756490,0,0,0,17595,0,16608,0,16768,,,,,,,,
71757530,71757770,0,0,32768,17593,0,16656,49792,16693,,,,,,,,
71759578,71759818,0,0,0,17592,0,16656,49792,49461,,,,,,,,
71760090,71760330,0,0,0,17593,0,16656,49792,49461,,,,,,,,
71760602,71760842,0,0,0,17594,0,16640,49792,49461,,,,,,,,
71761114,71761354,0,0,32768,17593,0,16656,49792,49461,,,,,,,,
71761626,71761866,0,0,30720,17594,0,16656,5232,49584,,,,,,,,
71762138,71762378,0,0,30720,17594,0,16656,5232,49584,,,,,,,,
71762650,71762890,0,0,4096,17592,0,16256,0,16828,,,,,,,,
71763162,71763402,0,0,38912,17592,0,16656,5240,49584,,,,,,,,
71763930,71764170,0,0,2048,17591,0,16512,0,16768,,,,,,,,
71764442,71764682,0,0,2048,17591,0,16688,5240,16816,,,,,,,,
71764954,71765194,0,0,14336,17587,0,16688,5240,16816,,,,,,,,
71765466,71765706,0,0,6144,17589,0,16752,5240,49584,,,,,,,,
71767002,71767242,0,0,34816,17590,0,16544,0,49528,,,,,,,,
71768026,71768266,0,0,8192,17591,0,16656,5240,16816,,,,,,,,
71772122,71772362,0,0,40960,17588,0,16688,5240,49584,,,,,,,,
71772634,71772874,0,0,40960,17589,0,16512,0,49592,,,,,,,,
71773402,71773642,0,0,38912,17589,0,16688,5240,49584,,,,,,,,
71773914,71774154,0,0,10240,17589,0,16688,5240,49584,,,,,,,,
71775962,71776202,0,0,8192,17589,0,16672,5240,49584,,,,,,,,
71777498,71777738,0,0,4096,17590,0,16704,5240,16816,,,,,,,,
71778010,71778250,0,0,61440,17595,0,16512,0,16828,,,,,,,,
71779034,71779274,0,0,63488,17596,0,16512,0,16760,,,,,,,,
71780058,71780298,0,0,30720,17596,0,16512,0,16760,,,,,,,,
71781082,71781322,0,0,63488,17596,0,16688,5232,16816,,,,,,,,
71781338,71781578,0,0,63488,17596,0,16544,0,16760,,,,,,,,
71783130,71783370,0,0,32768,17596,0,16672,49792,16693,,,,,,,,
71784154,71784394,0,0,28672,17596,0,16704,5232,49584,,,,,,,,
71787482,71787722,0,0,61440,17595,0,16688,5232,49584,,,,,,,,
71787994,71788234,0,0,30720,17594,0,16720,5232,16816,,,,,,,,
71788506,71788746,0,0,32768,17594,0,16512,0,49536,,,,,,,,
71790042,71790282,0,0,30720,17595,0,16512,0,16760,,,,,,,,
71791578,71791818,0,0,30720,17595,0,16688,5232,16816,,,,,,,,
71792090,71792330,0,0,30720,17595,0,16512,0,16828,,,,,,,,
71792346,71792586,0,0,32768,17595,0,16656,49792,49461,,,,,,,,
71793370,71793610,0,0,61440,17596,0,16688,5232,16816,,,,,,,,
71795674,71795914,0,0,40960,17590,0,16656,5240,16816,,,,,,,,
71796186,71796426,0,0,36864,17589,0,16720,5240,49584,,,,,,,,
71801306,71801546,0,0,38912,17590,0,16672,5240,49584,,,,,,,,
71804890,71805130,0,0,4096,17591,0,16656,5240,49584,,,,,,,,
71806170,71806410,0,0,2048,17592,0,16688,5240,16816,,,,,,,,
71806682,71806922,0,0,36864,17592,0,16672,5240,16816,,,,,,,,
71806938,71807178,0,0,34816,17591,0,16576,0,16768,,,,,,,,
71807450,71807690,0,0,6144,17592,0,16672,5240,16816,,,,,,,,
71808986,71809226,0,0,0,17595,0,16640,49792,16693,,,,,,,,
71809754,71809994,0,0,45056,17575,0,16256,0,17081,,,,,,,,
71810778,71811018,0,0,0,17593,0,16608,0,16768,,,,,,,,
71811034,71811274,0,0,32768,17592,0,16544,0,16768,,,,,,,,
71811546,71811786,0,0,32768,17597,0,16640,49792,16693,,,,,,,,
71812570,71812810,0,0,22528,17599,0,16512,0,49528,,,,,,,,
71814874,71815114,0,0,34816,17591,0,16688,5240,49584,,,,,,,,
71818458,71818698,0,0,2048,17593,0,16656,5240,49584,,,,,,,,
71818970,71819210,0,0,32768,17592,0,16512,0,16768,,,,,,,,
71819226,71819466,0,0,2048,17592,0,16704,5240,16816,,,,,,,,
71820250,71820490,0,0,2048,17591,0,16688,5240,16816,,,,,,,,
71821530,71821770,0,0,4096,17592,0,16672,5240,16816,,,,,,,,
71822042,71822282,0,0,38912,17591,0,16656,5240,16816,,,,,,,,
71823066,71823306,0,0,57344,17598,0,16720,5232,49584,,,,,,,,
71825882,71826122,0,0,49152,17539,0,16256,0,49620,,,,,,,,
71827418,71827658,0,0,14336,17562,0,16656,5248,49584,,,,,,,,
71828954,71829194,0,0,30720,17536,0,16752,49808,16693,,,,,,,,
71829722,71829962,0,0,57344,17535,0,16736,5240,16816,,,,,,,,
71829978,71830218,0,0,30720,17536,0,16656,5240,49584,,,,,,,,
71831770,71832010,0,0,45056,17579,0,16544,0,49520,,,,,,,,
71832282,71832522,0,0,16384,17578,0,16656,5240,49584,,,,,,,,
71832794,71833034,0,0,49152,17578,0,16384,16,16680,,,,,,,,
71833306,71833546,0,0,53248,17577,0,16640,26208,16682,,,,,,,,
71833818,71834058,0,0,49152,17578,0,16688,26216,16810,,,,,,,,
71834842,71835082,0,0,28672,17575,0,16544,0,49528,,,,,,,,
71836378,71836618,0,0,2048,17583,0,16448,52428,49792,,,,,,,,
71836890,71837130,0,0,63488,17596,0,16672,49792,16693,,,,,,,,
71838426,71838666,0,0,32768,17594,0,16384,13088,49459,,,,,,,,
71838938,71839178,0,0,0,17594,0,16256,0,16768,,,,,,,,
71839962,71840202,0,0,0,17593,0,16256,0,16768,,,,,,,,
71841242,71841482,0,0,36864,17581,0,16688,26216,49578,,,,,,,,
71842010,71842250,0,0,2048,17582,0,16512,0,49588,,,,,,,,
71845338,71845578,0,0,0,17312,0,16640,49808,16693,,,,,,,,
71846106,71846346,0,0,28672,17596,0,16640,5232,49584,,,,,,,,
71847642,71847882,0,0,0,17594,0,16512,0,16828,,,,,,,,
71849434,71849674,0,0,61440,17594,0,16688,5232,16816,,,,,,,,
71852250,71852490,0,0,63488,17596,0,16544,0,16760,,,,,,,,
71852762,71853002,0,0,32768,17593,0,16640,49792,16693,,,,,,,,
71853274,71853514,0,0,36864,17591,0,16640,5240,16816,,,,,,,,
71854810,71855050,0,0,2048,17591,0,16672,49792,49461,,,,,,,,
71857114,71857354,0,0,2048,17592,0,16720,5240,16816,,,,,,,,
71857626,71857866,0,0,63488,17593,0,16656,5232,49584,,,,,,,,
71859162,71859402,0,0,30720,17594,0,16704,5232,16816,,,,,,,,
71860954,71861194,0,0,34816,17592,0,16688,5232,16816,,,,,,,,
71862234,71862474,0,0,6144,17591,0,16672,5240,16816,,,,,,,,
71862746,71862986,0,0,34816,17591,0,16688,5240,16816,,,,,,,,
71863258,71863498,0,0,34816,17590,0,16672,5240,16816,,,,,,,,
71863770,71864010,0,0,40960,17590,0,16656,5240,16816,,,,,,,,
71864794,71865034,0,0,38912,17590,0,16656,5240,16816,,,,,,,,
71865562,71865802,0,0,34816,17590,0,16688,49792,49461,,,,,,,,
71866074,71866314,0,0,10240,17589,0,16656,5240,16816,,,,,,,,
71866330,71866570,0,0,8192,17590,0,16656,5240,16816,,,,,,,,
71867354,71867594,0,0,36864,17593,0,16256,0,49624,,,,,,,,
71869146,71869386,0,0,34816,17592,0,16512,0,49596,,,,,,,,
71870426,71870666,0,0,4096,17592,0,16672,5240,49584,,,,,,,,
71871706,71871946,0,0,32768,17594,0,16448,13096,49459,,,,,,,,
71872474,71872714,0,0,2048,17593,0,16704,5240,49584,,,,,,,,
71873754,71873994,0,0,2048,17594,0,16720,5240,16816,,,,,,,,
71874266,71874506,0,0,0,17594,0,16576,0,16768,,,,,,,,
71875546,71875786,0,0,63488,17593,0,16672,5232,49584,,,,,,,,
71877338,71877578,0,0,0,17318,0,16656,49808,49461,,,,,,,,
71878874,71879114,0,0,0,17605,0,16720,41944,16898,,,,,,,,
71880154,71880394,0,0,57344,17597,0,16672,5232,49584,,,,,,,,
71880666,71880906,0,0,53248,17599,0,16256,0,16760,,,,,,,,
71881690,71881930,0,0,57344,17597,0,16640,5232,49584,,,,,,,,
71882458,71882698,0,0,20480,17599,0,16656,5232,49584,,,,,,,,
71884506,71884746,0,0,51200,17600,0,16688,5232,16816,,,,,,,,
71885530,71885770,0,0,6144,17604,0,16720,26224,49578,,,,,,,,
71886810,71887050,0,0,43008,17602,0,16672,5232,16816,,,,,,,,
71889370,71889610,0,0,14336,17602,0,16720,26224,49578,,,,,,,,
71890394,71890634,0,0,45056,17601,0,16720,41944,49666,,,,,,,,
71892442,71892682,0,0,20480,17600,0,16720,5232,49584,,,,,,,,
71893722,71893962,0,0,22528,17600,0,16256,0,16692,,,,,,,,
71894234,71894474,0,0,32768,17595,0,16608,0,49536,,,,,,,,
71895514,71895754,0,0,59392,17596,0,16656,5232,16816,,,,,,,,
71896538,71896778,0,0,57344,17596,0,16656,5232,16816,,,,,,,,
71897050,71897290,0,0,57344,17597,0,16656,5232,16816,,,,,,,,
71898074,71898314,0,0,20480,17598,0,16656,5232,16816,,,,,,,,
71900890,71901130,0,0,22528,17598,0,16656,5232,16816,,,,,,,,
71902170,71902410,0,0,0,17593,0,16448,26208,49542,,,,,,,,
71904218,71904458,0,0,26624,17596,0,16656,5232,16816,,,,,,,,
71905498,71905738,0,0,30720,17597,0,16640,49792,49461,,,,,,,,
71907034,71907274,0,0,59392,17598,0,16704,5232,49584,,,,,,,,
71910618,71910858,0,0,28672,17596,0,16704,5232,49584,,,,,,,,
71912410,71912650,0,0,0,17594,0,16384,13096,49459,,,,,,,,
71913434,71913674,0,0,51200,17600,0,16672,5232,16816,,,,,,,,
71913946,71914186,0,0,51200,17600,0,16720,41944,49666,,,,,,,,
71914458,71914698,0,0,30720,17596,0,16720,5232,49584,,,,,,,,
71916250,71916490,0,0,57344,17597,0,16688,5232,16816,,,,,,,,
71917018,71917258,0,0,6144,17590,0,16672,5240,16816,,,,,,,,
71917530,71917770,0,0,40960,17589,0,16672,5240,16816,,,,,,,,
71918810,71919050,0,0,4096,17589,0,16656,26224,49450,,,,,,,,
71919578,71919818,0,0,4096,17589,0,16656,26224,49450,,,,,,,,
71920858,71921098,0,0,40960,17589,0,16656,5240,49584,,,,,,,,
71921370,71921610,0,0,6144,17589,0,16704,5240,16816,,,,,,,,
71922650,71922890,0,0,8192,17589,0,16736,5240,16816,,,,,,,,
71922906,71923146,0,0,4096,17589,0,16640,26224,16682,,,,,,,,
71924954,71925194,0,0,36864,17591,0,16704,41940,49666,,,,,,,,
71925978,71926218,0,0,32768,17594,0,16384,13088,49459,,,,,,,,
71927514,71927754,0,0,49152,17547,0,16656,26208,16682,,,,,,,,
71929562,71929802,0,0,20480,17600,0,16672,5232,16816,,,,,,,,
71931610,71931850,0,0,63488,17594,0,16688,5232,16816,,,,,,,,
71933146,71933386,0,0,0,17533,0,16656,49808,49461,,,,,,,,
71934938,71935178,0,0,61440,17535,0,16512,0,16760,,,,,,,,
71935194,71935434,0,0,61440,17534,0,16512,0,16760,,,,,,,,
71935962,71936202,0,0,43008,17590,0,16256,32768,49795,,,,,,,,
71936474,71936714,0,0,30720,17597,0,16256,0,16700,,,,,,,,
71937242,71937482,0,0,6144,17591,0,16656,5240,49584,,,,,,,,
71939802,71940042,0,0,40960,17590,0,16688,5240,49584,,,,,,,,
71940826,71941066,0,0,63488,17596,0,16544,0,16760,,,,,,,,
71942362,71942602,0,0,12288,17588,0,16752,5240,16816,,,,,,,,
71943130,71943370,0,0,0,17318,0,16640,49808,16693,,,,,,,,
71943898,71944138,0,0,49152,17367,0,16256,0,49809,,,,,,,,
71944666,71944906,0,0,32768,17594,0,16256,0,16704,,,,,,,,
71945690,71945930,0,0,63488,17595,0,16736,5232,16816,,,,,,,,
71946458,71946698,0,0,59392,17596,0,16656,5232,16816,,,,,,,,
71951322,71951562,0,0,51200,17585,0,16256,0,49460,,,,,,,,
71956954,71957194,0,0,4096,17543,0,16720,26208,49578,,,,,,,,
71959514,71959754,0,0,4096,17520,0,16656,26224,16682,,,,,,,,
71960282,71960522,0,0,32768,17513,0,16512,0,16752,,,,,,,,
71962330,71962570,0,0,40960,17511,0,16640,26224,16682,,,,,,,,
71965146,71965386,0,0,28672,17453,0,16656,26216,49450,,,,,,,,
71966426,71966666,0,0,24576,17454,0,16656,26216,49450,,,,,,,,
71968474,71968714,0,0,0,17429,0,16256,0,0,,,,,,,,
71970522,71970762,0,0,0,17413,0,16752,49808,49461,,,,,,,,
71971290,71971530,0,0,0,17324,0,16640,49808,16693,,,,,,,,
71971802,71972042,0,0,47104,17552,0,16256,24576,50123,,,,,,,,
71972314,71972554,0,0,14336,17602,0,16656,26224,49578,,,,,,,,
71972826,71973066,0,0,61440,17596,0,16672,5232,49584,,,,,,,,
71974106,71974346,0,0,59392,17596,0,16704,5232,16816,,,,,,,,
71976154,71976394,0,0,63488,17593,0,16736,5232,16816,,,,,,,,
71978202,71978442,0,0,36864,17590,0,16640,5240,16816,,,,,,,,
71981786,71982026,0,0,32768,17594,0,16640,49792,16693,,,,,,,,
71983834,71984074,0,0,30720,17594,0,16736,5232,16816,,,,,,,,
71984346,71984586,0,0,32768,17593,0,16640,49792,16693,,,,,,,,
71985626,71985866,0,0,32768,17594,0,16672,5232,49584,,,,,,,,
71988954,71989194,0,0,2048,17594,0,16752,5240,16816,,,,,,,,
71989466,71989706,0,0,2048,17591,0,16688,5240,49584,,,,,,,,
71990234,71990474,0,0,45056,17587,0,16752,5240,16816,,,,,,,,
71990490,71990730,0,0,10240,17588,0,16688,5240,49584,,,,,,,,
71991770,71992010,0,0,43008,17587,0,16640,26224,49450,,,,,,,,
71994586,71994826,0,0,36864,17592,0,16688,41940,49666,,,,,,,,
71995354,71995594,0,0,32768,17594,0,16608,0,49536,,,,,,,,
71999194,71999434,0,0,30720,17595,0,16688,5232,49584,,,,,,,,
71999962,72000202,0,0,2048,17593,0,16688,5240,49584,,,,,,,,
72000474,72000714,0,0,36864,17591,0,16688,5240,49584,,,,,,,,
72000986,72001226,0,0,4096,17592,0,16608,0,49592,,,,,,,,
72001498,72001738,0,0,32768,17593,0,16640,49792,49461,,,,,,,,
72003034,72003274,0,0,8192,17589,0,16704,5240,49584,,,,,,,,
72004826,72005066,0,0,4096,17591,0,16736,5240,49584,,,,,,,,
72005594,72005834,0,0,38912,17591,0,16672,5240,16816,,,,,,,,
72006106,72006346,0,0,10240,17589,0,16688,5240,16816,,,,,,,,
72006618,72006858,0,0,8192,17589,0,16688,5240,16816,,,,,,,,
72008154,72008394,0,0,4096,17591,0,16688,5240,16816,,,,,,,,
72008922,72009162,0,0,34816,17591,0,16608,0,49528,,,,,,,,
72010458,72010698,0,0,6144,17590,0,16672,5240,49584,,,,,,,,
72011738,72011978,0,0,8192,17589,0,16688,5240,49584,,,,,,,,
72013018,72013258,0,0,36864,17589,0,16256,0,49464,,,,,,,,
72014042,72014282,0,0,36864,17591,0,16672,5240,16816,,,,,,,,
72016346,72016586,0,0,45056,17587,0,16720,5240,49584,,,,,,,,
72016858,72017098,0,0,14336,17587,0,16720,5240,49584,,,,,,,,
72017626,72017866,0,0,43008,17588,0,16736,5240,49584,,,,,,,,
72020698,72020938,0,0,0,17595,0,16656,49792,49461,,,,,,,,
72021210,72021450,0,0,6144,17590,0,16704,5240,16816,,,,,,,,
72021978,72022218,0,0,14336,17587,0,16672,5240,49584,,,,,,,,
72023770,72024010,0,0,2048,17591,0,16384,26212,49542,,,,,,,,
72025562,72025802,0,0,57344,17597,0,16720,5232,49584,,,,,,,,
72028634,72028874,0,0,28672,17596,0,16688,5232,16816,,,,,,,,
72029658,72029898,0,0,28672,17596,0,16736,5232,49584,,,,,,,,
72031962,72032202,0,0,30720,17597,0,16752,5232,49584,,,,,,,,
72033242,72033482,0,0,26624,17599,0,16640,26208,49450,,,,,,,,
72036058,72036298,0,0,0,17593,0,16608,0,49536,,,,,,,,
72037850,72038090,0,0,2048,17592,0,16704,5240,49584,,,,,,,,
72038618,72038858,0,0,2048,17592,0,16512,0,49528,,,,,,,,
72039642,72039882,0,0,63488,17593,0,16704,5232,49584,,,,,,,,
72042714,72042954,0,0,4096,17591,0,16672,5240,16816,,,,,,,,
72045018,72045258,0,0,0,17595,0,16752,41940,49666,,,,,,,,
72047322,72047562,0,0,6144,17589,0,16512,0,16760,,,,,,,,
72050138,72050378,0,0,30720,17596,0,16544,0,16760,,,,,,,,
72052186,72052426,0,0,32768,17592,0,16656,49792,49461,,,,,,,,
72052698,72052938,0,0,32768,17582,0,16256,0,16880,,,,,,,,
72054746,72054986,0,0,26624,17598,0,16704,5232,49584,,,,,,,,
72057818,72058058,0,0,0,17595,0,16688,5240,16816,,,,,,,,
72060122,72060362,0,0,22528,17599,0,16704,5232,16816,,,,,,,,
72061658,72061898,0,0,61440,17596,0,16640,5232,49584,,,,,,,,
72062170,72062410,0,0,30720,17596,0,16720,5232,16816,,,,,,,,
72062682,72062922,0,0,24576,17597,0,16688,5232,49584,,,,,,,,
72063962,72064202,0,0,36864,17591,0,16656,5240,49584,,,,,,,,
72066522,72066762,0,0,0,17594,0,16640,49792,16693,,,,,,,,
72067290,72067530,0,0,55296,17599,0,16672,5232,16816,,,,,,,,
72068058,72068298,0,0,34816,17592,0,16640,5240,16816,,,,,,,,
72069338,72069578,0,0,0,17595,0,16640,49792,16693,,,,,,,,
72070106,72070346,0,0,32768,17593,0,16640,49792,16693,,,,,,,,
72073178,72073418,0,0,0,17591,0,16640,49792,49461,,,,,,,,
72073690,72073930,0,0,14336,17587,0,16752,41940,49666,,,,,,,,
72075994,72076234,0,0,57344,17597,0,16704,5232,16816,,,,,,,,
72079578,72079818,0,0,61440,17596,0,16736,5232,16816,,,,,,,,
72079834,72080074,0,0,26624,17597,0,16688,5232,49584,,,,,,,,
72080602,72080842,0,0,59392,17596,0,16688,5232,49584,,,,,,,,
72082394,72082634,0,0,59392,17596,0,16688,5232,49584,,,,,,,,
72082906,72083146,0,0,59392,17596,0,16640,5232,49584,,,,,,,,
72083418,72083658,0,0,28672,17596,0,16640,5232,49584,,,,,,,,
72085466,72085706,0,0,0,17596,0,16640,49792,49461,,,,,,,,
72086746,72086986,0,0,32768,17595,0,16640,49792,16693,,,,,,,,
72087770,72088010,0,0,32768,17595,0,16384,26208,49542,,,,,,,,
72089562,72089802,0,0,63488,17594,0,16640,5240,49584,,,,,,,,
72090586,72090826,0,0,30720,17595,0,16704,5232,49584,,,,,,,,
72092634,72092874,0,0,32768,17596,0,16656,49792,16693,,,,,,,,
72098010,72098250,0,0,30720,17596,0,16512,0,16760,,,,,,,,
72099290,72099530,0,0,0,17596,0,16656,49792,16693,,,,,,,,
72103386,72103626,0,0,2048,17593,0,16704,5240,49584,,,,,,,,
72107226,72107466,0,0,63488,17594,0,16752,5232,16816,,,,,,,,
72107738,72107978,0,0,32768,17593,0,16704,41940,49666,,,,,,,,
72108250,72108490,0,0,32768,17595,0,16512,0,49536,,,,,,,,
72109018,72109258,0,0,63488,17594,0,16704,5232,49584,,,,,,,,
72112346,72112586,0,0,26624,17597,0,16672,5232,49584,,,,,,,,
72113114,72113354,0,0,55296,17599,0,16752,5232,49584,,,,,,,,
72113370,72113610,0,0,55296,17599,0,16640,5232,16816,,,,,,,,
72115930,72116170,0,0,24576,17598,0,16720,5232,49584,,,,,,,,
72117466,72117706,0,0,18432,17600,0,16736,41944,49666,,,,,,,,
72117978,72118218,0,0,49152,17600,0,16736,41944,49666,,,,,,,,
72119002,72119242,0,0,51200,17600,0,16704,5232,16816,,,,,,,,
72123866,72124106,0,0,51200,17600,0,16736,5232,16816,,,,,,,,
72125402,72125642,0,0,18432,17600,0,16640,5232,49584,,,,,,,,
72128730,72128970,0,0,22528,17600,0,16512,0,49520,,,,,,,,
72133338,72133578,0,0,20480,17600,0,16704,5232,16816,,,,,,,,
72136154,72136394,0,0,53248,17600,0,16512,0,16752,,,,,,,,
72138714,72138954,0,0,59392,17596,0,16656,5232,49584,,,,,,,,
72140250,72140490,0,0,32768,17594,0,16608,0,16768,,,,,,,,
72140762,72141002,0,0,61440,17594,0,16736,5232,16816,,,,,,,,
72142554,72142794,0,0,36864,17591,0,16672,5240,49584,,,,,,,,
72144602,72144842,0,0,63488,17597,0,16640,49792,16693,,,,,,,,
72146138,72146378,0,0,59392,17597,0,16656,5232,16816,,,,,,,,
72146906,72147146,0,0,26624,17597,0,16704,5232,16816,,,,,,,,
72150234,72150474,0,0,61440,17596,0,16704,5232,16816,,,,,,,,
72152282,72152522,0,0,61440,17597,0,16512,0,16824,,,,,,,,
72152794,72153034,0,0,59392,17597,0,16720,5232,16816,,,,,,,,
72154586,72154826,0,0,61440,17595,0,16720,5232,16816,,,,,,,,
72155610,72155850,0,0,63488,17593,0,16640,5232,49584,,,,,,,,
72156378,72156618,0,0,63488,17594,0,16656,41940,49666,,,,,,,,
72157146,72157386,0,0,36864,17592,0,16672,5240,49584,,,,,,,,
72161498,72161738,0,0,20480,17600,0,16720,41944,49666,,,,,,,,
72163290,72163530,0,0,20480,17599,0,16656,5232,16816,,,,,,,,
72164314,72164554,0,0,24576,17599,0,16656,5232,16816,,,,,,,,
72164570,72164810,0,0,24576,17599,0,16704,5232,16816,,,,,,,,
72166362,72166602,0,0,61440,17597,0,16688,5232,16816,,,,,,,,
72167386,72167626,0,0,22528,17598,0,16512,0,16824,,,,,,,,
72168154,72168394,0,0,59392,17596,0,16640,5232,49584,,,,,,,,
72169178,72169418,0,0,28672,17597,0,16720,5232,16816,,,,,,,,
72171482,72171722,0,0,55296,17599,0,16656,5232,49584,,,,,,,,
72173274,72173514,0,0,24576,17597,0,16656,5232,49584,,,,,,,,
72174810,72175050,0,0,59392,17597,0,16704,5232,49584,,,,,,,,
72178906,72179146,0,0,0,17308,0,16656,49808,16693,,,,,,,,
72180954,72181194,0,0,0,17308,0,16656,49808,16693,,,,,,,,
72183002,72183242,0,0,12288,17426,0,16656,26208,49450,,,,,,,,
72185306,72185546,0,0,40960,17418,0,16256,0,49620,,,,,,,,
72188122,72188362,0,0,0,17429,0,16256,0,0,,,,,,,,
72189402,72189642,0,0,8192,17430,0,16576,0,49528,,,,,,,,
72191194,72191434,0,0,36864,17420,0,16384,8,16680,,,,,,,,
72193498,72193738,0,0,40960,17419,0,16640,26208,49450,,,,,,,,
72195290,72195530,0,0,32768,17421,0,16640,26208,49450,,,,,,,,
72197338,72197578,0,0,32768,17421,0,16656,26208,49450,,,,,,,,
72199898,72200138,0,0,36864,17451,0,16512,0,49520,,,,,,,,
72202202,72202442,0,0,36864,17424,0,16256,32768,17073,,,,,,,,
72202714,72202954,0,0,0,17312,0,16384,13106,16691,,,,,,,,
72204506,72204746,0,0,0,17429,0,16256,0,0,,,,,,,,
72205530,72205770,0,0,40960,17417,0,16256,0,16920,,,,,,,,
72206298,72206538,0,0,0,17308,0,16656,49808,49461,,,,,,,,
72207322,72207562,0,0,45056,17418,0,16640,26208,49450,,,,,,,,
72210394,72210634,0,0,57344,17415,0,16640,26208,49450,,,,,,,,
72210906,72211146,0,0,0,17310,0,16512,0,16768,,,,,,,,
72212186,72212426,0,0,49152,17416,0,16736,5240,16816,,,,,,,,
72214746,72214986,0,0,49152,17392,0,16256,0,17016,,,,,,,,
72215258,72215498,0,0,0,17308,0,16640,49808,49461,,,,,,,,
72215770,72216010,0,0,32768,17398,0,16256,0,49826,,,,,,,,
72216794,72217034,0,0,45056,17449,0,16384,0,49448,,,,,,,,
72217306,72217546,0,0,40960,17450,0,16640,26216,49450,,,,,,,,
72218074,72218314,0,0,45056,17449,0,16656,26216,16682,,,,,,,,
72219866,72220106,0,0,36864,17451,0,16640,26216,16682,,,,,,,,
72221658,72221898,0,0,0,17437,0,16384,13112,16691,,,,,,,,
72222170,72222410,0,0,0,17437,0,16384,13120,49459,,,,,,,,
72223706,72223946,0,0,0,17438,0,16512,0,16768,,,,,,,,
72224986,72225226,0,0,4096,17432,0,16704,5240,16816,,,,,,,,
72226266,72226506,0,0,0,17310,0,16640,49808,49461,,,,,,,,
72226778,72227018,0,0,0,17308,0,16656,49808,16693,,,,,,,,
72228826,72229066,0,0,0,17310,0,16640,49808,49461,,,,,,,,
72229338,72229578,0,0,0,17308,0,16656,49808,49461,,,,,,,,
72232922,72233162,0,0,4096,17475,0,16512,0,49528,,,,,,,,
72234202,72234442,0,0,8192,17476,0,16704,5244,49584,,,,,,,,
72237530,72237770,0,0,49152,17417,0,16384,65528,49447,,,,,,,,
72239066,72239306,0,0,57344,17369,0,16256,32768,17095,,,,,,,,
72242650,72242890,0,0,53248,17412,0,16256,32768,17026,,,,,,,,
72244442,72244682,0,0,53248,17608,0,16256,0,16852,,,,,,,,
72245466,72245706,0,0,2048,17605,0,16752,26224,49578,,,,,,,,
72249562,72249802,0,0,59392,17597,0,16688,5232,16816,,,,,,,,
72250842,72251082,0,0,30720,17597,0,16688,49792,16693,,,,,,,,
72254682,72254922,0,0,0,17595,0,16544,0,49536,,,,,,,,
72255450,72255690,0,0,59392,17597,0,16752,5232,49584,,,,,,,,
72255962,72256202,0,0,0,17596,0,16656,49792,49461,,,,,,,,
72257754,72257994,0,0,30720,17596,0,16752,5232,49584,,,,,,,,
72259290,72259530,0,0,0,17594,0,16384,13144,16691,,,,,,,,
72264410,72264650,0,0,26624,17597,0,16688,5232,16816,,,,,,,,
72264922,72265162,0,0,22528,17598,0,16656,5232,49584,,,,,,,,
72265946,72266186,0,0,26624,17597,0,16736,5232,16816,,,,,,,,
72266458,72266698,0,0,57344,17597,0,16720,5232,16816,,,,,,,,
72268250,72268490,0,0,32768,17594,0,16656,41940,49666,,,,,,,,
72270298,72270538,0,0,0,17594,0,16608,0,49536,,,,,,,,
72271066,72271306,0,0,34816,17593,0,16672,5240,49584,,,,,,,,
72271578,72271818,0,0,34816,17593,0,16672,5240,49584,,,,,,,,
72272602,72272842,0,0,32768,17592,0,16640,49792,49461,,,,,,,,
72274138,72274378,0,0,32768,17593,0,16544,0,49536,,,,,,,,
72275930,72276170,0,0,32768,17590,0,16672,49792,49461,,,,,,,,
72280794,72281034,0,0,40960,17588,0,16720,5240,49584,,,,,,,,
72281306,72281546,0,0,43008,17587,0,16384,65520,49531,,,,,,,,
72284634,72284874,0,0,36864,17590,0,16656,5240,16816,,,,,,,,
72285146,72285386,0,0,38912,17590,0,16736,5240,49584,,,,,,,,
72291290,72291530,0,0,28672,17596,0,16672,5232,49584,,,,,,,,
72292058,72292298,0,0,0,17596,0,16448,13112,16691,,,,,,,,
72292570,72292810,0,0,32768,17596,0,16640,49792,49461,,,,,,,,
72294106,72294346,0,0,28672,17595,0,16608,0,16828,,,,,,,,
72294618,72294858,0,0,61440,17595,0,16656,5232,16816,,,,,,,,
72295898,72296138,0,0,0,17596,0,16656,49792,16693,,,,,,,,
72299994,72300234,0,0,30720,17597,0,16512,0,16760,,,,,,,,
72300250,72300490,0,0,61440,17597,0,16736,5232,16816,,,,,,,,
72300762,72301002,0,0,22528,17598,0,16656,5232,49584,,,,,,,,
72301530,72301770,0,0,24576,17598,0,16720,5232,16816,,,,,,,,
72302810,72303050,0,0,61440,17596,0,16640,5232,49584,,,,,,,,
72304858,72305098,0,0,0,17593,0,16656,49792,49461,,,,,,,,
72305370,72305610,0,0,28672,17597,0,16672,5232,49584,,,,,,,,
72305882,72306122,0,0,28672,17596,0,16672,5232,49584,,,,,,,,
72307674,72307914,0,0,6144,17589,0,16512,0,49528,,,,,,,,
72309466,72309706,0,0,45056,17589,0,16656,5240,16816,,,,,,,,
72311514,72311754,0,0,61440,17595,0,16672,5232,16816,,,,,,,,
72312794,72313034,0,0,4096,17592,0,16672,5240,16816,,,,,,,,
72316122,72316362,0,0,34816,17593,0,16688,5240,16816,,,,,,,,
72317146,72317386,0,0,34816,17592,0,16656,41940,49666,,,,,,,,
72319706,72319946,0,0,32768,17592,0,16736,5240,16816,,,,,,,,
72321754,72321994,0,0,30720,17573,0,16256,0,49566,,,,,,,,
72322266,72322506,0,0,8192,17590,0,16256,0,49656,,,,,,,,
72323546,72323786,0,0,28672,17597,0,16736,5232,49584,,,,,,,,
72324314,72324554,0,0,53248,17599,0,16752,5232,16816,,,,,,,,
72326106,72326346,0,0,0,17595,0,16384,13096,49459,,,,,,,,
72326874,72327114,0,0,0,17591,0,16656,49792,16693,,,,,,,,
72329946,72330186,0,0,0,17593,0,16656,49792,16693,,,,,,,,
72331738,72331978,0,0,40960,17590,0,16656,5240,16816,,,,,,,,
72332250,72332490,0,0,4096,17591,0,16656,5240,16816,,,,,,,,
72333274,72333514,0,0,0,17592,0,16384,13096,49459,,,,,,,,
72334810,72335050,0,0,59392,17596,0,16672,5232,16816,,,,,,,,
72335066,72335306,0,0,30720,17598,0,16688,26208,16682,,,,,,,,
72336090,72336330,0,0,20480,17598,0,16656,5232,16816,,,,,,,,
72337114,72337354,0,0,57344,17511,0,16512,32768,17208,,,,,,,,
72338650,72338890,0,0,32768,17553,0,16640,49808,16693,,,,,,,,
72339674,72339914,0,0,6144,17550,0,16448,65520,16679,,,,,,,,
72342746,72342986,0,0,51200,17585,0,16752,26216,49578,,,,,,,,
72344538,72344778,0,0,26624,17576,0,16672,26208,49450,,,,,,,,
72346074,72346314,0,0,55296,17576,0,16512,0,49528,,,,,,,,
72346330,72346570,0,0,51200,17577,0,16672,5240,16816,,,,,,,,
72347866,72348106,0,0,22528,17577,0,16656,26208,16682,,,,,,,,
72348634,72348874,0,0,32768,17595,0,16256,0,16704,,,,,,,,
72349146,72349386,0,0,0,17594,0,16512,0,49536,,,,,,,,
72349914,72350154,0,0,0,17594,0,16512,0,49536,,,,,,,,
72350426,72350666,0,0,63488,17593,0,16688,5232,49584,,,,,,,,
72356570,72356810,0,0,0,17308,0,16656,49808,49461,,,,,,,,
72360154,72360394,0,0,0,17595,0,16512,0,49536,,,,,,,,
72360410,72360650,0,0,26624,17597,0,16704,5232,16816,,,,,,,,
72361434,72361674,0,0,59392,17595,0,16640,5232,49584,,,,,,,,
72361946,72362186,0,0,32768,17596,0,16656,49792,49461,,,,,,,,
72363226,72363466,0,0,59392,17597,0,16656,5232,49584,,,,,,,,
72363738,72363978,0,0,53248,17599,0,16736,5232,16816,,,,,,,,
72364250,72364490,0,0,59392,17596,0,16656,5232,49584,,,,,,,,
72366298,72366538,0,0,0,17595,0,16688,5240,16816,,,,,,,,
72366810,72367050,0,0,63488,17594,0,16544,0,16828,,,,,,,,
72367322,72367562,0,0,63488,17593,0,16656,5232,49584,,,,,,,,
72369882,72370122,0,0,36864,17590,0,16688,5240,16816,,,,,,,,
72370906,72371146,0,0,2048,17594,0,16656,5240,49584,,,,,,,,
72371418,72371658,0,0,30720,17595,0,16512,0,16760,,,,,,,,
72371674,72371914,0,0,0,17595,0,16448,13096,49459,,,,,,,,
72372442,72372682,0,0,34816,17593,0,16688,5240,16816,,,,,,,,
72372954,72373194,0,0,36864,17591,0,16752,5240,49584,,,,,,,,
72375002,72375242,0,0,6144,17589,0,16736,49792,49461,,,,,,,,
72376026,72376266,0,0,6144,17589,0,16720,49792,16693,,,,,,,,
72376538,72376778,0,0,8192,17589,0,16448,39324,16771,,,,,,,,
72377818,72378058,0,0,10240,17588,0,16512,0,16760,,,,,,,,
72379098,72379338,0,0,30720,17595,0,16640,5240,49584,,,,,,,,
72381914,72382154,0,0,0,17594,0,16608,0,16768,,,,,,,,
72382426,72382666,0,0,2048,17594,0,16704,5240,16816,,,,,,,,
72383450,72383690,0,0,0,17595,0,16672,41940,49666,,,,,,,,
72384474,72384714,0,0,63488,17593,0,16672,5232,49584,,,,,,,,
72384730,72384970,0,0,32768,17593,0,16640,49792,49461,,,,,,,,
72386778,72387018,0,0,2048,17593,0,16688,5240,49584,,,,,,,,
72390874,72391114,0,0,47104,17601,0,16720,5232,16816,,,,,,,,
72392922,72393162,0,0,61440,17596,0,16512,0,49528,,,,,,,,
72394714,72394954,0,0,47104,17601,0,16256,0,49524,,,,,,,,
72395738,72395978,0,0,45056,17602,0,16384,0,49448,,,,,,,,
72398042,72398282,0,0,49152,17601,0,16688,26224,49578,,,,,,,,
72399066,72399306,0,0,18432,17601,0,16448,0,49532,,,,,,,,
72399834,72400074,0,0,16384,17601,0,16384,52416,49536,,,,,,,,
72400090,72400330,0,0,16384,17601,0,16512,0,49592,,,,,,,,
72402138,72402378,0,0,16384,17601,0,16640,5232,16816,,,,,,,,
72402650,72402890,0,0,18432,17601,0,16576,0,16752,,,,,,,,
72403930,72404170,0,0,53248,17599,0,16704,5232,49584,,,,,,,,
72407514,72407754,0,0,59392,17597,0,16656,5232,16816,,,,,,,,
72409050,72409290,0,0,63488,17597,0,16704,49792,49461,,,,,,,,
72410074,72410314,0,0,30720,17597,0,16704,5232,49584,,,,,,,,
72411354,72411594,0,0,57344,17598,0,16512,0,49528,,,,,,,,
72412378,72412618,0,0,20480,17600,0,16640,5232,16816,,,,,,,,
72414170,72414410,0,0,63488,17595,0,16720,5232,49584,,,,,,,,
72415450,72415690,0,0,28672,17597,0,16704,5232,49584,,,,,,,,
72416474,72416714,0,0,28672,17595,0,16656,5232,16816,,,,,,,,
72419034,72419274,0,0,22528,17599,0,16656,5232,16816,,,,,,,,
72419546,72419786,0,0,57344,17597,0,16720,41944,49666,,,,,,,,
72420058,72420298,0,0,63488,17595,0,16576,0,16760,,,,,,,,
72420570,72420810,0,0,0,17596,0,16656,49792,16693,,,,,,,,
72422618,72422858,0,0,63488,17597,0,16688,5232,16816,,,,,,,,
72423386,72423626,0,0,63488,17595,0,16704,5232,49584,,,,,,,,
72425690,72425930,0,0,55296,17598,0,16512,0,16824,,,,,,,,
72426202,72426442,0,0,22528,17599,0,16672,5232,16816,,,,,,,,
72426970,72427210,0,0,57344,17599,0,16576,0,16752,,,,,,,,
72427738,72427978,0,0,26624,17599,0,16688,26208,16682,,,,,,,,
72429018,72429258,0,0,2048,17593,0,16736,5240,16816,,,,,,,,
72429530,72429770,0,0,63488,17592,0,16656,5232,49584,,,,,,,,
72430298,72430538,0,0,4096,17593,0,16656,5240,49584,,,,,,,,
72431322,72431562,0,0,2048,17592,0,16704,5240,16816,,,,,,,,
72433882,72434122,0,0,0,17591,0,16672,49792,49461,,,,,,,,
72435930,72436170,0,0,40960,17590,0,16672,5240,49584,,,,,,,,
72437978,72438218,0,0,0,17594,0,16640,49792,16693,,,,,,,,
72438746,72438986,0,0,34816,17543,0,16512,0,49520,,,,,,,,
72439258,72439498,0,0,49152,17547,0,16656,26208,49450,,,,,,,,
72439770,72440010,0,0,45056,17548,0,16512,0,49520,,,,,,,,
72440538,72440778,0,0,30720,17555,0,16448,32762,49793,,,,,,,,
72441050,72441290,0,0,16384,17601,0,16640,5232,16816,,,,,,,,
72442330,72442570,0,0,0,17595,0,16656,5232,16816,,,,,,,,
72442842,72443082,0,0,30720,17595,0,16656,5232,16816,,,,,,,,
72443354,72443594,0,0,30720,17595,0,16720,5232,49584,,,,,,,,
72445402,72445642,0,0,0,17535,0,16672,49808,16693,,,,,,,,
72445914,72446154,0,0,30720,17536,0,16720,49808,49461,,,,,,,,
72448986,72449226,0,0,2048,17593,0,16656,5240,49584,,,,,,,,
72449498,72449738,0,0,32768,17594,0,16512,0,16824,,,,,,,,
72449754,72449994,0,0,36864,17591,0,16656,5240,49584,,,,,,,,
72450266,72450506,0,0,2048,17593,0,16656,5240,49584,,,,,,,,
72453594,72453834,0,0,32768,17582,0,16672,26216,49578,,,,,,,,
72454362,72454602,0,0,36864,17467,0,16256,49152,17215,,,,,,,,
72454618,72454858,0,0,0,17322,0,16672,49808,16693,,,,,,,,
72455898,72456138,0,0,40960,17568,0,16256,0,49965,,,,,,,,
72456922,72457162,0,0,32768,17596,0,16640,49792,16693,,,,,,,,
72459226,72459466,0,0,6144,17589,0,16544,0,16760,,,,,,,,
72459738,72459978,0,0,53248,17577,0,16576,0,49520,,,,,,,,
72460250,72460490,0,0,14336,17579,0,16384,65520,49447,,,,,,,,
72460762,72461002,0,0,14336,17579,0,16384,65520,49447,,,,,,,,
72461274,72461514,0,0,22528,17577,0,16656,26208,16682,,,,,,,,
72462810,72463050,0,0,2048,17582,0,16704,26216,49578,,,,,,,,
72463322,72463562,0,0,53248,17585,0,16672,5240,49584,,,,,,,,
72464858,72465098,0,0,63488,17596,0,16704,5232,49584,,,,,,,,
72465370,72465610,0,0,32768,17596,0,16672,49792,49461,,,,,,,,
72465882,72466122,0,0,32768,17595,0,16448,13112,16691,,,,,,,,
72467162,72467402,0,0,28672,17597,0,16688,5232,49584,,,,,,,,
72469722,72469962,0,0,53248,17561,0,16256,0,16906,,,,,,,,
72470234,72470474,0,0,22528,17538,0,16256,0,16822,,,,,,,,
72470746,72470986,0,0,4096,17520,0,16720,26224,49450,,,,,,,,
72474842,72475082,0,0,36864,17494,0,16256,0,16886,,,,,,,,
72475354,72475594,0,0,49152,17448,0,16256,0,49520,,,,,,,,
72475866,72476106,0,0,32768,17452,0,16384,0,49448,,,,,,,,
72477914,72478154,0,0,24576,17454,0,16656,26216,49450,,,,,,,,
72479706,72479946,0,0,12288,17428,0,16720,5240,49584,,,,,,,,
72480218,72480458,0,0,0,17429,0,16256,0,0,,,,,,,,
72482010,72482250,0,0,53248,17416,0,16256,0,16692,,,,,,,,
72483034,72483274,0,0,0,17324,0,16688,49808,16693,,,,,,,,
72484058,72484298,0,0,24576,17598,0,16672,5232,16816,,,,,,,,
72484570,72484810,0,0,63488,17595,0,16720,5232,49584,,,,,,,,
72486106,72486346,0,0,0,17594,0,16720,41940,49666,,,,,,,,
72486618,72486858,0,0,30720,17595,0,16720,5232,49584,,,,,,,,
72487386,72487626,0,0,32768,17595,0,16608,0,49536,,,,,,,,
72487642,72487882,0,0,0,17595,0,16512,0,16768,,,,,,,,
72488410,72488650,0,0,26624,17597,0,16720,5232,49584,,,,,,,,
72489690,72489930,0,0,2048,17591,0,16720,5240,49584,,,,,,,,
72490458,72490698,0,0,32768,17595,0,16656,49792,49461,,,,,,,,
72490970,72491210,0,0,63488,17596,0,16720,5232,49584,,,,,,,,
72491482,72491722,0,0,26624,17597,0,16672,5232,16816,,,,,,,,
72492250,72492490,0,0,30720,17596,0,16720,5232,49584,,,,,,,,
72492762,72493002,0,0,61440,17596,0,16720,5232,49584,,,,,,,,
72494298,72494538,0,0,30720,17596,0,16720,5232,49584,,,,,,,,
72495322,72495562,0,0,63488,17595,0,16720,41940,49666,,,,,,,,
72497114,72497354,0,0,61440,17595,0,16608,0,49596,,,,,,,,
72498138,72498378,0,0,63488,17595,0,16720,5232,49584,,,,,,,,
72499418,72499658,0,0,32768,17593,0,16640,5232,16816,,,,,,,,
72499930,72500170,0,0,2048,17592,0,16512,0,16760,,,,,,,,
72502234,72502474,0,0,6144,17590,0,16672,5240,16816,,,,,,,,
72503258,72503498,0,0,2048,17593,0,16656,5240,16816,,,,,,,,
72504794,72505034,0,0,32768,17592,0,16640,49792,49461,,,,,,,,
72505818,72506058,0,0,34816,17593,0,16672,41940,16898,,,,,,,,
72506330,72506570,0,0,0,17594,0,16448,13144,16691,,,,,,,,
72506842,72507082,0,0,0,17594,0,16512,0,16768,,,,,,,,
72507354,72507594,0,0,0,17594,0,16608,0,49536,,,,,,,,
72509658,72509898,0,0,61440,17596,0,16720,41940,49666,,,,,,,,
