5,71547866,71548106,17340,27569,0,0,-16,103,0,0,28672,17597,0,16720,5232,49584
5,71548890,71549130,17344,4865,0,0,-16,105,0,0,63488,17594,0,16720,5232,49584
5,71549402,71549642,17346,43785,0,0,-17,105,0,0,57344,17596,0,16656,5232,16816
5,71550426,71550666,17350,7641,0,0,-13,103,0,0,32768,17595,0,16512,0,49536
5,71550938,71551178,17352,3233,0,0,-15,106,0,0,63488,17595,0,16704,5232,49584
5,71552986,71553226,17360,43585,0,0,-20,96,0,0,0,17591,0,16656,49792,49461
5,71554522,71554762,17366,54041,0,0,-18,103,0,0,6144,17591,0,16656,5240,49584
5,71555034,71555274,17368,27617,0,0,-15,105,0,0,30720,17595,0,16656,5232,49584
5,71556314,71556554,17373,26259,0,0,-15,103,0,0,28672,17595,0,16640,5232,49584
5,71556826,71557066,17375,39723,0,0,-15,102,0,0,63488,17594,0,16640,5232,49584
5,71557850,71558090,17379,6299,0,0,-13,105,0,0,32768,17595,0,16640,49792,49461
5,71559386,71559626,17385,4451,0,0,-14,103,0,0,6144,17591,0,16640,5240,49584
5,71560922,71561162,17391,33515,0,0,-15,104,0,0,8192,17589,0,16720,5240,16816
5,71561434,71561674,17393,39491,0,0,-18,105,0,0,38912,17590,0,16704,5240,16816
5,71561946,71562186,17395,27739,0,0,-17,106,0,0,4096,17590,0,16752,5240,49584
5,71562202,71562442,17396,17681,0,0,-15,105,0,0,8192,17590,0,16720,5240,16816
5,71562458,71562698,17397,53043,0,0,-16,103,0,0,4096,17590,0,16704,5240,16816
5,71563738,71563978,17402,44393,0,0,-14,105,0,0,2048,17593,0,16608,0,49656
5,71564250,71564490,17404,6321,0,0,-12,101,0,0,63488,17596,0,16656,49792,49461
5,71564762,71565002,17406,56889,0,0,-9,103,0,0,22528,17599,0,16512,0,16824
5,71567066,71567306,17415,63627,0,0,-17,102,0,0,59392,17597,0,16656,5232,16816
5,71567578,71567818,17417,48355,0,0,-14,105,0,0,61440,17595,0,16672,5232,16816
5,71573210,71573450,17439,23083,0,0,-14,106,0,0,30720,17595,0,16656,5232,16816
5,71575002,71575242,17446,19801,0,0,-14,102,0,0,0,17594,0,16720,41940,49666
5,71576538,71576778,17452,17009,0,0,-15,106,0,0,0,17596,0,16512,0,49536
5,71576794,71577034,17453,51027,0,0,-15,103,0,0,0,17596,0,16640,49792,16693
5,71577562,71577802,17456,1473,0,0,-15,103,0,0,30720,17596,0,16752,5232,16816
5,71579610,71579850,17464,30561,0,0,-15,105,0,0,30720,17596,0,16672,5232,49584
5,71580122,71580362,17466,12905,0,0,-16,103,0,0,0,17596,0,16512,0,49536
5,71580634,71580874,17468,50609,0,0,-15,104,0,0,63488,17596,0,16672,5232,49584
5,71581658,71581898,17472,36097,0,0,-9,103,0,0,30720,17596,0,16704,5232,49584
5,71582938,71583178,17477,55283,0,0,-15,103,0,0,4096,17592,0,16512,0,49596
5,71583450,71583690,17479,38795,0,0,-13,105,0,0,0,17592,0,16656,49792,49461
5,71583962,71584202,17481,21475,0,0,-15,104,0,0,2048,17592,0,16672,5240,49584
5,71584474,71584714,17483,62203,0,0,-17,105,0,0,30720,17594,0,16736,5232,16816
5,71585498,71585738,17487,57707,0,0,-17,106,0,0,61440,17595,0,16656,5232,49584
5,71587802,71588042,17496,42465,0,0,-18,106,0,0,30720,17596,0,16512,0,16760
5,71589338,71589578,17502,23993,0,0,-18,105,0,0,63488,17594,0,16656,5232,49584
5,71589850,71590090,17504,19329,0,0,-14,104,0,0,63488,17594,0,16656,41940,49666
5,71590362,71590602,17506,42889,0,0,-15,105,0,0,2048,17593,0,16720,5240,16816
5,71592410,71592650,17514,48681,0,0,-15,104,0,0,32768,17594,0,16640,5232,49584
5,71592666,71592906,17515,14971,0,0,-16,101,0,0,32768,17594,0,16672,5232,16816
5,71593690,71593930,17519,33003,0,0,-14,106,0,0,22528,17600,0,16512,0,16752
5,71594202,71594442,17521,34883,0,0,-14,105,0,0,32768,17594,0,16512,0,16828
5,71594714,71594954,17523,51803,0,0,-15,102,0,0,18432,17600,0,16640,5232,49584
5,71596506,71596746,17530,46953,0,0,-16,105,0,0,32768,17594,0,16640,49792,49461
5,71597274,71597514,17533,22547,0,0,-15,101,0,0,63488,17594,0,16672,5232,16816
5,71597786,71598026,17535,6315,0,0,-15,103,0,0,61440,17595,0,16512,0,16828
5,71598298,71598538,17537,56835,0,0,-10,103,0,0,63488,17594,0,16672,5232,16816
5,71599834,71600074,17543,13963,0,0,-9,100,0,0,2048,17594,0,16736,5240,49584
5,71600346,71600586,17545,60131,0,0,-13,105,0,0,0,17594,0,16512,0,16768
5,71600858,71601098,17547,16891,0,0,-10,101,0,0,59392,17597,0,16736,5232,49584
5,71601370,71601610,17549,20947,0,0,-13,102,0,0,26624,17597,0,16720,5232,49584
5,71601882,71602122,17551,57451,0,0,-13,103,0,0,24576,17599,0,16384,52416,49536
5,71602650,71602890,17554,43849,0,0,-13,98,0,0,53248,17600,0,16640,26208,16682
5,71606746,71606986,17570,52361,0,0,-15,101,0,0,55296,17598,0,16656,5232,16816
5,71608026,71608266,17575,9739,0,0,-13,102,0,0,59392,17598,0,16736,5232,49584
5,71609562,71609802,17581,21843,0,0,-15,106,0,0,57344,17597,0,16656,5232,16816
5,71610842,71611082,17586,64969,0,0,-14,103,0,0,63488,17597,0,16736,49792,49461
5,71611354,71611594,17588,60433,0,0,-15,106,0,0,59392,17597,0,16656,5232,16816
5,71612634,71612874,17593,5155,0,0,-13,102,0,0,59392,17598,0,16384,52416,49536
5,71614682,71614922,17601,5379,0,0,-15,105,0,0,45056,17602,0,16672,26224,16810
5,71618778,71619018,17617,56003,0,0,-11,103,0,0,57344,17598,0,16752,5232,49584
5,71619802,71620042,17621,14259,0,0,-10,102,0,0,53248,17598,0,16512,0,16824
5,71620570,71620810,17624,57313,0,0,-8,103,0,0,26624,17599,0,16512,0,16752
5,71620826,71621066,17625,40867,0,0,-13,102,0,0,59392,17598,0,16688,5232,16816
5,71621338,71621578,17627,40123,0,0,-9,103,0,0,57344,17598,0,16656,5232,49584
5,71622362,71622602,17631,38699,0,0,-13,101,0,0,28672,17598,0,16656,5232,49584
5,71624410,71624650,17639,17675,0,0,-13,104,0,0,57344,17598,0,16656,5232,49584
5,71625434,71625674,17643,55419,0,0,-13,105,0,0,53248,17600,0,16544,0,16752
5,71626970,71627210,17649,30275,0,0,-13,101,0,0,28672,17596,0,16704,5232,49584
5,71627738,71627978,17652,30993,0,0,-9,103,0,0,28672,17596,0,16656,5232,49584
5,71628762,71629002,17656,20065,0,0,-10,103,0,0,32768,17595,0,16640,49792,49461
5,71631578,71631818,17667,44059,0,0,-15,99,0,0,0,17592,0,16448,13112,16691
5,71633114,71633354,17673,6371,0,0,-13,104,0,0,59392,17596,0,16512,0,49656
5,71633626,71633866,17675,57339,0,0,-13,102,0,0,30720,17593,0,16512,0,49596
5,71634650,71634890,17679,56939,0,0,-14,104,0,0,32768,17593,0,16512,0,49536
5,71635418,71635658,17682,30025,0,0,-15,103,0,0,57344,17594,0,16656,5232,16816
5,71636954,71637194,17688,64737,0,0,-14,101,0,0,30720,17595,0,16576,0,49528
5,71637722,71637962,17691,43963,0,0,-13,103,0,0,0,17595,0,16384,13096,49459
5,71641562,71641802,17706,36137,0,0,-10,105,0,0,30720,17596,0,16736,5232,49584
5,71642074,71642314,17708,63089,0,0,-13,103,0,0,61440,17595,0,16656,5232,16816
5,71645402,71645642,17721,49699,0,0,-12,99,0,0,63488,17596,0,16512,0,49528
5,71645914,71646154,17723,54075,0,0,-13,104,0,0,28672,17596,0,16656,5232,16816
5,71646938,71647178,17727,54699,0,0,-15,102,0,0,26624,17597,0,16656,5232,16816
5,71647450,71647690,17729,33539,0,0,-14,104,0,0,61440,17595,0,16512,0,49596
5,71647962,71648202,17731,39707,0,0,-13,102,0,0,63488,17595,0,16720,5232,49584
5,71650522,71650762,17741,42707,0,0,-9,104,0,0,24576,17598,0,16720,5232,49584
5,71652826,71653066,17750,37145,0,0,-9,105,0,0,61440,17597,0,16656,5232,16816
5,71653338,71653578,17752,6625,0,0,-13,102,0,0,59392,17597,0,16656,5232,16816
5,71654618,71654858,17757,37011,0,0,-14,102,0,0,22528,17598,0,16512,0,49596
5,71655386,71655626,17760,16257,0,0,-14,100,0,0,57344,17597,0,16608,0,49596
5,71656922,71657162,17766,54873,0,0,-9,103,0,0,57344,17597,0,16656,5232,16816
5,71657434,71657674,17768,35105,0,0,-9,105,0,0,57344,17597,0,16688,5232,49584
5,71658202,71658442,17771,30331,0,0,-13,105,0,0,26624,17598,0,16672,5232,49584
5,71658714,71658954,17773,10835,0,0,-10,103,0,0,28672,17598,0,16672,5232,49584
5,71660506,71660746,17780,37649,0,0,-12,104,0,0,26624,17597,0,16736,5232,16816
5,71661530,71661770,17784,34913,0,0,-14,100,0,0,26624,17598,0,16672,5232,49584
5,71662298,71662538,17787,25147,0,0,-9,102,0,0,57344,17597,0,16672,5232,49584
5,71663066,71663306,17790,23609,0,0,-13,104,0,0,55296,17598,0,16656,5232,49584
5,71663834,71664074,17793,47619,0,0,-13,102,0,0,55296,17599,0,16656,5232,49584
5,71664858,71665098,17797,56051,0,0,-13,104,0,0,63488,17592,0,16656,5232,49584
5,71666394,71666634,17803,32251,0,0,-15,105,0,0,16384,17381,0,16256,0,17049
5,71667418,71667658,17807,56427,0,0,-17,104,0,0,0,17312,0,16512,0,16768
5,71667930,71668170,17809,49091,0,0,-17,105,0,0,0,17308,0,16656,49808,49461
5,71668442,71668682,17811,48603,0,0,-15,104,0,0,0,17312,0,16384,13106,16691
5,71669466,71669706,17815,4683,0,0,-17,104,0,0,49152,17313,0,16608,0,49592
5,71669722,71669962,17816,14049,0,0,-16,103,0,0,45056,17417,0,16256,0,49590
5,71672026,71672266,17825,30083,0,0,-15,104,0,0,12288,17426,0,16656,26208,16682
5,71672794,71673034,17828,25809,0,0,-17,105,0,0,40960,17350,0,16256,32768,17050
5,71673306,71673546,17830,35673,0,0,-15,105,0,0,0,17308,0,16656,49808,16693
5,71673818,71674058,17832,58913,0,0,-15,104,0,0,16384,17427,0,16736,5240,49584
5,71675098,71675338,17837,29011,0,0,-15,104,0,0,0,17429,0,16256,0,0
5,71675610,71675850,17839,64491,0,0,-15,105,0,0,4096,17430,0,16656,5240,16816
5,71676122,71676362,17841,56131,0,0,-16,103,0,0,16384,17430,0,16688,5240,16816
5,71679194,71679434,17853,31507,0,0,-16,104,0,0,53248,17415,0,16256,0,49524
5,71681242,71681482,17861,16883,0,0,-17,104,0,0,32768,17421,0,16640,26208,16682
5,71681754,71681994,17863,20875,0,0,-16,103,0,0,32768,17421,0,16512,0,16752
5,71682522,71682762,17866,39337,0,0,-13,101,0,0,0,17308,0,16656,49808,16693
5,71683034,71683274,17868,26353,0,0,-17,100,0,0,0,17335,0,16448,39321,49751
5,71685850,71686090,17879,29003,0,0,-10,102,0,0,40960,17419,0,16656,26208,16682
5,71687386,71687626,17885,40595,0,0,-12,104,0,0,36864,17451,0,16640,26216,16682
5,71691994,71692234,17903,31467,0,0,-14,101,0,0,0,17430,0,16704,49808,49461
5,71693018,71693258,17907,58459,0,0,-12,101,0,0,12288,17429,0,16704,5240,49584
5,71693530,71693770,17909,1843,0,0,-13,100,0,0,16384,17428,0,16656,5240,16816
5,71694042,71694282,17911,16587,0,0,-15,102,0,0,16384,17379,0,16256,0,17119
5,71694810,71695050,17914,54633,0,0,-9,105,0,0,0,17333,0,16448,13107,49771
5,71697370,71697610,17924,14417,0,0,-9,106,0,0,49152,17417,0,16656,26208,49450
5,71699418,71699658,17932,21489,0,0,-13,103,0,0,0,17308,0,16656,49808,49461
5,71700442,71700682,17936,36673,0,0,-14,103,0,0,49152,17417,0,16384,8,16680
5,71700954,71701194,17938,2377,0,0,-15,103,0,0,53248,17416,0,16640,26208,49450
5,71701466,71701706,17940,21393,0,0,-13,103,0,0,49152,17417,0,16640,26208,49450
5,71703258,71703498,17947,59323,0,0,-14,101,0,0,8192,17356,0,16256,32768,17072
5,71705306,71705546,17955,65435,0,0,-14,103,0,0,45056,17449,0,16640,26216,49450
5,71706330,71706570,17959,57355,0,0,-15,101,0,0,45056,17449,0,16656,26216,16682
5,71707866,71708106,17965,65363,0,0,-14,103,0,0,45056,17449,0,16448,0,16680
5,71708890,71709130,17969,51523,0,0,-15,103,0,0,0,17435,0,16656,49808,16693
5,71709914,71710154,17973,44595,0,0,-15,105,0,0,0,17437,0,16640,49808,16693
5,71712730,71712970,17984,29953,0,0,-9,103,0,0,0,17436,0,16448,13120,49459
5,71714522,71714762,17991,36747,0,0,-15,103,0,0,0,17308,0,16656,49808,16693
5,71716570,71716810,17999,55659,0,0,-13,105,0,0,0,17310,0,16640,49808,49461
5,71717850,71718090,18004,24721,0,0,-13,102,0,0,0,17308,0,16656,49808,16693
5,71719642,71719882,18011,63163,0,0,-10,103,0,0,20480,17475,0,16656,5244,16816
5,71721434,71721674,18018,53129,0,0,-14,104,0,0,8192,17474,0,16512,0,49592
5,71722714,71722954,18023,65291,0,0,-10,103,0,0,8192,17475,0,16736,5244,16816
5,71725018,71725258,18032,27329,0,0,-15,105,0,0,57344,17409,0,16256,0,17216
5,71726554,71726794,18038,65433,0,0,-14,104,0,0,40960,17419,0,16640,26208,49450
5,71727066,71727306,18040,64609,0,0,-13,103,0,0,40960,17419,0,16640,26208,49450
5,71727578,71727818,18042,57193,0,0,-13,103,0,0,16384,17383,0,16256,0,49917
5,71728090,71728330,18044,55985,0,0,-9,104,0,0,61440,17444,0,16512,0,16760
5,71730650,71730890,18054,25817,0,0,-13,99,0,0,0,17442,0,16672,49808,16693
5,71731162,71731402,18056,35745,0,0,-15,103,0,0,0,17339,0,16384,52428,17024
5,71732442,71732682,18061,35283,0,0,-10,100,0,0,47104,17609,0,16512,0,49588
5,71732954,71733194,18063,55403,0,0,-9,104,0,0,43008,17602,0,16688,41944,49666
5,71733466,71733706,18065,39875,0,0,-10,104,0,0,45056,17602,0,16512,0,49520
5,71733978,71734218,18067,31195,0,0,-11,98,0,0,49152,17601,0,16656,26208,49450
5,71736282,71736522,18076,4401,0,0,-14,102,0,0,30720,17596,0,16576,0,49528
5,71740378,71740618,18092,33905,0,0,-14,103,0,0,61440,17598,0,16720,26208,49450
5,71741658,71741898,18097,46915,0,0,-13,104,0,0,61440,17596,0,16672,5232,16816
5,71742170,71742410,18099,29019,0,0,-11,106,0,0,32768,17594,0,16656,49792,16693
5,71742938,71743178,18102,62617,0,0,-14,105,0,0,0,17594,0,16672,41940,16898
5,71743962,71744202,18106,25705,0,0,-13,103,0,0,63488,17595,0,16656,5232,16816
5,71744474,71744714,18108,34737,0,0,-13,99,0,0,0,17593,0,16640,49792,16693
5,71744986,71745226,18110,50489,0,0,-10,105,0,0,32768,17593,0,16640,49792,16693
5,71747546,71747786,18120,26785,0,0,-13,104,0,0,30720,17596,0,16688,5232,49584
5,71749850,71750090,18129,37571,0,0,-15,100,0,0,63488,17595,0,16640,5232,49584
5,71752410,71752650,18139,5307,0,0,-15,103,0,0,57344,17595,0,16512,0,16824
5,71753178,71753418,18142,12217,0,0,-13,103,0,0,26624,17598,0,16608,0,49528
5,71753690,71753930,18144,44417,0,0,-15,103,0,0,30720,17596,0,16752,5232,49584
5,71753946,71754186,18145,2179,0,0,-14,104,0,0,26624,17597,0,16688,5232,16816
5,71754458,71754698,18147,19611,0,0,-13,103,0,0,63488,17595,0,16688,5232,16816
5,71756250,71756490,18154,28713,0,0,-11,103,0,0,0,17595,0,16608,0,16768
5,71757530,71757770,18159,30443,0,0,-14,105,0,0,32768,17593,0,16656,49792,16693
5,71759578,71759818,18167,48331,0,0,-13,101,0,0,0,17592,0,16656,49792,49461
5,71760090,71760330,18169,41763,0,0,-10,105,0,0,0,17593,0,16656,49792,49461
5,71760602,71760842,18171,48187,0,0,-15,103,0,0,0,17594,0,16640,49792,49461
5,71761114,71761354,18173,40467,0,0,-10,105,0,0,32768,17593,0,16656,49792,49461
5,71761626,71761866,18175,36523,0,0,-13,106,0,0,30720,17594,0,16656,5232,49584
5,71762138,71762378,18177,1027,0,0,-10,104,0,0,30720,17594,0,16656,5232,49584
5,71762650,71762890,18179,9243,0,0,-10,105,0,0,4096,17592,0,16256,0,16828
5,71763162,71763402,18181,17651,0,0,-9,104,0,0,38912,17592,0,16656,5240,49584
5,71763930,71764170,18184,17825,0,0,-13,101,0,0,2048,17591,0,16512,0,16768
5,71764442,71764682,18186,29353,0,0,-13,103,0,0,2048,17591,0,16688,5240,16816
5,71764954,71765194,18188,2033,0,0,-13,103,0,0,14336,17587,0,16688,5240,16816
5,71765466,71765706,18190,18297,0,0,-13,104,0,0,6144,17589,0,16752,5240,49584
5,71767002,71767242,18196,34705,0,0,-15,102,0,0,34816,17590,0,16544,0,49528
5,71768026,71768266,18200,58593,0,0,-13,103,0,0,8192,17591,0,16656,5240,16816
5,71772122,71772362,18216,5153,0,0,-9,104,0,0,40960,17588,0,16688,5240,49584
5,71772634,71772874,18218,46377,0,0,-15,103,0,0,40960,17589,0,16512,0,49592
5,71773402,71773642,18221,6995,0,0,-9,102,0,0,38912,17589,0,16688,5240,49584
5,71773914,71774154,18223,62955,0,0,-13,105,0,0,10240,17589,0,16688,5240,49584
5,71775962,71776202,18231,39883,0,0,-16,104,0,0,8192,17589,0,16672,5240,49584
5,71777498,71777738,18237,42259,0,0,-14,101,0,0,4096,17590,0,16704,5240,16816
5,71778010,71778250,18239,52651,0,0,-13,103,0,0,61440,17595,0,16512,0,16828
5,71779034,71779274,18243,4891,0,0,-9,105,0,0,63488,17596,0,16512,0,16760
5,71780058,71780298,18247,2955,0,0,-14,103,0,0,30720,17596,0,16512,0,16760
5,71781082,71781322,18251,42747,0,0,-16,105,0,0,63488,17596,0,16688,5232,16816
5,71781338,71781578,18252,62705,0,0,-13,104,0,0,63488,17596,0,16544,0,16760
5,71783130,71783370,18259,34523,0,0,-9,104,0,0,32768,17596,0,16672,49792,16693
5,71784154,71784394,18263,43851,0,0,-9,105,0,0,28672,17596,0,16704,5232,49584
5,71787482,71787722,18276,32721,0,0,-9,104,0,0,61440,17595,0,16688,5232,49584
5,71787994,71788234,18278,32345,0,0,-14,103,0,0,30720,17594,0,16720,5232,16816
5,71788506,71788746,18280,28961,0,0,-14,103,0,0,32768,17594,0,16512,0,49536
5,71790042,71790282,18286,9977,0,0,-15,101,0,0,30720,17595,0,16512,0,16760
5,71791578,71791818,18292,64273,0,0,-10,106,0,0,30720,17595,0,16688,5232,16816
5,71792090,71792330,18294,54169,0,0,-9,105,0,0,30720,17595,0,16512,0,16828
5,71792346,71792586,18295,31435,0,0,-14,101,0,0,32768,17595,0,16656,49792,49461
5,71793370,71793610,18299,55867,0,0,-12,104,0,0,61440,17596,0,16688,5232,16816
5,71795674,71795914,18308,1617,0,0,-13,103,0,0,40960,17590,0,16656,5240,16816
5,71796186,71796426,18310,14553,0,0,-15,99,0,0,36864,17589,0,16720,5240,49584
5,71801306,71801546,18330,5609,0,0,-10,103,0,0,38912,17590,0,16672,5240,49584
5,71804890,71805130,18344,52769,0,0,-13,104,0,0,4096,17591,0,16656,5240,49584
5,71806170,71806410,18349,43347,0,0,-16,102,0,0,2048,17592,0,16688,5240,16816
5,71806682,71806922,18351,62443,0,0,-18,104,0,0,36864,17592,0,16672,5240,16816
5,71806938,71807178,18352,56257,0,0,-19,104,0,0,34816,17591,0,16576,0,16768
5,71807450,71807690,18354,47561,0,0,-18,105,0,0,6144,17592,0,16672,5240,16816
5,71808986,71809226,18360,3425,0,0,-16,105,0,0,0,17595,0,16640,49792,16693
5,71809754,71809994,18363,26939,0,0,-18,105,0,0,45056,17575,0,16256,0,17081
5,71810778,71811018,18367,19371,0,0,-15,104,0,0,0,17593,0,16608,0,16768
5,71811034,71811274,18368,58113,0,0,-15,105,0,0,32768,17592,0,16544,0,16768
5,71811546,71811786,18370,64265,0,0,-15,102,0,0,32768,17597,0,16640,49792,16693
5,71812570,71812810,18374,28121,0,0,-14,102,0,0,22528,17599,0,16512,0,49528
5,71814874,71815114,18383,54123,0,0,-16,103,0,0,34816,17591,0,16688,5240,49584
5,71818458,71818698,18397,54931,0,0,-16,105,0,0,2048,17593,0,16656,5240,49584
5,71818970,71819210,18399,35627,0,0,-15,100,0,0,32768,17592,0,16512,0,16768
5,71819226,71819466,18400,41345,0,0,-18,100,0,0,2048,17592,0,16704,5240,16816
5,71820250,71820490,18404,6609,0,0,-17,101,0,0,2048,17591,0,16688,5240,16816
5,71821530,71821770,18409,33123,0,0,-19,99,0,0,4096,17592,0,16672,5240,16816
5,71822042,71822282,18411,35963,0,0,-18,98,0,0,38912,17591,0,16656,5240,16816
5,71823066,71823306,18415,29419,0,0,-17,103,0,0,57344,17598,0,16720,5232,49584
5,71825882,71826122,18426,64873,0,0,-17,101,0,0,49152,17539,0,16256,0,49620
5,71827418,71827658,18432,40961,0,0,-17,102,0,0,14336,17562,0,16656,5248,49584
5,71828954,71829194,18438,41689,0,0,-15,101,0,0,30720,17536,0,16752,49808,16693
5,71829722,71829962,18441,11491,0,0,-15,104,0,0,57344,17535,0,16736,5240,16816
5,71829978,71830218,18442,34473,0,0,-15,103,0,0,30720,17536,0,16656,5240,49584
5,71831770,71832010,18449,26051,0,0,-15,101,0,0,45056,17579,0,16544,0,49520
5,71832282,71832522,18451,37851,0,0,-17,104,0,0,16384,17578,0,16656,5240,49584
5,71832794,71833034,18453,12979,0,0,-17,103,0,0,49152,17578,0,16384,16,16680
5,71833306,71833546,18455,51275,0,0,-15,99,0,0,53248,17577,0,16640,26208,16682
5,71833818,71834058,18457,2723,0,0,-17,101,0,0,49152,17578,0,16688,26216,16810
5,71834842,71835082,18461,23955,0,0,-15,102,0,0,28672,17575,0,16544,0,49528
5,71836378,71836618,18467,30619,0,0,-9,103,0,0,2048,17583,0,16448,52428,49792
5,71836890,71837130,18469,13427,0,0,-9,104,0,0,63488,17596,0,16672,49792,16693
5,71838426,71838666,18475,23419,0,0,-14,102,0,0,32768,17594,0,16384,13088,49459
5,71838938,71839178,18477,14163,0,0,-15,102,0,0,0,17594,0,16256,0,16768
5,71839962,71840202,18481,33091,0,0,-15,103,0,0,0,17593,0,16256,0,16768
5,71841242,71841482,18486,45721,0,0,-9,102,0,0,36864,17581,0,16688,26216,49578
5,71842010,71842250,18489,54819,0,0,-13,104,0,0,2048,17582,0,16512,0,49588
5,71845338,71845578,18502,55257,0,0,-14,102,0,0,0,17312,0,16640,49808,16693
5,71846106,71846346,18505,50147,0,0,-15,105,0,0,28672,17596,0,16640,5232,49584
5,71847642,71847882,18511,53611,0,0,-15,106,0,0,0,17594,0,16512,0,16828
5,71849434,71849674,18518,3353,0,0,-17,104,0,0,61440,17594,0,16688,5232,16816
5,71852250,71852490,18529,21123,0,0,-15,104,0,0,63488,17596,0,16544,0,16760
5,71852762,71853002,18531,59035,0,0,-15,103,0,0,32768,17593,0,16640,49792,16693
5,71853274,71853514,18533,7027,0,0,-15,104,0,0,36864,17591,0,16640,5240,16816
5,71854810,71855050,18539,10875,0,0,-15,104,0,0,2048,17591,0,16672,49792,49461
5,71857114,71857354,18548,12049,0,0,-15,104,0,0,2048,17592,0,16720,5240,16816
5,71857626,71857866,18550,42905,0,0,-15,102,0,0,63488,17593,0,16656,5232,49584
5,71859162,71859402,18556,17073,0,0,-15,104,0,0,30720,17594,0,16704,5232,16816
5,71860954,71861194,18563,48667,0,0,-13,103,0,0,34816,17592,0,16688,5232,16816
5,71862234,71862474,18568,29601,0,0,-13,102,0,0,6144,17591,0,16672,5240,16816
5,71862746,71862986,18570,4265,0,0,-13,102,0,0,34816,17591,0,16688,5240,16816
5,71863258,71863498,18572,38385,0,0,-13,102,0,0,34816,17590,0,16672,5240,16816
5,71863770,71864010,18574,17785,0,0,-13,104,0,0,40960,17590,0,16656,5240,16816
5,71864794,71865034,18578,64329,0,0,-13,104,0,0,38912,17590,0,16656,5240,16816
5,71865562,71865802,18581,32947,0,0,-15,101,0,0,34816,17590,0,16688,49792,49461
5,71866074,71866314,18583,34379,0,0,-15,104,0,0,10240,17589,0,16656,5240,16816
5,71866330,71866570,18584,37601,0,0,-13,102,0,0,8192,17590,0,16656,5240,16816
5,71867354,71867594,18588,31025,0,0,-13,103,0,0,36864,17593,0,16256,0,49624
5,71869146,71869386,18595,21915,0,0,-13,103,0,0,34816,17592,0,16512,0,49596
5,71870426,71870666,18600,16929,0,0,-15,104,0,0,4096,17592,0,16672,5240,49584
5,71871706,71871946,18605,50515,0,0,-13,102,0,0,32768,17594,0,16448,13096,49459
5,71872474,71872714,18608,53185,0,0,-11,101,0,0,2048,17593,0,16704,5240,49584
5,71873754,71873994,18613,13363,0,0,-10,102,0,0,2048,17594,0,16720,5240,16816
5,71874266,71874506,18615,54731,0,0,-10,104,0,0,0,17594,0,16576,0,16768
5,71875546,71875786,18620,61361,0,0,-13,105,0,0,63488,17593,0,16672,5232,49584
5,71877338,71877578,18627,44315,0,0,-10,98,0,0,0,17318,0,16656,49808,49461
5,71878874,71879114,18633,61923,0,0,-9,103,0,0,0,17605,0,16720,41944,16898
5,71880154,71880394,18638,39545,0,0,-10,103,0,0,57344,17597,0,16672,5232,49584
5,71880666,71880906,18640,28225,0,0,-11,106,0,0,53248,17599,0,16256,0,16760
5,71881690,71881930,18644,58001,0,0,-9,104,0,0,57344,17597,0,16640,5232,49584
5,71882458,71882698,18647,58699,0,0,-10,99,0,0,20480,17599,0,16656,5232,49584
5,71884506,71884746,18655,34603,0,0,-9,101,0,0,51200,17600,0,16688,5232,16816
5,71885530,71885770,18659,50331,0,0,-9,102,0,0,6144,17604,0,16720,26224,49578
5,71886810,71887050,18664,40737,0,0,-10,104,0,0,43008,17602,0,16672,5232,16816
5,71889370,71889610,18674,45769,0,0,-13,102,0,0,14336,17602,0,16720,26224,49578
5,71890394,71890634,18678,37273,0,0,-10,102,0,0,45056,17601,0,16720,41944,49666
5,71892442,71892682,18686,33337,0,0,-10,105,0,0,20480,17600,0,16720,5232,49584
5,71893722,71893962,18691,39963,0,0,-10,104,0,0,22528,17600,0,16256,0,16692
5,71894234,71894474,18693,31987,0,0,-11,102,0,0,32768,17595,0,16608,0,49536
5,71895514,71895754,18698,39593,0,0,-10,102,0,0,59392,17596,0,16656,5232,16816
5,71896538,71896778,18702,61305,0,0,-9,101,0,0,57344,17596,0,16656,5232,16816
5,71897050,71897290,18704,27457,0,0,-10,103,0,0,57344,17597,0,16656,5232,16816
5,71898074,71898314,18708,61329,0,0,-9,103,0,0,20480,17598,0,16656,5232,16816
5,71900890,71901130,18719,17963,0,0,-9,105,0,0,22528,17598,0,16656,5232,16816
5,71902170,71902410,18724,39633,0,0,-11,103,0,0,0,17593,0,16448,26208,49542
5,71904218,71904458,18732,50801,0,0,-9,103,0,0,26624,17596,0,16656,5232,16816
5,71905498,71905738,18737,23875,0,0,-11,102,0,0,30720,17597,0,16640,49792,49461
5,71907034,71907274,18743,37835,0,0,-9,104,0,0,59392,17598,0,16704,5232,49584
5,71910618,71910858,18757,58355,0,0,-9,102,0,0,28672,17596,0,16704,5232,49584
5,71912410,71912650,18764,23793,0,0,-9,102,0,0,0,17594,0,16384,13096,49459
5,71913434,71913674,18768,26689,0,0,-13,103,0,0,51200,17600,0,16672,5232,16816
5,71913946,71914186,18770,43593,0,0,-10,103,0,0,51200,17600,0,16720,41944,49666
5,71914458,71914698,18772,64657,0,0,-9,104,0,0,30720,17596,0,16720,5232,49584
5,71916250,71916490,18779,43707,0,0,-9,101,0,0,57344,17597,0,16688,5232,16816
5,71917018,71917258,18782,441,0,0,-9,103,0,0,6144,17590,0,16672,5240,16816
5,71917530,71917770,18784,3969,0,0,-11,105,0,0,40960,17589,0,16672,5240,16816
5,71918810,71919050,18789,46963,0,0,-14,101,0,0,4096,17589,0,16656,26224,49450
5,71919578,71919818,18792,22817,0,0,-14,103,0,0,4096,17589,0,16656,26224,49450
5,71920858,71921098,18797,39507,0,0,-9,103,0,0,40960,17589,0,16656,5240,49584
5,71921370,71921610,18799,27883,0,0,-9,101,0,0,6144,17589,0,16704,5240,16816
5,71922650,71922890,18804,25361,0,0,-14,100,0,0,8192,17589,0,16736,5240,16816
5,71922906,71923146,18805,10547,0,0,-13,103,0,0,4096,17589,0,16640,26224,16682
5,71924954,71925194,18813,58387,0,0,-13,102,0,0,36864,17591,0,16704,41940,49666
5,71925978,71926218,18817,10755,0,0,-13,101,0,0,32768,17594,0,16384,13088,49459
5,71927514,71927754,18823,41611,0,0,-13,103,0,0,49152,17547,0,16656,26208,16682
5,71929562,71929802,18831,52331,0,0,-8,103,0,0,20480,17600,0,16672,5232,16816
5,71931610,71931850,18839,587,0,0,-9,102,0,0,63488,17594,0,16688,5232,16816
5,71933146,71933386,18845,34707,0,0,-14,104,0,0,0,17533,0,16656,49808,49461
5,71934938,71935178,18852,13521,0,0,-12,104,0,0,61440,17535,0,16512,0,16760
5,71935194,71935434,18853,40563,0,0,-14,104,0,0,61440,17534,0,16512,0,16760
5,71935962,71936202,18856,46625,0,0,-13,101,0,0,43008,17590,0,16256,32768,49795
5,71936474,71936714,18858,26409,0,0,-13,99,0,0,30720,17597,0,16256,0,16700
5,71937242,71937482,18861,57683,0,0,-12,103,0,0,6144,17591,0,16656,5240,49584
5,71939802,71940042,18871,20939,0,0,-13,97,0,0,40960,17590,0,16688,5240,49584
5,71940826,71941066,18875,57659,0,0,-13,100,0,0,63488,17596,0,16544,0,16760
5,71942362,71942602,18881,24835,0,0,-14,104,0,0,12288,17588,0,16752,5240,16816
5,71943130,71943370,18884,15185,0,0,-13,98,0,0,0,17318,0,16640,49808,16693
5,71943898,71944138,18887,16779,0,0,-13,98,0,0,49152,17367,0,16256,0,49809
5,71944666,71944906,18890,59817,0,0,-13,102,0,0,32768,17594,0,16256,0,16704
5,71945690,71945930,18894,61049,0,0,-12,103,0,0,63488,17595,0,16736,5232,16816
5,71946458,71946698,18897,9923,0,0,-13,100,0,0,59392,17596,0,16656,5232,16816
5,71951322,71951562,18916,33233,0,0,-14,103,0,0,51200,17585,0,16256,0,49460
5,71956954,71957194,18938,9577,0,0,-8,99,0,0,4096,17543,0,16720,26208,49578
5,71959514,71959754,18948,2129,0,0,-9,100,0,0,4096,17520,0,16656,26224,16682
5,71960282,71960522,18951,57483,0,0,-14,101,0,0,32768,17513,0,16512,0,16752
5,71962330,71962570,18959,51819,0,0,-11,104,0,0,40960,17511,0,16640,26224,16682
5,71965146,71965386,18970,18409,0,0,-8,101,0,0,28672,17453,0,16656,26216,49450
5,71966426,71966666,18975,16939,0,0,-14,104,0,0,24576,17454,0,16656,26216,49450
5,71968474,71968714,18983,53259,0,0,-9,99,0,0,0,17429,0,16256,0,0
5,71970522,71970762,18991,59883,0,0,-11,103,0,0,0,17413,0,16752,49808,49461
5,71971290,71971530,18994,43977,0,0,-11,104,0,0,0,17324,0,16640,49808,16693
5,71971802,71972042,18996,2577,0,0,-10,100,0,0,47104,17552,0,16256,24576,50123
5,71972314,71972554,18998,23193,0,0,-9,102,0,0,14336,17602,0,16656,26224,49578
5,71972826,71973066,19000,12129,0,0,-9,102,0,0,61440,17596,0,16672,5232,49584
5,71974106,71974346,19005,63763,0,0,-13,103,0,0,59392,17596,0,16704,5232,16816
5,71976154,71976394,19013,32755,0,0,-14,101,0,0,63488,17593,0,16736,5232,16816
5,71978202,71978442,19021,13011,0,0,-9,102,0,0,36864,17590,0,16640,5240,16816
5,71981786,71982026,19035,59067,0,0,-14,105,0,0,32768,17594,0,16640,49792,16693
5,71983834,71984074,19043,24219,0,0,-9,104,0,0,30720,17594,0,16736,5232,16816
5,71984346,71984586,19045,21363,0,0,-10,103,0,0,32768,17593,0,16640,49792,16693
5,71985626,71985866,19050,13865,0,0,-9,105,0,0,32768,17594,0,16672,5232,49584
5,71988954,71989194,19063,61131,0,0,-9,102,0,0,2048,17594,0,16752,5240,16816
5,71989466,71989706,19065,25891,0,0,-14,100,0,0,2048,17591,0,16688,5240,49584
5,71990234,71990474,19068,43697,0,0,-14,104,0,0,45056,17587,0,16752,5240,16816
5,71990490,71990730,19069,19,0,0,-14,102,0,0,10240,17588,0,16688,5240,49584
5,71991770,71992010,19074,4617,0,0,-14,102,0,0,43008,17587,0,16640,26224,49450
5,71994586,71994826,19085,63955,0,0,-14,103,0,0,36864,17592,0,16688,41940,49666
5,71995354,71995594,19088,22849,0,0,-9,101,0,0,32768,17594,0,16608,0,49536
5,71999194,71999434,19103,49195,0,0,-9,103,0,0,30720,17595,0,16688,5232,49584
5,71999962,72000202,19106,17545,0,0,-10,103,0,0,2048,17593,0,16688,5240,49584
5,72000474,72000714,19108,26833,0,0,-13,103,0,0,36864,17591,0,16688,5240,49584
5,72000986,72001226,19110,44889,0,0,-12,97,0,0,4096,17592,0,16608,0,49592
5,72001498,72001738,19112,10785,0,0,-13,104,0,0,32768,17593,0,16640,49792,49461
5,72003034,72003274,19118,63481,0,0,-14,101,0,0,8192,17589,0,16704,5240,49584
5,72004826,72005066,19125,27699,0,0,-13,99,0,0,4096,17591,0,16736,5240,49584
5,72005594,72005834,19128,26977,0,0,-14,102,0,0,38912,17591,0,16672,5240,16816
5,72006106,72006346,19130,46185,0,0,-13,103,0,0,10240,17589,0,16688,5240,16816
5,72006618,72006858,19132,22449,0,0,-13,102,0,0,8192,17589,0,16688,5240,16816
5,72008154,72008394,19138,46857,0,0,-13,104,0,0,4096,17591,0,16688,5240,16816
5,72008922,72009162,19141,19955,0,0,-12,100,0,0,34816,17591,0,16608,0,49528
5,72010458,72010698,19147,63739,0,0,-14,103,0,0,6144,17590,0,16672,5240,49584
5,72011738,72011978,19152,22081,0,0,-12,101,0,0,8192,17589,0,16688,5240,49584
5,72013018,72013258,19157,57267,0,0,-13,104,0,0,36864,17589,0,16256,0,49464
5,72014042,72014282,19161,51107,0,0,-13,96,0,0,36864,17591,0,16672,5240,16816
5,72016346,72016586,19170,27017,0,0,-13,102,0,0,45056,17587,0,16720,5240,49584
5,72016858,72017098,19172,46545,0,0,-13,100,0,0,14336,17587,0,16720,5240,49584
5,72017626,72017866,19175,11531,0,0,-13,102,0,0,43008,17588,0,16736,5240,49584
5,72020698,72020938,19187,36955,0,0,-12,103,0,0,0,17595,0,16656,49792,49461
5,72021210,72021450,19189,4915,0,0,-13,99,0,0,6144,17590,0,16704,5240,16816
5,72021978,72022218,19192,1633,0,0,-13,101,0,0,14336,17587,0,16672,5240,49584
5,72023770,72024010,19199,32427,0,0,-14,102,0,0,2048,17591,0,16384,26212,49542
5,72025562,72025802,19206,7897,0,0,-15,104,0,0,57344,17597,0,16720,5232,49584
5,72028634,72028874,19218,60745,0,0,-9,102,0,0,28672,17596,0,16688,5232,16816
5,72029658,72029898,19222,5145,0,0,-10,103,0,0,28672,17596,0,16736,5232,49584
5,72031962,72032202,19231,15915,0,0,-9,105,0,0,30720,17597,0,16752,5232,49584
5,72033242,72033482,19236,721,0,0,-14,100,0,0,26624,17599,0,16640,26208,49450
5,72036058,72036298,19247,58859,0,0,-14,103,0,0,0,17593,0,16608,0,49536
5,72037850,72038090,19254,11929,0,0,-9,102,0,0,2048,17592,0,16704,5240,49584
5,72038618,72038858,19257,59939,0,0,-9,103,0,0,2048,17592,0,16512,0,49528
5,72039642,72039882,19261,5395,0,0,-13,101,0,0,63488,17593,0,16704,5232,49584
5,72042714,72042954,19273,55267,0,0,-9,100,0,0,4096,17591,0,16672,5240,16816
5,72045018,72045258,19282,53833,0,0,-13,102,0,0,0,17595,0,16752,41940,49666
5,72047322,72047562,19291,8891,0,0,-15,102,0,0,6144,17589,0,16512,0,16760
5,72050138,72050378,19302,52825,0,0,-14,103,0,0,30720,17596,0,16544,0,16760
5,72052186,72052426,19310,30457,0,0,-11,102,0,0,32768,17592,0,16656,49792,49461
5,72052698,72052938,19312,11969,0,0,-15,99,0,0,32768,17582,0,16256,0,16880
5,72054746,72054986,19320,16481,0,0,-17,104,0,0,26624,17598,0,16704,5232,49584
5,72057818,72058058,19332,54865,0,0,-18,102,0,0,0,17595,0,16688,5240,16816
5,72060122,72060362,19341,5587,0,0,-14,101,0,0,22528,17599,0,16704,5232,16816
5,72061658,72061898,19347,9691,0,0,-24,101,0,0,61440,17596,0,16640,5232,49584
5,72062170,72062410,19349,21683,0,0,-21,100,0,0,30720,17596,0,16720,5232,16816
5,72062682,72062922,19351,64075,0,0,-17,101,0,0,24576,17597,0,16688,5232,49584
5,72063962,72064202,19356,38193,0,0,-16,101,0,0,36864,17591,0,16656,5240,49584
5,72066522,72066762,19366,33625,0,0,-14,100,0,0,0,17594,0,16640,49792,16693
5,72067290,72067530,19369,55907,0,0,-16,97,0,0,55296,17599,0,16672,5232,16816
5,72068058,72068298,19372,2161,0,0,-15,103,0,0,34816,17592,0,16640,5240,16816
5,72069338,72069578,19377,835,0,0,-14,105,0,0,0,17595,0,16640,49792,16693
5,72070106,72070346,19380,22545,0,0,-10,104,0,0,32768,17593,0,16640,49792,16693
5,72073178,72073418,19392,45825,0,0,-9,98,0,0,0,17591,0,16640,49792,49461
5,72073690,72073930,19394,19209,0,0,-9,103,0,0,14336,17587,0,16752,41940,49666
5,72075994,72076234,19403,13563,0,0,-15,98,0,0,57344,17597,0,16704,5232,16816
5,72079578,72079818,19417,9123,0,0,-14,102,0,0,61440,17596,0,16736,5232,16816
5,72079834,72080074,19418,27369,0,0,-14,101,0,0,26624,17597,0,16688,5232,49584
5,72080602,72080842,19421,18067,0,0,-14,102,0,0,59392,17596,0,16688,5232,49584
5,72082394,72082634,19428,59857,0,0,-14,102,0,0,59392,17596,0,16688,5232,49584
5,72082906,72083146,19430,14425,0,0,-15,97,0,0,59392,17596,0,16640,5232,49584
5,72083418,72083658,19432,64289,0,0,-15,99,0,0,28672,17596,0,16640,5232,49584
5,72085466,72085706,19440,10433,0,0,-11,98,0,0,0,17596,0,16640,49792,49461
5,72086746,72086986,19445,44851,0,0,-22,105,0,0,32768,17595,0,16640,49792,16693
5,72087770,72088010,19449,28451,0,0,-18,101,0,0,32768,17595,0,16384,26208,49542
5,72089562,72089802,19456,28673,0,0,-19,98,0,0,63488,17594,0,16640,5240,49584
5,72090586,72090826,19460,28753,0,0,-19,103,0,0,30720,17595,0,16704,5232,49584
5,72092634,72092874,19468,35825,0,0,-18,104,0,0,32768,17596,0,16656,49792,16693
5,72098010,72098250,19489,2947,0,0,-18,105,0,0,30720,17596,0,16512,0,16760
5,72099290,72099530,19494,60761,0,0,-17,105,0,0,0,17596,0,16656,49792,16693
5,72103386,72103626,19510,665,0,0,-18,99,0,0,2048,17593,0,16704,5240,49584
5,72107226,72107466,19525,47091,0,0,-17,106,0,0,63488,17594,0,16752,5232,16816
5,72107738,72107978,19527,30603,0,0,-17,103,0,0,32768,17593,0,16704,41940,49666
5,72108250,72108490,19529,13283,0,0,-15,107,0,0,32768,17595,0,16512,0,49536
5,72109018,72109258,19532,30961,0,0,-15,105,0,0,63488,17594,0,16704,5232,49584
5,72112346,72112586,19545,53667,0,0,-17,100,0,0,26624,17597,0,16672,5232,49584
5,72113114,72113354,19548,7217,0,0,-16,105,0,0,55296,17599,0,16752,5232,49584
5,72113370,72113610,19549,21651,0,0,-17,102,0,0,55296,17599,0,16640,5232,16816
5,72115930,72116170,19559,59147,0,0,-18,102,0,0,24576,17598,0,16720,5232,49584
5,72117466,72117706,19565,61011,0,0,-19,103,0,0,18432,17600,0,16736,41944,49666
5,72117978,72118218,19567,24811,0,0,-20,101,0,0,49152,17600,0,16736,41944,49666
5,72119002,72119242,19571,43611,0,0,-24,96,0,0,51200,17600,0,16704,5232,16816
5,72123866,72124106,19590,23769,0,0,-19,102,0,0,51200,17600,0,16736,5232,16816
5,72125402,72125642,19596,26097,0,0,-24,85,0,0,18432,17600,0,16640,5232,49584
5,72128730,72128970,19609,10403,0,0,-22,94,0,0,22528,17600,0,16512,0,49520
5,72133338,72133578,19627,59771,0,0,-17,102,0,0,20480,17600,0,16704,5232,16816
5,72136154,72136394,19638,60569,0,0,-18,101,0,0,53248,17600,0,16512,0,16752
5,72138714,72138954,19648,42753,0,0,-18,100,0,0,59392,17596,0,16656,5232,49584
5,72140250,72140490,19654,37337,0,0,-19,105,0,0,32768,17594,0,16608,0,16768
5,72140762,72141002,19656,8353,0,0,-17,103,0,0,61440,17594,0,16736,5232,16816
5,72142554,72142794,19663,49003,0,0,-15,100,0,0,36864,17591,0,16672,5240,49584
5,72144602,72144842,19671,54603,0,0,-14,102,0,0,63488,17597,0,16640,49792,16693
5,72146138,72146378,19677,25235,0,0,-17,98,0,0,59392,17597,0,16656,5232,16816
5,72146906,72147146,19680,25985,0,0,-17,100,0,0,26624,17597,0,16704,5232,16816
5,72150234,72150474,19693,31827,0,0,-15,105,0,0,61440,17596,0,16704,5232,16816
5,72152282,72152522,19701,19251,0,0,-18,97,0,0,61440,17597,0,16512,0,16824
5,72152794,72153034,19703,42187,0,0,-15,103,0,0,59392,17597,0,16720,5232,16816
5,72154586,72154826,19710,53817,0,0,-16,102,0,0,61440,17595,0,16720,5232,16816
5,72155610,72155850,19714,33801,0,0,-15,102,0,0,63488,17593,0,16640,5232,49584
5,72156378,72156618,19717,60659,0,0,-16,101,0,0,63488,17594,0,16656,41940,49666
5,72157146,72157386,19720,64929,0,0,-16,102,0,0,36864,17592,0,16672,5240,49584
5,72161498,72161738,19737,54947,0,0,-15,100,0,0,20480,17600,0,16720,41944,49666
5,72163290,72163530,19744,41601,0,0,-16,98,0,0,20480,17599,0,16656,5232,16816
5,72164314,72164554,19748,27345,0,0,-13,105,0,0,24576,17599,0,16656,5232,16816
5,72164570,72164810,19749,16499,0,0,-10,102,0,0,24576,17599,0,16704,5232,16816
5,72166362,72166602,19756,38513,0,0,-11,105,0,0,61440,17597,0,16688,5232,16816
5,72167386,72167626,19760,39361,0,0,-11,101,0,0,22528,17598,0,16512,0,16824
5,72168154,72168394,19763,14171,0,0,-11,104,0,0,59392,17596,0,16640,5232,49584
5,72169178,72169418,19767,33739,0,0,-14,104,0,0,28672,17597,0,16720,5232,16816
5,72171482,72171722,19776,8449,0,0,-14,102,0,0,55296,17599,0,16656,5232,49584
5,72173274,72173514,19783,62347,0,0,-13,102,0,0,24576,17597,0,16656,5232,49584
5,72174810,72175050,19789,34515,0,0,-15,104,0,0,59392,17597,0,16704,5232,49584
5,72178906,72179146,19805,28819,0,0,-10,102,0,0,0,17308,0,16656,49808,16693
5,72180954,72181194,19813,10099,0,0,-15,104,0,0,0,17308,0,16656,49808,16693
5,72183002,72183242,19821,2643,0,0,-14,104,0,0,12288,17426,0,16656,26208,49450
5,72185306,72185546,19830,52121,0,0,-13,104,0,0,40960,17418,0,16256,0,49620
5,72188122,72188362,19841,39427,0,0,-11,103,0,0,0,17429,0,16256,0,0
5,72189402,72189642,19846,12505,0,0,-11,102,0,0,8192,17430,0,16576,0,49528
5,72191194,72191434,19853,19923,0,0,-11,102,0,0,36864,17420,0,16384,8,16680
5,72193498,72193738,19862,42521,0,0,-13,98,0,0,40960,17419,0,16640,26208,49450
5,72195290,72195530,19869,63379,0,0,-13,102,0,0,32768,17421,0,16640,26208,49450
5,72197338,72197578,19877,3699,0,0,-14,102,0,0,32768,17421,0,16656,26208,49450
5,72199898,72200138,19887,56299,0,0,-14,104,0,0,36864,17451,0,16512,0,49520
5,72202202,72202442,19896,50529,0,0,-10,99,0,0,36864,17424,0,16256,32768,17073
5,72202714,72202954,19898,61545,0,0,-10,104,0,0,0,17312,0,16384,13106,16691
5,72204506,72204746,19905,53507,0,0,-10,104,0,0,0,17429,0,16256,0,0
5,72205530,72205770,19909,8691,0,0,-9,102,0,0,40960,17417,0,16256,0,16920
5,72206298,72206538,19912,38049,0,0,-9,103,0,0,0,17308,0,16656,49808,49461
5,72207322,72207562,19916,1777,0,0,-9,102,0,0,45056,17418,0,16640,26208,49450
5,72210394,72210634,19928,62433,0,0,-14,103,0,0,57344,17415,0,16640,26208,49450
5,72210906,72211146,19930,37609,0,0,-15,103,0,0,0,17310,0,16512,0,16768
5,72212186,72212426,19935,29483,0,0,-9,102,0,0,49152,17416,0,16736,5240,16816
5,72214746,72214986,19945,43363,0,0,-10,103,0,0,49152,17392,0,16256,0,17016
5,72215258,72215498,19947,62587,0,0,-11,103,0,0,0,17308,0,16640,49808,49461
5,72215770,72216010,19949,38995,0,0,-13,102,0,0,32768,17398,0,16256,0,49826
5,72216794,72217034,19953,12867,0,0,-14,103,0,0,45056,17449,0,16384,0,49448
5,72217306,72217546,19955,50267,0,0,-16,103,0,0,40960,17450,0,16640,26216,49450
5,72218074,72218314,19958,46489,0,0,-15,105,0,0,45056,17449,0,16656,26216,16682
5,72219866,72220106,19965,25107,0,0,-11,102,0,0,36864,17451,0,16640,26216,16682
5,72221658,72221898,19972,55377,0,0,-10,99,0,0,0,17437,0,16384,13112,16691
5,72222170,72222410,19974,39641,0,0,-11,103,0,0,0,17437,0,16384,13120,49459
5,72223706,72223946,19980,62449,0,0,-14,103,0,0,0,17438,0,16512,0,16768
5,72224986,72225226,19985,36291,0,0,-9,103,0,0,4096,17432,0,16704,5240,16816
5,72226266,72226506,19990,36889,0,0,-10,102,0,0,0,17310,0,16640,49808,49461
5,72226778,72227018,19992,4321,0,0,-10,102,0,0,0,17308,0,16656,49808,16693
5,72228826,72229066,20000,38529,0,0,-10,101,0,0,0,17310,0,16640,49808,49461
5,72229338,72229578,20002,19081,0,0,-10,102,0,0,0,17308,0,16656,49808,49461
5,72232922,72233162,20016,36289,0,0,-11,98,0,0,4096,17475,0,16512,0,49528
5,72234202,72234442,20021,36403,0,0,-11,73,0,0,8192,17476,0,16704,5244,49584
5,72237530,72237770,20034,48393,0,0,-15,102,0,0,49152,17417,0,16384,65528,49447
5,72239066,72239306,20040,20129,0,0,-14,102,0,0,57344,17369,0,16256,32768,17095
5,72242650,72242890,20054,1305,0,0,-15,104,0,0,53248,17412,0,16256,32768,17026
5,72244442,72244682,20061,35987,0,0,-15,102,0,0,53248,17608,0,16256,0,16852
5,72245466,72245706,20065,31363,0,0,-15,103,0,0,2048,17605,0,16752,26224,49578
5,72249562,72249802,20081,8259,0,0,-10,104,0,0,59392,17597,0,16688,5232,16816
5,72250842,72251082,20086,40857,0,0,-16,102,0,0,30720,17597,0,16688,49792,16693
5,72254682,72254922,20101,22259,0,0,-16,104,0,0,0,17595,0,16544,0,49536
5,72255450,72255690,20104,11169,0,0,-15,102,0,0,59392,17597,0,16752,5232,49584
5,72255962,72256202,20106,34985,0,0,-15,102,0,0,0,17596,0,16656,49792,49461
5,72257754,72257994,20113,31683,0,0,-15,103,0,0,30720,17596,0,16752,5232,49584
5,72259290,72259530,20119,28235,0,0,-15,100,0,0,0,17594,0,16384,13144,16691
5,72264410,72264650,20139,24955,0,0,-13,102,0,0,26624,17597,0,16688,5232,16816
5,72264922,72265162,20141,27987,0,0,-13,102,0,0,22528,17598,0,16656,5232,49584
5,72265946,72266186,20145,38723,0,0,-13,98,0,0,26624,17597,0,16736,5232,16816
5,72266458,72266698,20147,20827,0,0,-13,104,0,0,57344,17597,0,16720,5232,16816
5,72268250,72268490,20154,1129,0,0,-11,101,0,0,32768,17594,0,16656,41940,49666
5,72270298,72270538,20162,1801,0,0,-13,100,0,0,0,17594,0,16608,0,49536
5,72271066,72271306,20165,48627,0,0,-11,104,0,0,34816,17593,0,16672,5240,49584
5,72271578,72271818,20167,44427,0,0,-10,105,0,0,34816,17593,0,16672,5240,49584
5,72272602,72272842,20171,59643,0,0,-9,99,0,0,32768,17592,0,16640,49792,49461
5,72274138,72274378,20177,29379,0,0,-11,103,0,0,32768,17593,0,16544,0,49536
5,72275930,72276170,20184,26593,0,0,-15,105,0,0,32768,17590,0,16672,49792,49461
5,72280794,72281034,20203,12411,0,0,-16,97,0,0,40960,17588,0,16720,5240,49584
5,72281306,72281546,20205,46163,0,0,-9,103,0,0,43008,17587,0,16384,65520,49531
5,72284634,72284874,20218,35177,0,0,-13,101,0,0,36864,17590,0,16656,5240,16816
5,72285146,72285386,20220,54449,0,0,-14,100,0,0,38912,17590,0,16736,5240,49584
5,72291290,72291530,20244,10129,0,0,-17,103,0,0,28672,17596,0,16672,5232,49584
5,72292058,72292298,20247,11339,0,0,-15,103,0,0,0,17596,0,16448,13112,16691
5,72292570,72292810,20249,36515,0,0,-17,104,0,0,32768,17596,0,16640,49792,49461
5,72294106,72294346,20255,11819,0,0,-13,101,0,0,28672,17595,0,16608,0,16828
5,72294618,72294858,20257,40835,0,0,-14,102,0,0,61440,17595,0,16656,5232,16816
5,72295898,72296138,20262,26969,0,0,-13,104,0,0,0,17596,0,16656,49792,16693
5,72299994,72300234,20278,32409,0,0,-13,98,0,0,30720,17597,0,16512,0,16760
5,72300250,72300490,20279,31691,0,0,-13,98,0,0,61440,17597,0,16736,5232,16816
5,72300762,72301002,20281,23075,0,0,-9,103,0,0,22528,17598,0,16656,5232,49584
5,72301530,72301770,20284,33201,0,0,-14,105,0,0,24576,17598,0,16720,5232,16816
5,72302810,72303050,20289,6915,0,0,-16,100,0,0,61440,17596,0,16640,5232,49584
5,72304858,72305098,20297,18403,0,0,-13,105,0,0,0,17593,0,16656,49792,49461
5,72305370,72305610,20299,34555,0,0,-17,104,0,0,28672,17597,0,16672,5232,49584
5,72305882,72306122,20301,48851,0,0,-15,102,0,0,28672,17596,0,16672,5232,49584
5,72307674,72307914,20308,13457,0,0,-23,101,0,0,6144,17589,0,16512,0,49528
5,72309466,72309706,20315,4795,0,0,-24,103,0,0,45056,17589,0,16656,5240,16816
5,72311514,72311754,20323,2715,0,0,-19,105,0,0,61440,17595,0,16672,5232,16816
5,72312794,72313034,20328,4385,0,0,-22,105,0,0,4096,17592,0,16672,5240,16816
5,72316122,72316362,20341,53555,0,0,-17,102,0,0,34816,17593,0,16688,5240,16816
5,72317146,72317386,20345,12579,0,0,-15,104,0,0,34816,17592,0,16656,41940,49666
5,72319706,72319946,20355,57883,0,0,-9,102,0,0,32768,17592,0,16736,5240,16816
5,72321754,72321994,20363,54779,0,0,-15,104,0,0,30720,17573,0,16256,0,49566
5,72322266,72322506,20365,34259,0,0,-17,106,0,0,8192,17590,0,16256,0,49656
5,72323546,72323786,20370,1865,0,0,-14,71,0,0,28672,17597,0,16736,5232,49584
5,72324314,72324554,20373,50355,0,0,-10,104,0,0,53248,17599,0,16752,5232,16816
5,72326106,72326346,20380,25905,0,0,-13,102,0,0,0,17595,0,16384,13096,49459
5,72326874,72327114,20383,44075,0,0,-9,105,0,0,0,17591,0,16656,49792,16693
5,72329946,72330186,20395,40315,0,0,-17,101,0,0,0,17593,0,16656,49792,16693
5,72331738,72331978,20402,22985,0,0,-13,101,0,0,40960,17590,0,16656,5240,16816
5,72332250,72332490,20404,10257,0,0,-13,101,0,0,4096,17591,0,16656,5240,16816
5,72333274,72333514,20408,44385,0,0,-15,104,0,0,0,17592,0,16384,13096,49459
5,72334810,72335050,20414,47417,0,0,-16,102,0,0,59392,17596,0,16672,5232,16816
5,72335066,72335306,20415,11179,0,0,-14,100,0,0,30720,17598,0,16688,26208,16682
5,72336090,72336330,20419,53531,0,0,-14,103,0,0,20480,17598,0,16656,5232,16816
5,72337114,72337354,20423,10635,0,0,-18,105,0,0,57344,17511,0,16512,32768,17208
5,72338650,72338890,20429,19667,0,0,-18,106,0,0,32768,17553,0,16640,49808,16693
5,72339674,72339914,20433,20163,0,0,-17,104,0,0,6144,17550,0,16448,65520,16679
5,72342746,72342986,20445,46739,0,0,-15,102,0,0,51200,17585,0,16752,26216,49578
5,72344538,72344778,20452,47569,0,0,-15,103,0,0,26624,17576,0,16672,26208,49450
5,72346074,72346314,20458,9257,0,0,-9,102,0,0,55296,17576,0,16512,0,49528
5,72346330,72346570,20459,27771,0,0,-10,103,0,0,51200,17577,0,16672,5240,16816
5,72347866,72348106,20465,59971,0,0,-13,103,0,0,22528,17577,0,16656,26208,16682
5,72348634,72348874,20468,46353,0,0,-14,103,0,0,32768,17595,0,16256,0,16704
5,72349146,72349386,20470,23961,0,0,-13,104,0,0,0,17594,0,16512,0,49536
5,72349914,72350154,20473,57123,0,0,-10,103,0,0,0,17594,0,16512,0,49536
5,72350426,72350666,20475,55355,0,0,-14,103,0,0,63488,17593,0,16688,5232,49584
5,72356570,72356810,20499,29659,0,0,-14,102,0,0,0,17308,0,16656,49808,49461
5,72360154,72360394,20513,31619,0,0,-14,98,0,0,0,17595,0,16512,0,49536
5,72360410,72360650,20514,29321,0,0,-11,103,0,0,26624,17597,0,16704,5232,16816
5,72361434,72361674,20518,15705,0,0,-12,102,0,0,59392,17595,0,16640,5232,49584
5,72361946,72362186,20520,10273,0,0,-13,102,0,0,32768,17596,0,16656,49792,49461
5,72363226,72363466,20525,5971,0,0,-14,101,0,0,59392,17597,0,16656,5232,49584
5,72363738,72363978,20527,53739,0,0,-14,103,0,0,53248,17599,0,16736,5232,16816
5,72364250,72364490,20529,24899,0,0,-8,100,0,0,59392,17596,0,16656,5232,49584
5,72366298,72366538,20537,46627,0,0,-10,104,0,0,0,17595,0,16688,5240,16816
5,72366810,72367050,20539,26427,0,0,-10,99,0,0,63488,17594,0,16544,0,16828
5,72367322,72367562,20541,41235,0,0,-12,100,0,0,63488,17593,0,16656,5232,49584
5,72369882,72370122,20551,26507,0,0,-12,99,0,0,36864,17590,0,16688,5240,16816
5,72370906,72371146,20555,49915,0,0,-12,103,0,0,2048,17594,0,16656,5240,49584
5,72371418,72371658,20557,56019,0,0,-12,102,0,0,30720,17595,0,16512,0,16760
5,72371674,72371914,20558,36985,0,0,-11,102,0,0,0,17595,0,16448,13096,49459
5,72372442,72372682,20561,15555,0,0,-12,101,0,0,34816,17593,0,16688,5240,16816
5,72372954,72373194,20563,8923,0,0,-12,103,0,0,36864,17591,0,16752,5240,49584
5,72375002,72375242,20571,20155,0,0,-14,103,0,0,6144,17589,0,16736,49792,49461
5,72376026,72376266,20575,59691,0,0,-13,102,0,0,6144,17589,0,16720,49792,16693
5,72376538,72376778,20577,12931,0,0,-14,101,0,0,8192,17589,0,16448,39324,16771
5,72377818,72378058,20582,62041,0,0,-14,104,0,0,10240,17588,0,16512,0,16760
5,72379098,72379338,20587,2683,0,0,-13,104,0,0,30720,17595,0,16640,5240,49584
5,72381914,72382154,20598,18329,0,0,-10,103,0,0,0,17594,0,16608,0,16768
5,72382426,72382666,20600,33889,0,0,-9,105,0,0,2048,17594,0,16704,5240,16816
5,72383450,72383690,20604,58033,0,0,-13,104,0,0,0,17595,0,16672,41940,49666
5,72384474,72384714,20608,47617,0,0,-12,103,0,0,63488,17593,0,16672,5232,49584
5,72384730,72384970,20609,11779,0,0,-13,99,0,0,32768,17593,0,16640,49792,49461
5,72386778,72387018,20617,15075,0,0,-12,101,0,0,2048,17593,0,16688,5240,49584
5,72390874,72391114,20633,39075,0,0,-12,101,0,0,47104,17601,0,16720,5232,16816
5,72392922,72393162,20641,59779,0,0,-11,102,0,0,61440,17596,0,16512,0,49528
5,72394714,72394954,20648,57889,0,0,-10,103,0,0,47104,17601,0,16256,0,49524
5,72395738,72395978,20652,35953,0,0,-11,102,0,0,45056,17602,0,16384,0,49448
5,72398042,72398282,20661,5171,0,0,-13,100,0,0,49152,17601,0,16688,26224,49578
5,72399066,72399306,20665,25635,0,0,-10,106,0,0,18432,17601,0,16448,0,49532
5,72399834,72400074,20668,36785,0,0,-14,104,0,0,16384,17601,0,16384,52416,49536
5,72400090,72400330,20669,44819,0,0,-12,102,0,0,16384,17601,0,16512,0,49592
5,72402138,72402378,20677,62963,0,0,-12,103,0,0,16384,17601,0,16640,5232,16816
5,72402650,72402890,20679,42379,0,0,-11,103,0,0,18432,17601,0,16576,0,16752
5,72403930,72404170,20684,8945,0,0,-11,101,0,0,53248,17599,0,16704,5232,49584
5,72407514,72407754,20698,52969,0,0,-14,102,0,0,59392,17597,0,16656,5232,16816
5,72409050,72409290,20704,13697,0,0,-14,101,0,0,63488,17597,0,16704,49792,49461
5,72410074,72410314,20708,60881,0,0,-14,98,0,0,30720,17597,0,16704,5232,49584
5,72411354,72411594,20713,48483,0,0,-14,102,0,0,57344,17598,0,16512,0,49528
5,72412378,72412618,20717,60499,0,0,-13,104,0,0,20480,17600,0,16640,5232,16816
5,72414170,72414410,20724,59665,0,0,-12,100,0,0,63488,17595,0,16720,5232,49584
5,72415450,72415690,20729,15139,0,0,-12,100,0,0,28672,17597,0,16704,5232,49584
5,72416474,72416714,20733,46611,0,0,-12,101,0,0,28672,17595,0,16656,5232,16816
5,72419034,72419274,20743,17547,0,0,-9,104,0,0,22528,17599,0,16656,5232,16816
5,72419546,72419786,20745,26851,0,0,-9,103,0,0,57344,17597,0,16720,41944,49666
5,72420058,72420298,20747,45051,0,0,-14,101,0,0,63488,17595,0,16576,0,16760
5,72420570,72420810,20749,12243,0,0,-12,101,0,0,0,17596,0,16656,49792,16693
5,72422618,72422858,20757,44723,0,0,-14,99,0,0,63488,17597,0,16688,5232,16816
5,72423386,72423626,20760,27873,0,0,-14,102,0,0,63488,17595,0,16704,5232,49584
5,72425690,72425930,20769,22403,0,0,-15,102,0,0,55296,17598,0,16512,0,16824
5,72426202,72426442,20771,5019,0,0,-15,100,0,0,22528,17599,0,16672,5232,16816
5,72426970,72427210,20774,4441,0,0,-14,102,0,0,57344,17599,0,16576,0,16752
5,72427738,72427978,20777,54371,0,0,-14,101,0,0,26624,17599,0,16688,26208,16682
5,72429018,72429258,20782,39417,0,0,-14,99,0,0,2048,17593,0,16736,5240,16816
5,72429530,72429770,20784,27073,0,0,-14,100,0,0,63488,17592,0,16656,5232,49584
5,72430298,72430538,20787,10075,0,0,-9,104,0,0,4096,17593,0,16656,5240,49584
5,72431322,72431562,20791,29643,0,0,-9,100,0,0,2048,17592,0,16704,5240,16816
5,72433882,72434122,20801,54019,0,0,-9,102,0,0,0,17591,0,16672,49792,49461
5,72435930,72436170,20809,65507,0,0,-9,102,0,0,40960,17590,0,16672,5240,49584
5,72437978,72438218,20817,6339,0,0,-10,99,0,0,0,17594,0,16640,49792,16693
5,72438746,72438986,20820,40081,0,0,-9,102,0,0,34816,17543,0,16512,0,49520
5,72439258,72439498,20822,33049,0,0,-9,100,0,0,49152,17547,0,16656,26208,49450
5,72439770,72440010,20824,35297,0,0,-8,100,0,0,45056,17548,0,16512,0,49520
5,72440538,72440778,20827,35515,0,0,-10,103,0,0,30720,17555,0,16448,32762,49793
5,72441050,72441290,20829,57491,0,0,-13,97,0,0,16384,17601,0,16640,5232,16816
5,72442330,72442570,20834,11145,0,0,-11,104,0,0,0,17595,0,16656,5232,16816
5,72442842,72443082,20836,34769,0,0,-11,104,0,0,30720,17595,0,16656,5232,16816
5,72443354,72443594,20838,50777,0,0,-10,102,0,0,30720,17595,0,16720,5232,49584
5,72445402,72445642,20846,28409,0,0,-8,103,0,0,0,17535,0,16672,49808,16693
5,72445914,72446154,20848,59073,0,0,-9,102,0,0,30720,17536,0,16720,49808,49461
5,72448986,72449226,20860,38577,0,0,-9,103,0,0,2048,17593,0,16656,5240,49584
5,72449498,72449738,20862,19513,0,0,-11,103,0,0,32768,17594,0,16512,0,16824
5,72449754,72449994,20863,58539,0,0,-10,100,0,0,36864,17591,0,16656,5240,49584
5,72450266,72450506,20865,2563,0,0,-9,102,0,0,2048,17593,0,16656,5240,49584
5,72453594,72453834,20878,14713,0,0,-13,100,0,0,32768,17582,0,16672,26216,49578
5,72454362,72454602,20881,4035,0,0,-10,103,0,0,36864,17467,0,16256,49152,17215
5,72454618,72454858,20882,12105,0,0,-9,104,0,0,0,17322,0,16672,49808,16693
5,72455898,72456138,20887,57931,0,0,-9,102,0,0,40960,17568,0,16256,0,49965
5,72456922,72457162,20891,39355,0,0,-15,102,0,0,32768,17596,0,16640,49792,16693
5,72459226,72459466,20900,54481,0,0,-9,103,0,0,6144,17589,0,16544,0,16760
5,72459738,72459978,20902,31577,0,0,-13,97,0,0,53248,17577,0,16576,0,49520
5,72460250,72460490,20904,22049,0,0,-10,99,0,0,14336,17579,0,16384,65520,49447
5,72460762,72461002,20906,1833,0,0,-9,101,0,0,14336,17579,0,16384,65520,49447
5,72461274,72461514,20908,16497,0,0,-14,102,0,0,22528,17577,0,16656,26208,16682
5,72462810,72463050,20914,33225,0,0,-9,104,0,0,2048,17582,0,16704,26216,49578
5,72463322,72463562,20916,36881,0,0,-9,101,0,0,53248,17585,0,16672,5240,49584
5,72464858,72465098,20922,16489,0,0,-10,77,0,0,63488,17596,0,16704,5232,49584
5,72465370,72465610,20924,17329,0,0,-15,104,0,0,32768,17596,0,16672,49792,49461
5,72465882,72466122,20926,24889,0,0,-10,102,0,0,32768,17595,0,16448,13112,16691
5,72467162,72467402,20931,18715,0,0,-15,98,0,0,28672,17597,0,16688,5232,49584
5,72469722,72469962,20941,34003,0,0,-14,101,0,0,53248,17561,0,16256,0,16906
5,72470234,72470474,20943,43883,0,0,-12,101,0,0,22528,17538,0,16256,0,16822
5,72470746,72470986,20945,1731,0,0,-13,104,0,0,4096,17520,0,16720,26224,49450
5,72474842,72475082,20961,31875,0,0,-16,96,0,0,36864,17494,0,16256,0,16886
5,72475354,72475594,20963,24731,0,0,-16,99,0,0,49152,17448,0,16256,0,49520
5,72475866,72476106,20965,25971,0,0,-17,102,0,0,32768,17452,0,16384,0,49448
5,72477914,72478154,20973,2131,0,0,-16,103,0,0,24576,17454,0,16656,26216,49450
5,72479706,72479946,20980,7441,0,0,-15,101,0,0,12288,17428,0,16720,5240,49584
5,72480218,72480458,20982,1433,0,0,-14,102,0,0,0,17429,0,16256,0,0
5,72482010,72482250,20989,53779,0,0,-13,102,0,0,53248,17416,0,16256,0,16692
5,72483034,72483274,20993,30723,0,0,-13,99,0,0,0,17324,0,16688,49808,16693
5,72484058,72484298,20997,63731,0,0,-16,103,0,0,24576,17598,0,16672,5232,16816
5,72484570,72484810,20999,49291,0,0,-22,106,0,0,63488,17595,0,16720,5232,49584
5,72486106,72486346,21005,19411,0,0,-18,106,0,0,0,17594,0,16720,41940,49666
5,72486618,72486858,21007,43627,0,0,-17,102,0,0,30720,17595,0,16720,5232,49584
5,72487386,72487626,21010,63817,0,0,-18,105,0,0,32768,17595,0,16608,0,49536
5,72487642,72487882,21011,60379,0,0,-20,106,0,0,0,17595,0,16512,0,16768
5,72488410,72488650,21014,57369,0,0,-17,100,0,0,26624,17597,0,16720,5232,49584
5,72489690,72489930,21019,47035,0,0,-13,100,0,0,2048,17591,0,16720,5240,49584
5,72490458,72490698,21022,24761,0,0,-18,102,0,0,32768,17595,0,16656,49792,49461
5,72490970,72491210,21024,26241,0,0,-16,105,0,0,63488,17596,0,16720,5232,49584
5,72491482,72491722,21026,39561,0,0,-16,100,0,0,26624,17597,0,16672,5232,16816
5,72492250,72492490,21029,19571,0,0,-15,103,0,0,30720,17596,0,16720,5232,49584
5,72492762,72493002,21031,45067,0,0,-15,102,0,0,61440,17596,0,16720,5232,49584
5,72494298,72494538,21037,20307,0,0,-15,102,0,0,30720,17596,0,16720,5232,49584
5,72495322,72495562,21041,6467,0,0,-15,100,0,0,63488,17595,0,16720,41940,49666
5,72497114,72497354,21048,53089,0,0,-19,101,0,0,61440,17595,0,16608,0,49596
5,72498138,72498378,21052,40369,0,0,-9,101,0,0,63488,17595,0,16720,5232,49584
5,72499418,72499658,21057,44803,0,0,-15,99,0,0,32768,17593,0,16640,5232,16816
5,72499930,72500170,21059,10011,0,0,-14,99,0,0,2048,17592,0,16512,0,16760
5,72502234,72502474,21068,45297,0,0,-16,104,0,0,6144,17590,0,16672,5240,16816
5,72503258,72503498,21072,64577,0,0,-15,103,0,0,2048,17593,0,16656,5240,16816
5,72504794,72505034,21078,21785,0,0,-15,103,0,0,32768,17592,0,16640,49792,49461
5,72505818,72506058,21082,60649,0,0,-17,103,0,0,34816,17593,0,16672,41940,16898
5,72506330,72506570,21084,21553,0,0,-15,105,0,0,0,17594,0,16448,13144,16691
5,72506842,72507082,21086,62905,0,0,-9,104,0,0,0,17594,0,16512,0,16768
5,72507354,72507594,21088,41857,0,0,-14,102,0,0,0,17594,0,16608,0,49536
5,72509658,72509898,21097,18275,0,0,-15,103,0,0,61440,17596,0,16720,41940,49666
