1, 5
2, 5
3, 4
4, 6
5, 4
6, 5
7, 5
8, 5
9, 5
10, 5
11, 5
12, 5
13, 5
14, 5
15, 5
16, 5
17, 5
18, 5
19, 5
20, 5
21, 5
22, 5
23, 5
24, 5
25, 5
26, 5
27, 5
28, 5
29, 4
30, 4
31, 6
32, 6
33, 5
34, 5
35, 5
36, 5
37, 4
38, 4
39, 4
40, 4
41, 6
42, 6
43, 6
44, 6
45, 7
46, 7
47, 7
48, 7
49, 8
50, 8
51, 8
52, 8
53, 8
54, 8
55, 8
56, 8
57, 8
58, 8
59, 8
60, 8
61, 8
62, 9
63, 8
64, 9
65, 11
66, 7
67, 9
68, 9
69, 9
70, 9
71, 9
72, 9
73, 9
74, 9
75, 9
76, 9
77, 9
78, 9
79, 8
80, 9
81, 9
82, 9
83, 9
84, 9
85, 9
86, 9
87, 9
88, 9
89, 9
90, 9
91, 9
92, 9
93, 9
94, 9
95, 9
96, 9
97, 8
98, 8
99, 8
100, 8
101, 10
102, 10
103, 10
104, 10
105, 9
106, 9
107, 9
108, 9
109, 9
110, 9
111, 9
112, 9
113, 9
114, 9
115, 9
116, 9
117, 11
118, 7
119, 9
120, 9
121, 9
122, 9
123, 9
124, 9
125, 10
126, 9
127, 9
128, 9
129, 9
130, 9
131, 9
132, 9
133, 9
134, 9
135, 9
136, 9
137, 8
138, 7
139, 10
140, 10
141, 9
142, 9
143, 9
144, 9
145, 9
146, 9
147, 9
148, 9
149, 9
150, 9
151, 9
152, 9
153, 9
154, 9
155, 9
156, 9
157, 8
158, 8
159, 10
160, 10
161, 12
162, 7
163, 9
164, 9
165, 9
166, 9
167, 9
168, 9
169, 10
170, 10
171, 10
172, 10
173, 8
174, 10
175, 9
176, 9
177, 9
178, 10
179, 9
180, 9
181, 9
182, 10
183, 9
184, 9
185, 9
186, 9
187, 9
188, 9
189, 9
190, 9
191, 9
192, 9
193, 8
194, 8
195, 10
196, 11
197, 9
198, 9
199, 9
200, 9
201, 11
202, 8
203, 9
204, 9
205, 9
206, 9
207, 9
208, 9
209, 9
210, 9
211, 9
212, 9
213, 9
214, 9
215, 9
216, 9
217, 9
218, 10
219, 8
220, 8
221, 9
222, 9
223, 9
224, 9
225, 9
226, 9
227, 9
228, 9
229, 9
230, 9
231, 9
232, 9
233, 9
234, 9
235, 9
236, 9
237, 9
238, 9
239, 9
240, 9
241, 9
242, 9
243, 9
244, 9
245, 9
246, 9
247, 9
248, 9
249, 9
250, 9
251, 9
252, 9
253, 9
254, 9
255, 9
256, 9
257, 10
258, 10
259, 10
260, 10
261, 10
262, 10
263, 10
264, 10
265, 10
266, 10
267, 10
268, 10
269, 10
270, 10
271, 10
272, 10
273, 11
274, 11
275, 11
276, 11
277, 8
278, 8
279, 8
280, 8
281, 10
282, 9
283, 9
284, 10
285, 11
286, 10
287, 9
288, 8
289, 9
290, 10
291, 10
292, 10
293, 10
294, 10
295, 9
296, 10
297, 10
298, 10
299, 10
300, 10
301, 10
302, 10
303, 10
304, 10
305, 10
306, 10
307, 10
308, 8
309, 9
310, 10
311, 10
312, 10
313, 10
314, 10
315, 10
316, 9
317, 10
318, 9
319, 10
320, 10
321, 9
322, 9
323, 9
324, 9
325, 9
326, 9
327, 9
328, 9
329, 6
330, 6
331, 6
332, 6
333, 6
334, 6
335, 6
336, 6
337, 5
338, 5
339, 6
340, 6
341, 5
342, 5
343, 5
344, 5
345, 5
346, 6
347, 5
348, 5
349, 5
350, 5
351, 5
352, 6
353, 5
354, 5
355, 5
356, 5
357, 5
358, 5
359, 5
360, 5
361, 5
362, 5
363, 5
364, 5
365, 4
366, 7
367, 5
368, 5
369, 5
370, 5
371, 5
372, 5
373, 5
374, 5
375, 5
376, 5
377, 5
378, 5
379, 4
380, 4
381, 5
382, 8
383, 6
384, 6
385, 9
386, 9
387, 8
388, 8
389, 9
390, 9
391, 9
392, 9
393, 9
394, 9
395, 8
396, 9
397, 9
398, 9
399, 9
400, 8
401, 9
402, 9
403, 9
404, 9
405, 9
406, 9
407, 9
408, 9
409, 9
410, 9
411, 9
412, 9
413, 9
414, 9
415, 8
416, 8
417, 9
418, 9
419, 10
420, 8
421, 9
422, 9
423, 9
424, 9
425, 9
426, 9
427, 9
428, 9
429, 8
430, 9
431, 9
432, 9
433, 9
434, 9
435, 9
436, 9
437, 10
438, 8
439, 9
440, 9
441, 9
442, 9
443, 9
444, 9
445, 9
446, 9
447, 9
448, 9
449, 9
450, 9
451, 9
452, 9
453, 9
454, 9
455, 9
456, 9
457, 10
458, 7
459, 9
460, 9
461, 9
462, 8
463, 8
464, 10
465, 9
466, 9
467, 9
468, 9
469, 8
470, 8
471, 8
472, 8
473, 9
474, 9
475, 9
476, 9
477, 8
478, 10
479, 6
480, 11
481, 9
482, 9
483, 9
484, 9
485, 7
486, 10
487, 9
488, 9
489, 9
490, 9
491, 9
492, 9
493, 9
494, 9
495, 9
496, 9
497, 9
498, 9
499, 9
500, 9
501, 8
502, 8
503, 10
504, 10
505, 9
506, 9
507, 9
508, 9
509, 10
510, 8
511, 9
512, 9
513, 9
514, 9
515, 9
516, 9
517, 9
518, 9
519, 9
520, 9
521, 9
522, 9
523, 8
524, 8
525, 9
526, 8
527, 9
528, 9
529, 9
530, 9
531, 9
532, 9
533, 9
534, 9
535, 9
536, 9
537, 9
538, 9
539, 9
540, 9
541, 9
542, 8
543, 9
544, 9
545, 9
546, 9
547, 9
548, 9
549, 9
550, 9
551, 9
552, 9
553, 9
554, 9
555, 9
556, 9
557, 8
558, 8
559, 9
560, 9
561, 9
562, 9
563, 9
564, 9
565, 9
566, 8
567, 9
568, 9
569, 9
570, 9
571, 9
572, 9
573, 9
574, 9
575, 9
576, 8
577, 7
578, 7
579, 7
580, 7
581, 7
582, 7
583, 7
584, 7
585, 4
586, 4
587, 4
588, 4
589, 4
590, 4
591, 4
592, 4
593, 6
594, 6
595, 6
596, 5
597, 6
598, 6
599, 6
600, 6
601, 6
602, 6
603, 6
604, 5
605, 5
606, 5
607, 5
608, 6
609, 5
610, 5
611, 5
612, 5
613, 5
614, 5
615, 5
616, 5
617, 5
618, 5
619, 5
620, 5
621, 6
622, 6
623, 6
624, 6
625, 6
626, 6
627, 6
628, 6
629, 5
630, 5
631, 5
632, 5
633, 5
634, 5
635, 5
636, 6
637, 6
638, 5
639, 5
640, 6
641, 8
642, 8
643, 8
644, 8
645, 8
646, 8
647, 10
648, 7
649, 8
650, 8
651, 8
652, 8
653, 8
654, 9
655, 8
656, 8
657, 9
658, 9
659, 9
660, 9
661, 9
662, 9
663, 9
664, 9
665, 9
666, 9
667, 9
668, 9
669, 8
670, 10
671, 9
672, 9
673, 10
674, 7
675, 9
676, 9
677, 7
678, 7
679, 10
680, 10
681, 9
682, 9
683, 8
684, 9
685, 9
686, 9
687, 9
688, 9
689, 8
690, 8
691, 8
692, 8
693, 8
694, 10
695, 9
696, 8
697, 9
698, 9
699, 9
700, 9
701, 9
702, 9
703, 8
704, 8
705, 9
706, 9
707, 9
708, 9
709, 9
710, 9
711, 8
712, 9
713, 9
714, 8
715, 9
716, 8
717, 9
718, 9
719, 9
720, 9
721, 9
722, 9
723, 9
724, 8
725, 9
726, 9
727, 9
728, 8
729, 9
730, 9
731, 9
732, 8
733, 9
734, 9
735, 8
736, 9
737, 9
738, 9
739, 9
740, 8
741, 8
742, 9
743, 8
744, 10
745, 9
746, 9
747, 9
748, 9
749, 8
750, 9
751, 9
752, 9
753, 9
754, 9
755, 8
756, 8
757, 8
758, 8
759, 8
760, 8
761, 8
762, 9
763, 9
764, 9
765, 9
766, 9
767, 9
768, 9
769, 8
770, 8
771, 8
772, 8
773, 8
774, 8
775, 8
776, 8
777, 8
778, 8
779, 8
780, 8
781, 8
782, 8
783, 8
784, 8
785, 7
786, 7
787, 7
788, 8
789, 7
790, 7
791, 8
792, 8
793, 8
794, 8
795, 8
796, 8
797, 8
798, 8
799, 8
800, 8
801, 8
802, 8
803, 6
804, 9
805, 8
806, 8
807, 8
808, 7
809, 8
810, 8
811, 8
812, 8
813, 8
814, 8
815, 8
816, 8
817, 8
818, 8
819, 8
820, 7
821, 8
822, 8
823, 8
824, 7
825, 6
826, 6
827, 6
828, 6
829, 6
830, 6
831, 6
832, 6
833, 5
834, 5
835, 5
836, 5
837, 5
838, 5
839, 5
840, 5
841, 5
842, 4
843, 5
844, 5
845, 5
846, 5
847, 5
848, 5
849, 5
850, 5
851, 5
852, 5
853, 6
854, 3
855, 5
856, 5
857, 5
858, 5
859, 6
860, 4
861, 4
862, 4
863, 3
864, 7
865, 6
866, 6
867, 5
868, 5
869, 6
870, 6
871, 6
872, 6
873, 6
874, 6
875, 6
876, 6
877, 6
878, 9
879, 8
880, 8
881, 10
882, 9
883, 9
884, 10
885, 8
886, 11
887, 10
888, 10
889, 10
890, 10
891, 10
892, 10
893, 10
894, 10
895, 10
896, 10
897, 11
898, 11
899, 11
900, 11
901, 11
902, 11
903, 10
904, 10
905, 11
906, 11
907, 11
908, 11
909, 12
910, 9
911, 10
912, 10
913, 11
914, 11
915, 11
916, 10
917, 11
918, 11
919, 11
920, 10
921, 9
922, 9
923, 12
924, 12
925, 11
926, 11
927, 10
928, 11
929, 10
930, 10
931, 10
932, 10
933, 10
934, 10
935, 10
936, 10
937, 9
938, 9
939, 9
940, 9
941, 11
942, 11
943, 11
944, 11
945, 10
946, 10
947, 9
948, 11
949, 10
950, 10
951, 10
952, 10
953, 10
954, 10
955, 10
956, 11
957, 10
958, 10
959, 10
960, 11
961, 10
962, 10
963, 9
964, 12
965, 10
966, 10
967, 10
968, 10
969, 10
970, 10
971, 10
972, 10
973, 10
974, 10
975, 10
976, 10
977, 10
978, 10
979, 11
980, 10
981, 12
982, 9
983, 10
984, 10
985, 10
986, 10
987, 10
988, 10
989, 10
990, 10
991, 10
992, 10
993, 10
994, 10
995, 10
996, 10
997, 10
998, 10
999, 10
1000, 10
1001, 10
1002, 10
1003, 10
1004, 10
1005, 10
1006, 10
1007, 10
1008, 10
1009, 10
1010, 10
1011, 10
1012, 10
1013, 11
1014, 11
1015, 11
1016, 11
1017, 11
1018, 11
1019, 11
1020, 11
1021, 11
1022, 11
1023, 11
1024, 11
1025, 11
1026, 11
1027, 11
1028, 11
1029, 12
1030, 12
1031, 12
1032, 7
1033, 11
1034, 11
1035, 11
1036, 11
1037, 11
1038, 11
1039, 11
1040, 11
1041, 11
1042, 11
1043, 11
1044, 11
1045, 11
1046, 11
1047, 11
1048, 11
1049, 11
1050, 11
1051, 11
1052, 11
1053, 11
1054, 11
1055, 11
1056, 11
1057, 11
1058, 11
1059, 11
1060, 11
1061, 11
1062, 11
1063, 11
1064, 11
1065, 11
1066, 11
1067, 11
1068, 11
1069, 11
1070, 11
1071, 11
1072, 11
1073, 11
1074, 11
1075, 11
1076, 11
1077, 11
1078, 11
1079, 11
1080, 10
1081, 11
1082, 11
1083, 11
1084, 11
1085, 10
1086, 12
1087, 11
1088, 11
1089, 10
1090, 10
1091, 10
1092, 10
1093, 10
1094, 10
1095, 11
1096, 9
1097, 10
1098, 10
1099, 10
1100, 10
1101, 11
1102, 11
1103, 9
1104, 9
1105, 9
1106, 9
1107, 9
1108, 9
1109, 10
1110, 10
1111, 8
1112, 8
1113, 4
1114, 4
1115, 5
1116, 5
1117, 4
1118, 4
1119, 3
1120, 6
1121, 5
1122, 5
1123, 5
1124, 5
1125, 5
1126, 6
1127, 5
1128, 5
1129, 5
1130, 5
1131, 6
1132, 4
1133, 5
1134, 5
1135, 5
1136, 5
1137, 5
1138, 6
1139, 5
1140, 6
1141, 5
1142, 5
1143, 5
1144, 5
1145, 5
1146, 5
1147, 6
1148, 6
1149, 5
1150, 5
1151, 5
1152, 5
1153, 6
1154, 6
1155, 3
1156, 3
1157, 7
1158, 7
1159, 8
1160, 6
1161, 6
1162, 6
1163, 6
1164, 6
1165, 5
1166, 6
1167, 6
1168, 6
1169, 10
1170, 8
1171, 9
1172, 9
1173, 9
1174, 9
1175, 9
1176, 9
1177, 10
1178, 10
1179, 9
1180, 9
1181, 9
1182, 9
1183, 9
1184, 9
1185, 7
1186, 7
1187, 12
1188, 10
1189, 9
1190, 9
1191, 9
1192, 9
1193, 9
1194, 9
1195, 10
1196, 10
1197, 9
1198, 9
1199, 9
1200, 9
1201, 9
1202, 9
1203, 9
1204, 9
1205, 9
1206, 9
1207, 10
1208, 9
1209, 9
1210, 9
1211, 9
1212, 9
1213, 9
1214, 9
1215, 9
1216, 9
1217, 10
1218, 10
1219, 9
1220, 10
1221, 9
1222, 9
1223, 9
1224, 9
1225, 10
1226, 10
1227, 8
1228, 8
1229, 9
1230, 9
1231, 9
1232, 9
1233, 9
1234, 10
1235, 9
1236, 9
1237, 9
1238, 9
1239, 9
1240, 9
1241, 9
1242, 9
1243, 9
1244, 9
1245, 9
1246, 9
1247, 9
1248, 9
1249, 9
1250, 9
1251, 9
1252, 9
1253, 9
1254, 9
1255, 10
1256, 10
1257, 9
1258, 9
1259, 9
1260, 9
1261, 9
1262, 9
1263, 9
1264, 9
1265, 10
1266, 10
1267, 8
1268, 8
1269, 9
1270, 9
1271, 9
1272, 9
1273, 10
1274, 10
1275, 9
1276, 9
1277, 9
1278, 9
1279, 9
1280, 9
1281, 9
1282, 9
1283, 9
1284, 9
1285, 9
1286, 9
1287, 9
1288, 9
1289, 9
1290, 9
1291, 9
1292, 9
1293, 9
1294, 9
1295, 8
1296, 10
1297, 8
1298, 9
1299, 9
1300, 9
1301, 9
1302, 9
1303, 9
1304, 9
1305, 9
1306, 9
1307, 10
1308, 8
1309, 9
1310, 9
1311, 9
1312, 9
1313, 9
1314, 9
1315, 9
1316, 9
1317, 7
1318, 7
1319, 8
1320, 8
1321, 7
1322, 7
1323, 6
1324, 5
1325, 7
1326, 7
1327, 7
1328, 6
1329, 4
1330, 4
1331, 4
1332, 4
1333, 4
1334, 4
1335, 4
1336, 4
1337, 4
1338, 4
1339, 5
1340, 5
1341, 5
1342, 5
1343, 5
1344, 5
1345, 5
1346, 5
1347, 5
1348, 5
1349, 5
1350, 5
1351, 5
1352, 5
1353, 4
1354, 6
1355, 5
1356, 5
1357, 5
1358, 5
1359, 5
1360, 5
1361, 5
1362, 5
1363, 5
1364, 5
1365, 5
1366, 5
1367, 5
1368, 5
1369, 6
1370, 6
1371, 7
1372, 7
1373, 6
1374, 6
1375, 7
1376, 6
1377, 8
1378, 8
1379, 8
1380, 8
1381, 8
1382, 8
1383, 8
1384, 8
1385, 8
1386, 8
1387, 8
1388, 8
1389, 9
1390, 8
1391, 8
1392, 8
1393, 8
1394, 8
1395, 8
1396, 8
1397, 8
1398, 8
1399, 8
1400, 8
1401, 8
1402, 8
1403, 8
1404, 8
1405, 10
1406, 6
1407, 8
1408, 8
1409, 8
1410, 8
1411, 8
1412, 8
1413, 7
1414, 10
1415, 8
1416, 8
1417, 8
1418, 8
1419, 8
1420, 8
1421, 8
1422, 8
1423, 8
1424, 9
1425, 8
1426, 8
1427, 8
1428, 8
1429, 9
1430, 9
1431, 8
1432, 8
1433, 8
1434, 8
1435, 10
1436, 7
1437, 8
1438, 8
1439, 8
1440, 8
1441, 9
1442, 9
1443, 9
1444, 9
1445, 9
1446, 9
1447, 8
1448, 9
1449, 9
1450, 8
1451, 9
1452, 8
1453, 9
1454, 9
1455, 9
1456, 8
1457, 9
1458, 9
1459, 9
1460, 9
1461, 8
1462, 8
1463, 8
1464, 8
1465, 7
1466, 10
1467, 9
1468, 9
1469, 9
1470, 9
1471, 9
1472, 9
1473, 9
1474, 9
1475, 9
1476, 9
1477, 9
1478, 8
1479, 10
1480, 8
1481, 9
1482, 9
1483, 9
1484, 9
1485, 9
1486, 9
1487, 9
1488, 9
1489, 9
1490, 9
1491, 9
1492, 9
1493, 9
1494, 9
1495, 9
1496, 9
1497, 9
1498, 9
1499, 9
1500, 9
1501, 9
1502, 9
1503, 8
1504, 10
1505, 8
1506, 8
1507, 8
1508, 8
1509, 8
1510, 9
1511, 9
1512, 8
1513, 8
1514, 8
1515, 8
1516, 8
1517, 8
1518, 8
1519, 8
1520, 8
1521, 9
1522, 9
1523, 8
1524, 9
1525, 9
1526, 9
1527, 9
1528, 8
1529, 9
1530, 9
1531, 9
1532, 9
1533, 9
1534, 9
1535, 8
1536, 8
1537, 10
1538, 8
1539, 9
1540, 9
1541, 8
1542, 8
1543, 9
1544, 9
1545, 9
1546, 9
1547, 9
1548, 9
1549, 8
1550, 9
1551, 9
1552, 9
1553, 9
1554, 9
1555, 9
1556, 9
1557, 9
1558, 9
1559, 9
1560, 9
1561, 9
1562, 9
1563, 8
1564, 8
1565, 9
1566, 9
1567, 9
1568, 9
1569, 9
1570, 9
1571, 9
1572, 9
1573, 9
1574, 8
1575, 9
1576, 9
1577, 9
1578, 9
1579, 9
1580, 9
1581, 9
1582, 9
1583, 9
1584, 9
1585, 9
1586, 9
1587, 9
1588, 9
1589, 9
1590, 9
1591, 9
1592, 9
1593, 9
1594, 9
1595, 9
1596, 9
1597, 9
1598, 9
1599, 9
1600, 9
1601, 9
1602, 9
1603, 8
1604, 9
1605, 9
1606, 9
1607, 9
1608, 9
1609, 8
1610, 8
1611, 9
1612, 9
1613, 9
1614, 9
1615, 8
1616, 9
1617, 8
1618, 8
1619, 9
1620, 8
1621, 8
1622, 8
1623, 8
1624, 9
1625, 8
1626, 8
1627, 9
1628, 8
1629, 8
1630, 8
1631, 9
1632, 7
1633, 5
1634, 5
1635, 4
1636, 6
1637, 6
1638, 5
1639, 7
1640, 4
1641, 5
1642, 5
1643, 5
1644, 5
1645, 6
1646, 4
1647, 5
1648, 5
1649, 5
1650, 5
1651, 5
1652, 5
1653, 5
1654, 5
1655, 5
1656, 5
1657, 5
1658, 5
1659, 5
1660, 5
1661, 4
1662, 6
1663, 5
1664, 5
1665, 4
1666, 4
1667, 4
1668, 4
1669, 5
1670, 5
1671, 6
1672, 5
1673, 5
1674, 5
1675, 4
1676, 5
1677, 5
1678, 5
1679, 5
1680, 5
1681, 9
1682, 9
1683, 9
1684, 9
1685, 8
1686, 8
1687, 8
1688, 8
1689, 8
1690, 8
1691, 8
1692, 8
1693, 8
1694, 8
1695, 8
1696, 8
1697, 8
1698, 8
1699, 9
1700, 7
1701, 8
1702, 8
1703, 8
1704, 8
1705, 8
1706, 8
1707, 6
1708, 10
1709, 8
1710, 8
1711, 8
1712, 8
1713, 8
1714, 8
1715, 8
1716, 8
1717, 8
1718, 8
1719, 8
1720, 8
1721, 8
1722, 8
1723, 8
1724, 8
1725, 8
1726, 8
1727, 7
1728, 9
1729, 8
1730, 8
1731, 7
1732, 11
1733, 9
1734, 8
1735, 9
1736, 9
1737, 9
1738, 9
1739, 9
1740, 9
1741, 9
1742, 9
1743, 9
1744, 9
1745, 8
1746, 8
1747, 8
1748, 8
1749, 9
1750, 9
1751, 9
1752, 9
1753, 9
1754, 9
1755, 8
1756, 8
1757, 8
1758, 8
1759, 8
1760, 8
1761, 10
1762, 7
1763, 9
1764, 9
1765, 8
1766, 8
1767, 8
1768, 8
1769, 7
1770, 9
1771, 8
1772, 9
1773, 8
1774, 8
1775, 9
1776, 7
1777, 8
1778, 8
1779, 8
1780, 8
1781, 8
1782, 8
1783, 8
1784, 8
1785, 9
1786, 7
1787, 8
1788, 8
1789, 8
1790, 8
1791, 8
1792, 8
1793, 8
1794, 8
1795, 8
1796, 8
1797, 9
1798, 7
1799, 8
1800, 8
1801, 6
1802, 6
1803, 10
1804, 10
1805, 8
1806, 9
1807, 8
1808, 8
1809, 8
1810, 8
1811, 8
1812, 8
1813, 8
1814, 8
1815, 10
1816, 6
1817, 8
1818, 8
1819, 8
1820, 8
1821, 8
1822, 8
1823, 8
1824, 8
1825, 8
1826, 8
1827, 7
1828, 9
1829, 8
1830, 8
1831, 7
1832, 9
1833, 8
1834, 8
1835, 8
1836, 8
1837, 8
1838, 8
1839, 8
1840, 8
1841, 7
1842, 7
1843, 8
1844, 8
1845, 8
1846, 8
1847, 8
1848, 8
1849, 8
1850, 8
1851, 8
1852, 8
1853, 8
1854, 8
1855, 8
1856, 8
1857, 9
1858, 9
1859, 9
1860, 9
1861, 10
1862, 8
1863, 9
1864, 9
1865, 10
1866, 8
1867, 9
1868, 9
1869, 9
1870, 9
1871, 9
1872, 9
1873, 9
1874, 9
1875, 9
1876, 9
1877, 9
1878, 9
1879, 10
1880, 8
1881, 9
1882, 9
1883, 9
1884, 9
1885, 9
1886, 9
1887, 9
1888, 9
1889, 8
1890, 8
1891, 7
1892, 7
1893, 7
1894, 6
1895, 9
1896, 8
1897, 6
1898, 6
1899, 7
1900, 7
1901, 7
1902, 7
1903, 7
1904, 7
1905, 6
1906, 6
1907, 6
1908, 6
1909, 6
1910, 6
1911, 5
1912, 5
1913, 6
1914, 5
1915, 5
1916, 6
1917, 6
1918, 6
1919, 5
1920, 5
1921, 7
1922, 7
1923, 5
1924, 5
1925, 4
1926, 4
1927, 9
1928, 9
1929, 7
1930, 4
1931, 4
1932, 6
1933, 5
1934, 6
1935, 5
1936, 5
1937, 6
1938, 6
1939, 6
1940, 6
1941, 5
1942, 5
1943, 6
1944, 6
1945, 5
1946, 5
1947, 5
1948, 5
1949, 4
1950, 8
1951, 6
1952, 6
1953, 8
1954, 8
1955, 8
1956, 8
1957, 8
1958, 8
1959, 8
1960, 8
1961, 10
1962, 10
1963, 10
1964, 10
1965, 11
1966, 11
1967, 9
1968, 9
1969, 8
1970, 10
1971, 9
1972, 9
1973, 9
1974, 9
1975, 9
1976, 9
1977, 11
1978, 10
1979, 10
1980, 11
1981, 10
1982, 10
1983, 11
1984, 10
1985, 11
1986, 11
1987, 11
1988, 11
1989, 11
1990, 11
1991, 11
1992, 11
1993, 10
1994, 10
1995, 11
1996, 11
1997, 11
1998, 11
1999, 11
2000, 11
2001, 11
2002, 11
2003, 11
2004, 11
2005, 11
2006, 11
2007, 11
2008, 11
2009, 11
2010, 11
2011, 11
2012, 11
2013, 10
2014, 13
2015, 9
2016, 11
2017, 11
2018, 11
2019, 11
2020, 11
2021, 11
2022, 11
2023, 8
2024, 14
2025, 11
2026, 11
2027, 11
2028, 11
2029, 11
2030, 10
2031, 11
2032, 11
2033, 11
2034, 11
2035, 11
2036, 11
2037, 11
2038, 11
2039, 11
2040, 11
2041, 11
2042, 11
2043, 14
2044, 8
2045, 11
2046, 11
2047, 11
2048, 11
2049, 10
2050, 10
2051, 10
2052, 10
2053, 10
2054, 10
2055, 10
2056, 10
2057, 10
2058, 10
2059, 10
2060, 11
2061, 11
2062, 9
2063, 10
2064, 10
2065, 10
2066, 10
2067, 10
2068, 10
2069, 10
2070, 10
2071, 8
2072, 12
2073, 10
2074, 10
2075, 10
2076, 10
2077, 11
2078, 11
2079, 10
2080, 10
2081, 11
2082, 11
2083, 11
2084, 11
2085, 11
2086, 11
2087, 10
2088, 10
2089, 10
2090, 10
2091, 10
2092, 10
2093, 10
2094, 10
2095, 10
2096, 10
2097, 10
2098, 10
2099, 10
2100, 10
2101, 10
2102, 9
2103, 10
2104, 10
2105, 13
2106, 8
2107, 10
2108, 12
2109, 11
2110, 11
2111, 11
2112, 10
2113, 12
2114, 11
2115, 12
2116, 12
2117, 10
2118, 10
2119, 10
2120, 10
2121, 11
2122, 11
2123, 10
2124, 11
2125, 11
2126, 11
2127, 11
2128, 11
2129, 10
2130, 10
2131, 10
2132, 10
2133, 10
2134, 10
2135, 10
2136, 10
2137, 10
2138, 10
2139, 10
2140, 10
2141, 9
2142, 10
2143, 10
2144, 10
2145, 10
2146, 10
2147, 10
2148, 10
2149, 10
2150, 10
2151, 10
2152, 10
2153, 10
2154, 10
2155, 12
2156, 9
2157, 10
2158, 10
2159, 10
2160, 10
2161, 10
2162, 10
2163, 12
2164, 9
2165, 10
2166, 10
2167, 10
2168, 10
2169, 11
2170, 11
2171, 10
2172, 10
2173, 10
2174, 10
2175, 13
2176, 8
2177, 10
2178, 10
2179, 10
2180, 10
2181, 10
2182, 10
2183, 10
2184, 10
2185, 10
2186, 10
2187, 10
2188, 11
2189, 10
2190, 10
2191, 10
2192, 10
2193, 11
2194, 11
2195, 10
2196, 10
2197, 10
2198, 10
2199, 10
2200, 10
2201, 11
2202, 10
2203, 10
2204, 10
2205, 10
2206, 10
2207, 10
2208, 10
2209, 10
2210, 10
2211, 10
2212, 10
2213, 10
2214, 13
2215, 9
2216, 9
2217, 11
2218, 11
2219, 11
2220, 11
2221, 10
2222, 10
2223, 11
2224, 11
2225, 10
2226, 10
2227, 11
2228, 11
2229, 11
2230, 11
2231, 10
2232, 10
2233, 10
2234, 10
2235, 14
2236, 7
2237, 10
2238, 10
2239, 10
2240, 10
2241, 10
2242, 10
2243, 10
2244, 10
2245, 9
2246, 9
2247, 11
2248, 11
2249, 9
2250, 10
2251, 10
2252, 10
2253, 10
2254, 10
2255, 10
2256, 10
2257, 10
2258, 10
2259, 10
2260, 10
2261, 10
2262, 11
2263, 10
2264, 10
2265, 12
2266, 12
2267, 7
2268, 9
2269, 10
2270, 10
2271, 10
2272, 10
2273, 10
2274, 10
2275, 10
2276, 10
2277, 10
2278, 10
2279, 10
2280, 10
2281, 9
2282, 11
2283, 10
2284, 10
2285, 9
2286, 11
2287, 10
2288, 10
2289, 11
2290, 11
2291, 11
2292, 11
2293, 11
2294, 11
2295, 11
2296, 11
2297, 9
2298, 9
2299, 9
2300, 9
2301, 9
2302, 9
2303, 9
2304, 9
2305, 9
2306, 9
2307, 10
2308, 10
2309, 9
2310, 9
2311, 10
2312, 11
2313, 10
2314, 10
2315, 10
2316, 10
2317, 10
2318, 10
2319, 10
2320, 10
2321, 9
2322, 9
2323, 9
2324, 9
2325, 10
2326, 10
2327, 10
2328, 10
2329, 10
2330, 10
2331, 11
2332, 9
2333, 10
2334, 10
2335, 10
2336, 10
2337, 9
2338, 10
2339, 10
2340, 10
2341, 10
2342, 10
2343, 10
2344, 10
2345, 10
2346, 9
2347, 10
2348, 10
2349, 10
2350, 10
2351, 10
2352, 10
2353, 10
2354, 12
2355, 9
2356, 9
2357, 12
2358, 11
2359, 8
2360, 8
2361, 10
2362, 10
2363, 10
2364, 10
2365, 11
2366, 11
2367, 8
2368, 8
2369, 10
2370, 10
2371, 10
2372, 10
2373, 10
2374, 10
2375, 10
2376, 10
2377, 9
2378, 9
2379, 10
2380, 10
2381, 9
2382, 14
2383, 8
2384, 8
2385, 10
2386, 10
2387, 10
2388, 10
2389, 10
2390, 10
2391, 10
2392, 10
2393, 9
2394, 9
2395, 9
2396, 9
2397, 11
2398, 9
2399, 10
2400, 10
2401, 9
2402, 10
2403, 10
2404, 10
2405, 10
2406, 10
2407, 10
2408, 10
2409, 9
2410, 9
2411, 8
2412, 11
2413, 10
2414, 10
2415, 9
2416, 11
2417, 8
2418, 12
2419, 10
2420, 10
2421, 10
2422, 10
2423, 10
2424, 10
2425, 9
2426, 9
2427, 8
2428, 11
2429, 10
2430, 10
2431, 10
2432, 10
2433, 11
2434, 9
2435, 10
2436, 10
2437, 9
2438, 8
2439, 12
2440, 7
2441, 10
2442, 10
2443, 10
2444, 10
2445, 10
2446, 10
2447, 10
2448, 10
2449, 10
2450, 10
2451, 12
2452, 8
2453, 10
2454, 10
2455, 10
2456, 10
2457, 10
2458, 10
2459, 11
2460, 10
2461, 9
2462, 9
2463, 9
2464, 9
2465, 10
2466, 10
2467, 8
2468, 11
2469, 9
2470, 8
2471, 11
2472, 11
2473, 10
2474, 10
2475, 10
2476, 10
2477, 9
2478, 10
2479, 10
2480, 10
2481, 10
2482, 10
2483, 10
2484, 10
2485, 10
2486, 10
2487, 11
2488, 9
2489, 10
2490, 10
2491, 9
2492, 10
2493, 10
2494, 10
2495, 10
2496, 10
2497, 9
2498, 9
2499, 12
2500, 12
2501, 11
2502, 8
2503, 9
2504, 10
2505, 9
2506, 10
2507, 10
2508, 10
2509, 9
2510, 9
2511, 10
2512, 10
2513, 10
2514, 10
2515, 10
2516, 10
2517, 9
2518, 9
2519, 10
2520, 10
2521, 10
2522, 10
2523, 10
2524, 10
2525, 10
2526, 10
2527, 10
2528, 10
2529, 10
2530, 10
2531, 9
2532, 9
2533, 10
2534, 10
2535, 10
2536, 10
2537, 10
2538, 10
2539, 10
2540, 10
2541, 10
2542, 10
2543, 10
2544, 10
2545, 11
2546, 8
2547, 10
2548, 10
2549, 9
2550, 10
2551, 11
2552, 10
2553, 10
2554, 10
2555, 10
2556, 10
2557, 9
2558, 9
2559, 9
2560, 9
2561, 7
2562, 7
2563, 7
2564, 7
2565, 7
2566, 7
2567, 7
2568, 7
2569, 7
2570, 7
2571, 7
2572, 7
2573, 7
2574, 7
2575, 7
2576, 7
2577, 4
2578, 4
2579, 4
2580, 4
2581, 4
2582, 4
2583, 4
2584, 4
2585, 4
2586, 4
2587, 3
2588, 5
2589, 4
2590, 3
2591, 4
2592, 4
2593, 5
2594, 5
2595, 5
2596, 5
2597, 5
2598, 5
2599, 3
2600, 6
2601, 3
2602, 3
2603, 5
2604, 5
2605, 5
2606, 5
2607, 5
2608, 5
2609, 5
2610, 5
2611, 5
2612, 5
2613, 4
2614, 4
2615, 4
2616, 4
2617, 5
2618, 5
2619, 5
2620, 4
2621, 5
2622, 5
2623, 5
2624, 5
2625, 5
2626, 5
2627, 5
2628, 5
2629, 4
2630, 4
2631, 5
2632, 5
2633, 5
2634, 5
2635, 5
2636, 5
2637, 5
2638, 5
2639, 5
2640, 5
2641, 4
2642, 4
2643, 6
2644, 6
2645, 5
2646, 5
2647, 5
2648, 5
2649, 5
2650, 5
2651, 5
2652, 5
2653, 5
2654, 5
2655, 5
2656, 5
2657, 5
2658, 5
2659, 5
2660, 5
2661, 5
2662, 5
2663, 4
2664, 4
2665, 5
2666, 5
2667, 5
2668, 5
2669, 5
2670, 5
2671, 5
2672, 5
2673, 5
2674, 5
2675, 6
2676, 5
2677, 5
2678, 5
2679, 5
2680, 5
2681, 6
2682, 5
2683, 5
2684, 5
2685, 5
2686, 5
2687, 5
2688, 5
2689, 5
2690, 5
2691, 5
2692, 5
2693, 5
2694, 6
2695, 4
2696, 4
2697, 5
2698, 4
2699, 5
2700, 5
2701, 5
2702, 4
2703, 5
2704, 5
2705, 3
2706, 5
2707, 4
2708, 4
2709, 4
2710, 4
2711, 4
2712, 4
2713, 7
2714, 4
2715, 5
2716, 5
2717, 5
2718, 5
2719, 5
2720, 5
2721, 5
2722, 5
2723, 6
2724, 6
2725, 6
2726, 5
2727, 5
2728, 5
2729, 5
2730, 5
2731, 5
2732, 6
2733, 5
2734, 5
2735, 5
2736, 5
2737, 5
2738, 5
2739, 5
2740, 5
2741, 5
2742, 5
2743, 5
2744, 5
2745, 5
2746, 5
2747, 5
2748, 5
2749, 5
2750, 5
2751, 5
2752, 5
2753, 5
2754, 5
2755, 5
2756, 5
2757, 5
2758, 5
2759, 5
2760, 5
2761, 3
2762, 7
2763, 5
2764, 5
2765, 5
2766, 5
2767, 5
2768, 5
2769, 5
2770, 5
2771, 5
2772, 5
2773, 5
2774, 5
2775, 5
2776, 5
2777, 5
2778, 5
2779, 6
2780, 4
2781, 5
2782, 5
2783, 5
2784, 5
2785, 5
2786, 5
2787, 5
2788, 5
2789, 5
2790, 5
2791, 5
2792, 5
2793, 5
2794, 5
2795, 5
2796, 5
2797, 5
2798, 5
2799, 5
2800, 5
2801, 5
2802, 5
2803, 5
2804, 5
2805, 5
2806, 5
2807, 5
2808, 5
2809, 5
2810, 5
2811, 5
2812, 5
2813, 5
2814, 5
2815, 5
2816, 5
2817, 5
2818, 5
2819, 5
2820, 5
2821, 5
2822, 5
2823, 5
2824, 5
2825, 5
2826, 5
2827, 5
2828, 5
2829, 6
2830, 4
2831, 5
2832, 5
2833, 6
2834, 6
2835, 4
2836, 4
2837, 5
2838, 5
2839, 5
2840, 5
2841, 5
2842, 5
2843, 7
2844, 3
2845, 5
2846, 5
2847, 5
2848, 5
2849, 5
2850, 5
2851, 5
2852, 5
2853, 5
2854, 5
2855, 5
2856, 5
2857, 5
2858, 5
2859, 5
2860, 5
2861, 7
2862, 5
2863, 4
2864, 4
2865, 5
2866, 5
2867, 5
2868, 5
2869, 5
2870, 5
2871, 5
2872, 5
2873, 5
2874, 5
2875, 5
2876, 5
2877, 6
2878, 4
2879, 5
2880, 5
2881, 5
2882, 5
2883, 5
2884, 5
2885, 5
2886, 5
2887, 5
2888, 5
2889, 5
2890, 5
2891, 5
2892, 4
2893, 5
2894, 5
2895, 5
2896, 5
2897, 5
2898, 5
2899, 5
2900, 5
2901, 5
2902, 5
2903, 5
2904, 5
2905, 7
2906, 3
2907, 5
2908, 5
2909, 5
2910, 5
2911, 5
2912, 5
2913, 5
2914, 5
2915, 5
2916, 5
2917, 4
2918, 6
2919, 5
2920, 5
2921, 5
2922, 5
2923, 5
2924, 5
2925, 6
2926, 6
2927, 4
2928, 4
2929, 6
2930, 6
2931, 6
2932, 3
2933, 5
2934, 6
2935, 5
2936, 5
2937, 6
2938, 5
2939, 4
2940, 6
2941, 5
2942, 5
2943, 5
2944, 5
2945, 5
2946, 5
2947, 4
2948, 6
2949, 5
2950, 5
2951, 5
2952, 5
2953, 5
2954, 5
2955, 5
2956, 5
2957, 5
2958, 5
2959, 5
2960, 5
2961, 5
2962, 5
2963, 5
2964, 4
2965, 5
2966, 6
2967, 6
2968, 3
2969, 5
2970, 5
2971, 6
2972, 4
2973, 5
2974, 5
2975, 5
2976, 5
2977, 5
2978, 5
2979, 5
2980, 5
2981, 5
2982, 5
2983, 5
2984, 5
2985, 4
2986, 4
2987, 5
2988, 6
2989, 5
2990, 5
2991, 5
2992, 5
2993, 5
2994, 5
2995, 5
2996, 5
2997, 3
2998, 7
2999, 6
3000, 4
3001, 5
3002, 5
3003, 5
3004, 4
3005, 5
3006, 5
3007, 5
3008, 5
3009, 5
3010, 5
3011, 4
3012, 4
3013, 5
3014, 5
3015, 5
3016, 5
3017, 5
3018, 5
3019, 5
3020, 5
3021, 5
3022, 5
3023, 5
3024, 5
3025, 5
3026, 5
3027, 5
3028, 5
3029, 5
3030, 5
3031, 5
3032, 5
3033, 4
3034, 4
3035, 5
3036, 5
3037, 5
3038, 5
3039, 4
3040, 4
3041, 5
3042, 5
3043, 5
3044, 5
3045, 5
3046, 5
3047, 6
3048, 5
3049, 5
3050, 4
3051, 4
3052, 4
3053, 4
3054, 4
3055, 4
3056, 4
3057, 3
3058, 8
3059, 5
3060, 5
3061, 6
3062, 5
3063, 4
3064, 4
3065, 5
3066, 5
3067, 5
3068, 5
3069, 5
3070, 5
3071, 5
3072, 5
3073, 5
3074, 5
3075, 4
3076, 5
3077, 5
3078, 5
3079, 5
3080, 5
3081, 4
3082, 4
3083, 4
3084, 4
3085, 5
3086, 5
3087, 5
3088, 5
3089, 5
3090, 5
3091, 6
3092, 4
3093, 5
3094, 5
3095, 5
3096, 5
3097, 4
3098, 4
3099, 5
3100, 5
3101, 5
3102, 5
3103, 5
3104, 5
3105, 4
3106, 4
3107, 5
3108, 5
3109, 4
3110, 6
3111, 4
3112, 4
3113, 5
3114, 5
3115, 4
3116, 5
3117, 5
3118, 5
3119, 4
3120, 4
3121, 5
3122, 5
3123, 5
3124, 5
3125, 6
3126, 4
3127, 5
3128, 5
3129, 5
3130, 5
3131, 5
3132, 5
3133, 5
3134, 5
3135, 5
3136, 5
3137, 4
3138, 4
3139, 4
3140, 4
3141, 5
3142, 5
3143, 5
3144, 5
3145, 5
3146, 5
3147, 5
3148, 5
3149, 4
3150, 6
3151, 5
3152, 5
3153, 5
3154, 5
3155, 5
3156, 5
3157, 5
3158, 5
3159, 5
3160, 5
3161, 5
3162, 5
3163, 5
3164, 5
3165, 5
3166, 5
3167, 5
3168, 5
3169, 3
3170, 6
3171, 5
3172, 5
3173, 4
3174, 5
3175, 5
3176, 5
3177, 5
3178, 4
3179, 5
3180, 5
3181, 5
3182, 5
3183, 5
3184, 5
3185, 5
3186, 4
3187, 5
3188, 5
3189, 5
3190, 5
3191, 3
3192, 7
3193, 5
3194, 5
3195, 5
3196, 5
3197, 4
3198, 4
3199, 6
3200, 6
3201, 5
3202, 5
3203, 5
3204, 5
3205, 5
3206, 5
3207, 5
3208, 5
3209, 5
3210, 5
3211, 5
3212, 5
3213, 5
3214, 5
3215, 4
3216, 7
3217, 4
3218, 4
3219, 4
3220, 4
3221, 4
3222, 4
3223, 4
3224, 4
3225, 4
3226, 4
3227, 4
3228, 4
3229, 4
3230, 4
3231, 4
3232, 4
3233, 4
3234, 4
3235, 5
3236, 4
3237, 4
3238, 4
3239, 4
3240, 4
3241, 3
3242, 3
3243, 6
3244, 6
3245, 4
3246, 4
3247, 4
3248, 4
3249, 5
3250, 5
3251, 5
3252, 5
3253, 5
3254, 5
3255, 5
3256, 5
3257, 5
3258, 5
3259, 3
3260, 7
3261, 5
3262, 5
3263, 5
3264, 5
3265, 6
3266, 6
3267, 6
3268, 6
3269, 6
3270, 6
3271, 6
3272, 6
3273, 8
3274, 8
3275, 10
3276, 7
3277, 9
3278, 8
3279, 10
3280, 7
3281, 7
3282, 10
3283, 8
3284, 8
3285, 8
3286, 8
3287, 8
3288, 8
3289, 8
3290, 7
3291, 7
3292, 7
3293, 9
3294, 9
3295, 9
3296, 9
3297, 8
3298, 9
3299, 9
3300, 9
3301, 9
3302, 9
3303, 9
3304, 9
3305, 9
3306, 9
3307, 9
3308, 9
3309, 9
3310, 9
3311, 9
3312, 9
3313, 9
3314, 9
3315, 9
3316, 9
3317, 9
3318, 9
3319, 9
3320, 9
3321, 9
3322, 8
3323, 12
3324, 6
3325, 9
3326, 9
3327, 9
3328, 9
3329, 9
3330, 9
3331, 9
3332, 9
3333, 9
3334, 9
3335, 9
3336, 9
3337, 9
3338, 9
3339, 9
3340, 9
3341, 10
3342, 8
3343, 9
3344, 9
3345, 9
3346, 9
3347, 9
3348, 9
3349, 9
3350, 9
3351, 10
3352, 9
3353, 9
3354, 9
3355, 9
3356, 9
3357, 9
3358, 9
3359, 9
3360, 9
3361, 8
3362, 8
3363, 10
3364, 10
3365, 9
3366, 9
3367, 9
3368, 9
3369, 9
3370, 9
3371, 9
3372, 9
3373, 9
3374, 9
3375, 9
3376, 9
3377, 9
3378, 9
3379, 10
3380, 9
3381, 9
3382, 9
3383, 9
3384, 9
3385, 8
3386, 10
3387, 10
3388, 8
3389, 9
3390, 9
3391, 9
3392, 9
3393, 8
3394, 8
3395, 8
3396, 8
3397, 8
3398, 8
3399, 9
3400, 8
3401, 4
3402, 9
3403, 6
3404, 7
3405, 7
3406, 7
3407, 6
3408, 6
3409, 9
3410, 10
3411, 10
3412, 9
3413, 10
3414, 10
3415, 10
3416, 10
3417, 10
3418, 10
3419, 10
3420, 10
3421, 10
3422, 10
3423, 10
3424, 9
3425, 10
3426, 10
3427, 8
3428, 11
3429, 10
3430, 10
3431, 10
3432, 10
3433, 10
3434, 10
3435, 10
3436, 10
3437, 10
3438, 10
3439, 11
3440, 8
3441, 10
3442, 10
3443, 10
3444, 10
3445, 10
3446, 10
3447, 10
3448, 9
3449, 10
3450, 10
3451, 10
3452, 10
3453, 9
3454, 9
3455, 10
3456, 10
3457, 10
3458, 10
3459, 10
3460, 10
3461, 10
3462, 10
3463, 10
3464, 10
3465, 11
3466, 9
3467, 10
3468, 10
3469, 10
3470, 10
3471, 10
3472, 10
3473, 11
3474, 9
3475, 10
3476, 10
3477, 10
3478, 10
3479, 10
3480, 10
3481, 10
3482, 10
3483, 9
3484, 11
3485, 10
3486, 10
3487, 10
3488, 10
3489, 10
3490, 10
3491, 10
3492, 10
3493, 10
3494, 10
3495, 7
3496, 12
3497, 10
3498, 10
3499, 10
3500, 10
3501, 9
3502, 9
3503, 10
3504, 10
3505, 10
3506, 10
3507, 10
3508, 10
3509, 12
3510, 9
3511, 10
3512, 10
3513, 10
3514, 10
3515, 10
3516, 10
3517, 10
3518, 10
3519, 10
3520, 10
3521, 10
3522, 10
3523, 10
3524, 10
3525, 10
3526, 10
3527, 10
3528, 10
3529, 10
3530, 10
3531, 10
3532, 10
3533, 10
3534, 10
3535, 10
3536, 10
3537, 10
3538, 10
3539, 10
3540, 10
3541, 10
3542, 10
3543, 10
3544, 10
3545, 9
3546, 9
3547, 11
3548, 11
3549, 10
3550, 10
3551, 10
3552, 10
3553, 12
3554, 10
3555, 10
3556, 9
3557, 12
3558, 10
3559, 9
3560, 9
3561, 10
3562, 10
3563, 10
3564, 10
3565, 10
3566, 10
3567, 10
3568, 10
3569, 10
3570, 10
3571, 11
3572, 11
3573, 10
3574, 10
3575, 10
3576, 10
3577, 12
3578, 8
3579, 10
3580, 10
3581, 10
3582, 10
3583, 10
3584, 10
3585, 9
3586, 9
3587, 10
3588, 8
3589, 10
3590, 8
3591, 9
3592, 10
3593, 9
3594, 9
3595, 9
3596, 9
3597, 9
3598, 9
3599, 10
3600, 9
3601, 10
3602, 10
3603, 10
3604, 10
3605, 10
3606, 10
3607, 11
3608, 8
3609, 9
3610, 9
3611, 10
3612, 10
3613, 9
3614, 9
3615, 9
3616, 9
3617, 8
3618, 8
3619, 7
3620, 8
3621, 8
3622, 8
3623, 8
3624, 8
3625, 8
3626, 8
3627, 8
3628, 8
3629, 7
3630, 7
3631, 7
3632, 7
3633, 6
3634, 6
3635, 6
3636, 6
3637, 6
3638, 6
3639, 6
3640, 6
3641, 6
3642, 6
3643, 6
3644, 6
3645, 6
3646, 7
3647, 5
3648, 5
3649, 5
3650, 5
3651, 5
3652, 5
3653, 4
3654, 5
3655, 5
3656, 5
3657, 5
3658, 5
3659, 5
3660, 5
3661, 5
3662, 5
3663, 5
3664, 5
3665, 5
3666, 5
3667, 6
3668, 3
3669, 4
3670, 4
3671, 5
3672, 5
3673, 5
3674, 5
3675, 5
3676, 5
3677, 4
3678, 4
3679, 4
3680, 6
3681, 6
3682, 8
3683, 7
3684, 7
3685, 7
3686, 7
3687, 7
3688, 7
3689, 10
3690, 10
3691, 12
3692, 12
3693, 16
3694, 16
3695, 16
3696, 16
3697, 21
3698, 21
3699, 21
3700, 21
3701, 24
3702, 24
3703, 25
3704, 25
3705, 24
3706, 24
3707, 24
3708, 24
3709, 24
3710, 24
3711, 24
3712, 24
3713, 25
3714, 25
3715, 25
3716, 25
3717, 25
3718, 25
3719, 26
3720, 26
3721, 26
3722, 26
3723, 26
3724, 26
3725, 26
3726, 26
3727, 27
3728, 26
3729, 23
3730, 27
3731, 25
3732, 25
3733, 25
3734, 25
3735, 25
3736, 25
3737, 26
3738, 25
3739, 25
3740, 25
3741, 27
3742, 24
3743, 25
3744, 25
3745, 24
3746, 24
3747, 21
3748, 27
3749, 24
3750, 24
3751, 24
3752, 24
3753, 23
3754, 23
3755, 23
3756, 23
3757, 26
3758, 25
3759, 23
3760, 28
3761, 20
3762, 26
3763, 23
3764, 23
3765, 23
3766, 23
3767, 24
3768, 23
3769, 23
3770, 23
3771, 23
3772, 23
3773, 24
3774, 24
3775, 23
3776, 23
3777, 23
3778, 26
3779, 24
3780, 24
3781, 24
3782, 24
3783, 24
3784, 24
3785, 24
3786, 24
3787, 24
3788, 24
3789, 24
3790, 24
3791, 24
3792, 24
3793, 24
3794, 24
3795, 24
3796, 24
3797, 24
3798, 24
3799, 25
3800, 25
3801, 25
3802, 24
3803, 24
3804, 24
3805, 25
3806, 24
3807, 24
3808, 24
3809, 24
3810, 25
3811, 24
3812, 24
3813, 24
3814, 24
3815, 24
3816, 24
3817, 24
3818, 24
3819, 24
3820, 24
3821, 24
3822, 24
3823, 24
3824, 24
3825, 25
3826, 25
3827, 27
3828, 23
3829, 21
3830, 25
3831, 22
3832, 25
3833, 24
3834, 24
3835, 24
3836, 24
3837, 24
3838, 26
3839, 26
3840, 24
3841, 26
3842, 26
3843, 21
3844, 21
3845, 22
3846, 25
3847, 24
3848, 24
3849, 25
3850, 25
3851, 22
3852, 24
3853, 23
3854, 23
3855, 25
3856, 23
3857, 22
3858, 25
3859, 19
3860, 25
3861, 23
3862, 23
3863, 23
3864, 23
3865, 23
3866, 22
3867, 23
3868, 23
3869, 23
3870, 23
3871, 23
3872, 23
3873, 23
3874, 23
3875, 23
3876, 23
3877, 23
3878, 23
3879, 23
3880, 23
3881, 22
3882, 22
3883, 21
3884, 23
3885, 24
3886, 24
3887, 24
3888, 24
3889, 23
3890, 23
3891, 25
3892, 22
3893, 24
3894, 22
3895, 23
3896, 23
3897, 23
3898, 23
3899, 23
3900, 23
3901, 23
3902, 23
3903, 25
3904, 21
3905, 23
3906, 23
3907, 24
3908, 24
3909, 23
3910, 24
3911, 23
3912, 23
3913, 23
3914, 23
3915, 23
3916, 23
3917, 23
3918, 23
3919, 23
3920, 23
3921, 23
3922, 23
3923, 23
3924, 23
3925, 23
3926, 23
3927, 23
3928, 23
3929, 23
3930, 23
3931, 23
3932, 23
3933, 22
3934, 22
3935, 25
3936, 25
3937, 23
3938, 23
3939, 23
3940, 23
3941, 22
3942, 24
3943, 22
3944, 24
3945, 22
3946, 22
3947, 24
3948, 24
3949, 22
3950, 22
3951, 23
3952, 23
3953, 23
3954, 23
3955, 23
3956, 23
3957, 23
3958, 23
3959, 23
3960, 23
3961, 24
3962, 22
3963, 23
3964, 23
3965, 23
3966, 23
3967, 23
3968, 23
3969, 23
3970, 23
3971, 23
3972, 23
3973, 24
3974, 24
3975, 23
3976, 23
3977, 23
3978, 23
3979, 23
3980, 23
3981, 24
3982, 24
3983, 24
3984, 24
3985, 23
3986, 23
3987, 24
3988, 23
3989, 23
3990, 23
3991, 23
3992, 24
3993, 23
3994, 23
3995, 23
3996, 23
3997, 22
3998, 25
3999, 23
4000, 23
4001, 23
4002, 23
4003, 23
4004, 23
4005, 23
4006, 23
4007, 23
4008, 23
4009, 24
4010, 23
4011, 23
4012, 24
4013, 23
4014, 23
4015, 23
4016, 23
4017, 23
4018, 23
4019, 23
4020, 23
4021, 23
4022, 23
4023, 24
4024, 24
4025, 24
4026, 24
4027, 22
4028, 25
4029, 23
4030, 23
4031, 23
4032, 23
4033, 24
4034, 23
4035, 24
4036, 24
4037, 27
4038, 20
4039, 24
4040, 24
4041, 23
4042, 24
4043, 22
4044, 25
4045, 22
4046, 22
4047, 26
4048, 26
4049, 22
4050, 24
4051, 23
4052, 23
4053, 23
4054, 23
4055, 22
4056, 24
4057, 20
4058, 20
4059, 26
4060, 26
4061, 23
4062, 23
4063, 26
4064, 20
4065, 24
4066, 24
4067, 21
4068, 26
4069, 23
4070, 24
4071, 23
4072, 23
4073, 20
4074, 26
4075, 23
4076, 23
4077, 23
4078, 23
4079, 23
4080, 23
4081, 22
4082, 22
4083, 24
4084, 24
4085, 23
4086, 23
4087, 23
4088, 22
4089, 27
4090, 23
4091, 23
4092, 24
4093, 23
4094, 23
4095, 25
4096, 26
4097, 23
4098, 23
4099, 23
4100, 23
4101, 23
4102, 23
4103, 23
4104, 23
4105, 24
4106, 22
4107, 25
4108, 21
4109, 23
4110, 23
4111, 23
4112, 23
4113, 23
4114, 23
4115, 23
4116, 23
4117, 23
4118, 23
4119, 23
4120, 23
4121, 23
4122, 23
4123, 23
4124, 23
4125, 23
4126, 23
4127, 23
4128, 23
4129, 23
4130, 23
4131, 23
4132, 23
4133, 23
4134, 23
4135, 23
4136, 24
4137, 23
4138, 23
4139, 24
4140, 24
4141, 23
4142, 23
4143, 23
4144, 23
4145, 25
4146, 22
4147, 23
4148, 24
4149, 23
4150, 23
4151, 23
4152, 23
4153, 24
4154, 24
4155, 24
4156, 24
4157, 23
4158, 23
4159, 23
4160, 23
4161, 23
4162, 23
4163, 23
4164, 23
4165, 23
4166, 23
4167, 23
4168, 23
4169, 23
4170, 23
4171, 23
4172, 23
4173, 23
4174, 23
4175, 23
4176, 23
4177, 23
4178, 23
4179, 23
4180, 23
4181, 24
4182, 23
4183, 28
4184, 19
4185, 23
4186, 23
4187, 23
4188, 23
4189, 23
4190, 23
4191, 23
4192, 23
4193, 23
4194, 23
4195, 24
4196, 24
4197, 24
4198, 24
4199, 24
4200, 24
4201, 21
4202, 21
4203, 24
4204, 24
4205, 22
4206, 20
4207, 24
4208, 25
4209, 23
4210, 23
4211, 23
4212, 23
4213, 23
4214, 23
4215, 23
4216, 23
4217, 25
4218, 22
4219, 23
4220, 23
4221, 23
4222, 23
4223, 23
4224, 23
4225, 23
4226, 24
4227, 23
4228, 24
4229, 23
4230, 23
4231, 23
4232, 23
4233, 23
4234, 23
4235, 23
4236, 23
4237, 24
4238, 33
4239, 15
4240, 20
4241, 24
4242, 23
4243, 22
4244, 24
4245, 23
4246, 23
4247, 27
4248, 19
4249, 23
4250, 23
4251, 23
4252, 23
4253, 23
4254, 23
4255, 23
4256, 23
4257, 23
4258, 23
4259, 24
4260, 24
4261, 25
4262, 22
4263, 20
4264, 26
4265, 23
4266, 23
4267, 24
4268, 22
4269, 23
4270, 23
4271, 22
4272, 25
4273, 23
4274, 23
4275, 23
4276, 23
4277, 23
4278, 23
4279, 23
4280, 23
4281, 23
4282, 23
4283, 23
4284, 23
4285, 23
4286, 23
4287, 23
4288, 23
4289, 21
4290, 24
4291, 23
4292, 23
4293, 23
4294, 23
4295, 23
4296, 23
4297, 23
4298, 24
4299, 23
4300, 23
4301, 24
4302, 24
4303, 23
4304, 23
4305, 23
4306, 23
4307, 23
4308, 23
4309, 23
4310, 23
4311, 23
4312, 23
4313, 22
4314, 22
4315, 22
4316, 22
4317, 28
4318, 22
4319, 25
4320, 25
4321, 22
4322, 22
4323, 24
4324, 24
4325, 23
4326, 23
4327, 23
4328, 23
4329, 23
4330, 23
4331, 22
4332, 24
4333, 23
4334, 23
4335, 23
4336, 23
4337, 23
4338, 23
4339, 26
4340, 20
4341, 23
4342, 23
4343, 23
4344, 23
4345, 23
4346, 23
4347, 23
4348, 23
4349, 24
4350, 24
4351, 23
4352, 21
4353, 23
4354, 23
4355, 22
4356, 25
4357, 23
4358, 23
4359, 23
4360, 23
4361, 23
4362, 23
4363, 20
4364, 26
4365, 23
4366, 23
4367, 23
4368, 23
4369, 24
4370, 22
4371, 23
4372, 23
4373, 23
4374, 23
4375, 23
4376, 23
4377, 23
4378, 23
4379, 23
4380, 23
4381, 23
4382, 23
4383, 23
4384, 23
4385, 23
4386, 23
4387, 23
4388, 23
4389, 25
4390, 21
4391, 23
4392, 23
4393, 23
4394, 23
4395, 23
4396, 23
4397, 24
4398, 24
4399, 24
4400, 24
4401, 22
4402, 26
4403, 23
4404, 23
4405, 22
4406, 24
4407, 23
4408, 23
4409, 23
4410, 23
4411, 23
4412, 23
4413, 23
4414, 23
4415, 24
4416, 23
4417, 24
4418, 24
4419, 25
4420, 25
4421, 24
4422, 24
4423, 24
4424, 25
4425, 24
4426, 24
4427, 27
4428, 22
4429, 25
4430, 23
4431, 24
4432, 24
4433, 24
4434, 24
4435, 25
4436, 25
4437, 24
4438, 24
4439, 24
4440, 24
4441, 23
4442, 23
4443, 24
4444, 24
4445, 27
4446, 22
4447, 25
4448, 25
4449, 22
4450, 22
4451, 21
4452, 24
4453, 22
4454, 22
4455, 22
4456, 22
4457, 22
4458, 22
4459, 22
4460, 22
4461, 23
4462, 23
4463, 22
4464, 22
4465, 22
4466, 22
4467, 22
4468, 22
4469, 24
4470, 21
4471, 22
4472, 22
4473, 22
4474, 22
4475, 23
4476, 23
4477, 22
4478, 22
4479, 22
4480, 22
4481, 25
4482, 21
4483, 21
4484, 25
4485, 22
4486, 24
4487, 23
4488, 22
4489, 23
4490, 23
4491, 23
4492, 23
4493, 23
4494, 23
4495, 23
4496, 23
4497, 22
4498, 22
4499, 22
4500, 22
4501, 24
4502, 22
4503, 22
4504, 21
4505, 24
4506, 24
4507, 24
4508, 24
4509, 24
4510, 24
4511, 24
4512, 24
4513, 23
4514, 24
4515, 23
4516, 23
4517, 24
4518, 23
4519, 23
4520, 24
4521, 24
4522, 23
4523, 30
4524, 17
4525, 23
4526, 24
4527, 24
4528, 24
4529, 24
4530, 23
4531, 23
4532, 23
4533, 23
4534, 24
4535, 23
4536, 23
4537, 24
4538, 24
4539, 24
4540, 24
4541, 24
4542, 24
4543, 24
4544, 23
4545, 23
4546, 23
4547, 23
4548, 23
4549, 27
4550, 27
4551, 18
4552, 24
4553, 23
4554, 23
4555, 23
4556, 23
4557, 23
4558, 23
4559, 23
4560, 23
4561, 23
4562, 23
4563, 25
4564, 25
4565, 25
4566, 24
4567, 24
4568, 24
4569, 22
4570, 22
4571, 22
4572, 22
4573, 22
4574, 22
4575, 22
4576, 22
4577, 22
4578, 22
4579, 22
4580, 22
4581, 24
4582, 24
4583, 24
4584, 24
4585, 23
4586, 23
4587, 23
4588, 23
4589, 23
4590, 23
4591, 23
4592, 23
4593, 24
4594, 24
4595, 24
4596, 24
4597, 18
4598, 27
4599, 25
4600, 25
4601, 23
4602, 23
4603, 23
4604, 23
4605, 23
4606, 23
4607, 23
4608, 23
4609, 25
4610, 25
4611, 25
4612, 25
4613, 20
4614, 20
4615, 24
4616, 24
4617, 24
4618, 24
4619, 23
4620, 23
4621, 22
4622, 25
4623, 23
4624, 23
4625, 21
4626, 25
4627, 23
4628, 23
4629, 23
4630, 23
4631, 23
4632, 23
4633, 23
4634, 24
4635, 23
4636, 23
4637, 23
4638, 24
4639, 22
4640, 24
4641, 21
4642, 21
4643, 21
4644, 21
4645, 26
4646, 26
4647, 23
4648, 27
4649, 23
4650, 23
4651, 23
4652, 23
4653, 23
4654, 23
4655, 23
4656, 23
4657, 23
4658, 23
4659, 23
4660, 23
4661, 24
4662, 24
4663, 24
4664, 24
4665, 23
4666, 23
4667, 23
4668, 23
4669, 23
4670, 23
4671, 23
4672, 23
4673, 25
4674, 21
4675, 23
4676, 23
4677, 23
4678, 23
4679, 24
4680, 23
4681, 23
4682, 23
4683, 22
4684, 24
4685, 23
4686, 23
4687, 24
4688, 23
4689, 23
4690, 23
4691, 23
4692, 23
4693, 23
4694, 24
4695, 23
4696, 23
4697, 23
4698, 23
4699, 25
4700, 22
4701, 23
4702, 23
4703, 23
4704, 23
4705, 23
4706, 23
4707, 23
4708, 23
4709, 24
4710, 24
4711, 21
4712, 23
4713, 24
4714, 25
4715, 21
4716, 21
4717, 23
4718, 23
4719, 23
4720, 23
4721, 20
4722, 26
4723, 23
4724, 23
4725, 23
4726, 23
4727, 23
4728, 23
4729, 22
4730, 24
4731, 23
4732, 23
4733, 23
4734, 23
4735, 23
4736, 23
4737, 23
4738, 23
4739, 23
4740, 23
4741, 23
4742, 23
4743, 23
4744, 23
4745, 23
4746, 23
4747, 23
4748, 23
4749, 23
4750, 23
4751, 23
4752, 23
4753, 22
4754, 24
4755, 23
4756, 23
4757, 23
4758, 23
4759, 23
4760, 23
4761, 23
4762, 24
4763, 24
4764, 24
4765, 23
4766, 23
4767, 24
4768, 24
4769, 23
4770, 23
4771, 23
4772, 23
4773, 23
4774, 23
4775, 23
4776, 23
4777, 23
4778, 23
4779, 23
4780, 23
4781, 24
4782, 24
4783, 24
4784, 24
4785, 23
4786, 23
4787, 23
4788, 23
4789, 22
4790, 22
4791, 24
4792, 24
4793, 21
4794, 24
4795, 22
4796, 22
4797, 24
4798, 24
4799, 24
4800, 24
4801, 22
4802, 22
4803, 22
4804, 22
4805, 24
4806, 24
4807, 24
4808, 24
4809, 23
4810, 23
4811, 23
4812, 23
4813, 24
4814, 23
4815, 23
4816, 23
4817, 23
4818, 24
4819, 23
4820, 23
4821, 23
4822, 23
4823, 23
4824, 23
4825, 24
4826, 23
4827, 23
4828, 23
4829, 21
4830, 26
4831, 23
4832, 23
4833, 22
4834, 22
4835, 23
4836, 27
4837, 23
4838, 23
4839, 23
4840, 23
4841, 23
4842, 23
4843, 23
4844, 23
4845, 23
4846, 23
4847, 23
4848, 23
4849, 20
4850, 26
4851, 23
4852, 23
4853, 23
4854, 23
4855, 26
4856, 20
4857, 24
4858, 24
4859, 22
4860, 22
4861, 23
4862, 23
4863, 20
4864, 26
4865, 24
4866, 24
4867, 23
4868, 24
4869, 24
4870, 24
4871, 24
4872, 24
4873, 22
4874, 22
4875, 22
4876, 22
4877, 22
4878, 22
4879, 24
4880, 21
4881, 23
4882, 23
4883, 23
4884, 23
4885, 23
4886, 23
4887, 23
4888, 23
4889, 25
4890, 25
4891, 21
4892, 21
4893, 23
4894, 23
4895, 24
4896, 22
4897, 27
4898, 27
4899, 25
4900, 28
4901, 15
4902, 20
4903, 22
4904, 22
4905, 23
4906, 23
4907, 23
4908, 23
4909, 22
4910, 22
4911, 25
4912, 25
4913, 22
4914, 22
4915, 23
4916, 22
4917, 24
4918, 24
4919, 25
4920, 24
4921, 23
4922, 23
4923, 23
4924, 23
4925, 23
4926, 23
4927, 23
4928, 23
4929, 23
4930, 23
4931, 24
4932, 23
4933, 24
4934, 24
4935, 24
4936, 24
4937, 23
4938, 23
4939, 23
4940, 23
4941, 23
4942, 23
4943, 23
4944, 23
4945, 23
4946, 23
4947, 23
4948, 23
4949, 28
4950, 19
4951, 23
4952, 23
4953, 21
4954, 21
4955, 17
4956, 25
4957, 25
4958, 25
4959, 26
4960, 26
4961, 24
4962, 24
4963, 24
4964, 24
4965, 22
4966, 22
4967, 22
4968, 22
4969, 23
4970, 23
4971, 23
4972, 23
4973, 23
4974, 23
4975, 23
4976, 23
4977, 24
4978, 22
4979, 23
4980, 23
4981, 21
4982, 21
4983, 25
4984, 25
4985, 23
4986, 23
4987, 23
4988, 23
4989, 23
4990, 23
4991, 23
4992, 23
4993, 21
4994, 21
4995, 21
4996, 25
4997, 22
4998, 22
4999, 22
5000, 22
5001, 24
5002, 24
5003, 24
5004, 24
5005, 23
5006, 23
5007, 25
5008, 25
5009, 23
5010, 22
5011, 23
5012, 25
5013, 23
5014, 23
5015, 23
5016, 23
5017, 20
5018, 20
5019, 26
5020, 26
5021, 23
5022, 23
5023, 24
5024, 23
5025, 23
5026, 23
5027, 22
5028, 25
5029, 23
5030, 23
5031, 23
5032, 23
5033, 22
5034, 25
5035, 21
5036, 26
5037, 23
5038, 23
5039, 23
5040, 23
5041, 23
5042, 23
5043, 24
5044, 22
5045, 23
5046, 23
5047, 23
5048, 23
5049, 22
5050, 22
5051, 23
5052, 23
5053, 24
5054, 24
5055, 24
5056, 24
5057, 24
5058, 22
5059, 23
5060, 23
5061, 22
5062, 25
5063, 24
5064, 23
5065, 22
5066, 22
5067, 24
5068, 24
5069, 23
5070, 23
5071, 24
5072, 24
5073, 23
5074, 23
5075, 23
5076, 23
5077, 23
5078, 23
5079, 23
5080, 23
5081, 23
5082, 23
5083, 23
5084, 23
5085, 23
5086, 23
5087, 23
5088, 23
5089, 19
5090, 20
5091, 26
5092, 27
5093, 23
5094, 23
5095, 23
5096, 23
5097, 24
5098, 24
5099, 24
5100, 24
5101, 22
5102, 22
5103, 23
5104, 23
5105, 22
5106, 22
5107, 22
5108, 25
5109, 23
5110, 23
5111, 22
5112, 24
5113, 23
5114, 23
5115, 27
5116, 20
5117, 23
5118, 23
5119, 24
5120, 23
5121, 27
5122, 21
5123, 24
5124, 24
5125, 24
5126, 24
5127, 24
5128, 24
5129, 24
5130, 23
5131, 24
5132, 24
5133, 24
5134, 24
5135, 23
5136, 24
5137, 23
5138, 23
5139, 24
5140, 24
5141, 24
5142, 24
5143, 24
5144, 24
5145, 23
5146, 25
5147, 24
5148, 24
5149, 23
5150, 23
5151, 24
5152, 24
5153, 23
5154, 23
5155, 23
5156, 23
5157, 25
5158, 25
5159, 24
5160, 24
5161, 24
5162, 24
5163, 24
5164, 24
5165, 24
5166, 24
5167, 24
5168, 24
5169, 25
5170, 25
5171, 24
5172, 24
5173, 24
5174, 24
5175, 24
5176, 24
5177, 23
5178, 23
5179, 24
5180, 21
5181, 23
5182, 23
5183, 23
5184, 23
5185, 22
5186, 22
5187, 22
5188, 22
5189, 23
5190, 23
5191, 23
5192, 24
5193, 23
5194, 23
5195, 23
5196, 23
5197, 22
5198, 22
5199, 23
5200, 23
5201, 29
5202, 18
5203, 23
5204, 23
5205, 23
5206, 23
5207, 24
5208, 22
5209, 22
5210, 23
5211, 22
5212, 22
5213, 24
5214, 24
5215, 24
5216, 24
5217, 23
5218, 17
5219, 26
5220, 25
5221, 23
5222, 23
5223, 23
5224, 23
5225, 23
5226, 23
5227, 23
5228, 23
5229, 23
5230, 23
5231, 23
5232, 23
5233, 23
5234, 23
5235, 23
5236, 23
5237, 23
5238, 23
5239, 23
5240, 22
5241, 22
5242, 22
5243, 24
5244, 24
5245, 23
5246, 23
5247, 23
5248, 23
5249, 23
5250, 23
5251, 23
5252, 23
5253, 23
5254, 23
5255, 23
5256, 23
5257, 24
5258, 21
5259, 22
5260, 22
5261, 24
5262, 24
5263, 24
5264, 24
5265, 23
5266, 23
5267, 23
5268, 23
5269, 23
5270, 23
5271, 22
5272, 24
5273, 23
5274, 23
5275, 23
5276, 23
5277, 23
5278, 23
5279, 23
5280, 23
5281, 23
5282, 23
5283, 23
5284, 23
5285, 23
5286, 23
5287, 23
5288, 23
5289, 23
5290, 23
5291, 23
5292, 23
5293, 23
5294, 23
5295, 23
5296, 23
5297, 23
5298, 23
5299, 23
5300, 23
5301, 24
5302, 21
5303, 24
5304, 24
5305, 23
5306, 23
5307, 22
5308, 23
5309, 23
5310, 23
5311, 21
5312, 26
5313, 23
5314, 23
5315, 23
5316, 23
5317, 23
5318, 23
5319, 23
5320, 23
5321, 23
5322, 23
5323, 22
5324, 22
5325, 22
5326, 23
5327, 23
5328, 23
5329, 22
5330, 25
5331, 24
5332, 24
5333, 24
5334, 24
5335, 23
5336, 23
5337, 22
5338, 22
5339, 26
5340, 26
5341, 20
5342, 27
5343, 22
5344, 26
5345, 22
5346, 24
5347, 24
5348, 23
5349, 23
5350, 23
5351, 23
5352, 23
5353, 23
5354, 23
5355, 23
5356, 23
5357, 23
5358, 23
5359, 24
5360, 22
5361, 23
5362, 23
5363, 20
5364, 26
5365, 23
5366, 23
5367, 23
5368, 23
5369, 24
5370, 21
5371, 23
5372, 23
5373, 23
5374, 23
5375, 23
5376, 23
5377, 25
5378, 25
5379, 25
5380, 25
5381, 21
5382, 21
5383, 21
5384, 21
5385, 23
5386, 23
5387, 23
5388, 23
5389, 23
5390, 23
5391, 23
5392, 23
5393, 25
5394, 21
5395, 23
5396, 23
5397, 23
5398, 23
5399, 23
5400, 23
5401, 23
5402, 23
5403, 23
5404, 23
5405, 22
5406, 23
5407, 24
5408, 24
5409, 23
5410, 23
5411, 23
5412, 23
5413, 23
5414, 23
5415, 23
5416, 24
5417, 23
5418, 23
5419, 23
5420, 23
5421, 23
5422, 23
5423, 23
5424, 23
5425, 24
5426, 24
5427, 25
5428, 24
5429, 22
5430, 22
5431, 22
5432, 22
5433, 21
5434, 26
5435, 25
5436, 22
5437, 23
5438, 23
5439, 23
5440, 23
5441, 24
5442, 24
5443, 26
5444, 21
5445, 23
5446, 23
5447, 26
5448, 21
5449, 23
5450, 23
5451, 23
5452, 23
5453, 26
5454, 23
5455, 25
5456, 25
5457, 24
5458, 22
5459, 23
5460, 23
5461, 23
5462, 23
5463, 23
5464, 23
5465, 22
5466, 24
5467, 23
5468, 23
5469, 23
5470, 23
5471, 23
5472, 23
5473, 24
5474, 24
5475, 25
5476, 23
5477, 24
5478, 24
5479, 24
5480, 24
5481, 22
5482, 24
5483, 23
5484, 23
5485, 23
5486, 23
5487, 23
5488, 23
5489, 25
5490, 24
5491, 24
5492, 24
5493, 22
5494, 22
5495, 22
5496, 22
5497, 23
5498, 23
5499, 25
5500, 21
5501, 23
5502, 23
5503, 23
5504, 23
5505, 25
5506, 25
5507, 25
5508, 24
5509, 25
5510, 24
5511, 25
5512, 25
5513, 22
5514, 22
5515, 22
5516, 22
5517, 22
5518, 22
5519, 22
5520, 22
5521, 23
5522, 23
5523, 23
5524, 23
5525, 23
5526, 23
5527, 23
5528, 24
5529, 22
5530, 25
5531, 23
5532, 24
5533, 22
5534, 22
5535, 25
5536, 25
5537, 23
5538, 23
5539, 23
5540, 23
5541, 23
5542, 23
5543, 23
5544, 23
5545, 24
5546, 24
5547, 24
5548, 24
5549, 22
5550, 22
5551, 22
5552, 22
5553, 23
5554, 23
5555, 23
5556, 23
5557, 22
5558, 24
5559, 23
5560, 23
5561, 24
5562, 23
5563, 23
5564, 23
5565, 22
5566, 22
5567, 23
5568, 23
5569, 23
5570, 23
5571, 23
5572, 23
5573, 23
5574, 23
5575, 23
5576, 23
5577, 24
5578, 24
5579, 23
5580, 23
5581, 23
5582, 23
5583, 22
5584, 22
5585, 24
5586, 24
5587, 23
5588, 23
5589, 23
5590, 23
5591, 23
5592, 23
5593, 23
5594, 23
5595, 23
5596, 23
5597, 23
5598, 23
5599, 23
5600, 23
5601, 23
5602, 23
5603, 23
5604, 24
5605, 23
5606, 23
5607, 23
5608, 23
5609, 23
5610, 23
5611, 22
5612, 24
5613, 23
5614, 23
5615, 24
5616, 24
5617, 23
5618, 23
5619, 23
5620, 23
5621, 22
5622, 24
5623, 26
5624, 20
5625, 23
5626, 23
5627, 23
5628, 23
5629, 23
5630, 23
5631, 23
5632, 23
5633, 23
5634, 23
5635, 25
5636, 21
5637, 23
5638, 23
5639, 24
5640, 23
5641, 23
5642, 23
5643, 27
5644, 19
5645, 23
5646, 23
5647, 23
5648, 23
5649, 23
5650, 23
5651, 23
5652, 23
5653, 22
5654, 22
5655, 24
5656, 24
5657, 23
5658, 23
5659, 23
5660, 23
5661, 23
5662, 23
5663, 23
5664, 23
5665, 23
5666, 23
5667, 23
5668, 23
5669, 24
5670, 24
5671, 22
5672, 22
5673, 23
5674, 23
5675, 23
5676, 23
5677, 23
5678, 23
5679, 19
5680, 28
5681, 23
5682, 23
5683, 23
5684, 23
5685, 23
5686, 23
5687, 23
5688, 23
5689, 23
5690, 22
5691, 23
5692, 23
5693, 23
5694, 23
5695, 24
5696, 23
5697, 23
5698, 23
5699, 23
5700, 23
5701, 23
5702, 23
5703, 23
5704, 23
5705, 23
5706, 23
5707, 23
5708, 23
5709, 23
5710, 22
5711, 23
5712, 23
5713, 23
5714, 23
5715, 23
5716, 23
5717, 23
5718, 23
5719, 23
5720, 23
5721, 23
5722, 23
5723, 23
5724, 23
5725, 23
5726, 23
5727, 23
5728, 23
5729, 24
5730, 24
5731, 20
5732, 20
5733, 21
5734, 21
5735, 24
5736, 24
5737, 20
5738, 20
5739, 20
5740, 21
5741, 24
5742, 25
5743, 25
5744, 25
5745, 22
5746, 22
5747, 27
5748, 18
5749, 22
5750, 22
5751, 22
5752, 22
5753, 22
5754, 22
5755, 23
5756, 24
5757, 23
5758, 22
5759, 22
5760, 22
5761, 21
5762, 21
5763, 23
5764, 25
5765, 23
5766, 23
5767, 24
5768, 22
5769, 24
5770, 21
5771, 23
5772, 22
5773, 23
5774, 22
5775, 23
5776, 23
5777, 23
5778, 23
5779, 23
5780, 23
5781, 23
5782, 23
5783, 23
5784, 23
5785, 24
5786, 21
5787, 23
5788, 23
5789, 21
5790, 21
5791, 24
5792, 24
5793, 21
5794, 21
5795, 27
5796, 21
5797, 22
5798, 23
5799, 23
5800, 23
5801, 24
5802, 21
5803, 23
5804, 23
5805, 23
5806, 23
5807, 23
5808, 23
5809, 23
5810, 23
5811, 23
5812, 23
5813, 22
5814, 22
5815, 23
5816, 22
5817, 25
5818, 22
5819, 23
5820, 23
5821, 22
5822, 22
5823, 22
5824, 22
5825, 23
5826, 23
5827, 23
5828, 23
5829, 23
5830, 23
5831, 23
5832, 23
5833, 23
5834, 23
5835, 23
5836, 23
5837, 23
5838, 23
5839, 23
5840, 23
5841, 23
5842, 23
5843, 23
5844, 23
5845, 23
5846, 23
5847, 23
5848, 23
5849, 23
5850, 23
5851, 22
5852, 24
5853, 23
5854, 23
5855, 23
5856, 23
5857, 23
5858, 23
5859, 23
5860, 23
5861, 21
5862, 28
5863, 20
5864, 24
5865, 24
5866, 24
5867, 23
5868, 26
5869, 16
5870, 22
5871, 25
5872, 23
5873, 23
5874, 23
5875, 23
5876, 23
5877, 22
5878, 24
5879, 23
5880, 23
5881, 23
5882, 23
5883, 23
5884, 23
5885, 23
5886, 23
5887, 23
5888, 23
5889, 19
5890, 25
5891, 22
5892, 22
5893, 24
5894, 24
5895, 24
5896, 24
5897, 23
5898, 23
5899, 24
5900, 21
5901, 22
5902, 22
5903, 24
5904, 24
5905, 22
5906, 22
5907, 23
5908, 23
5909, 23
5910, 23
5911, 23
5912, 23
5913, 23
5914, 23
5915, 25
5916, 21
5917, 23
5918, 23
5919, 23
5920, 22
5921, 23
5922, 23
5923, 23
5924, 23
5925, 23
5926, 23
5927, 23
5928, 23
5929, 23
5930, 23
5931, 23
5932, 23
5933, 21
5934, 24
5935, 23
5936, 23
5937, 22
5938, 22
5939, 22
5940, 22
5941, 23
5942, 23
5943, 23
5944, 23
5945, 23
5946, 22
5947, 23
5948, 23
5949, 24
5950, 24
5951, 23
5952, 22
5953, 23
5954, 23
5955, 23
5956, 23
5957, 23
5958, 23
5959, 23
5960, 23
5961, 23
5962, 23
5963, 23
5964, 23
5965, 22
5966, 22
5967, 24
5968, 24
5969, 24
5970, 24
5971, 22
5972, 22
5973, 23
5974, 23
5975, 23
5976, 23
5977, 23
5978, 23
5979, 22
5980, 22
5981, 23
5982, 23
5983, 23
5984, 23
5985, 22
5986, 23
5987, 23
5988, 23
5989, 23
5990, 23
5991, 23
5992, 23
5993, 23
5994, 23
5995, 23
5996, 23
5997, 24
5998, 24
5999, 22
6000, 22
6001, 22
6002, 22
6003, 23
6004, 23
6005, 23
6006, 23
6007, 23
6008, 23
6009, 23
6010, 23
6011, 23
6012, 23
6013, 23
6014, 23
6015, 22
6016, 22
6017, 23
6018, 23
6019, 26
6020, 19
6021, 21
6022, 25
6023, 22
6024, 23
6025, 25
6026, 20
6027, 23
6028, 23
6029, 27
6030, 19
6031, 23
6032, 23
6033, 23
6034, 23
6035, 22
6036, 23
6037, 20
6038, 25
6039, 23
6040, 23
6041, 23
6042, 23
6043, 24
6044, 22
6045, 23
6046, 22
6047, 23
6048, 23
6049, 21
6050, 22
6051, 24
6052, 23
6053, 23
6054, 23
6055, 23
6056, 22
6057, 23
6058, 23
6059, 23
6060, 23
6061, 23
6062, 23
6063, 22
6064, 22
6065, 23
6066, 23
6067, 23
6068, 23
6069, 23
6070, 23
6071, 22
6072, 23
6073, 23
6074, 23
6075, 22
6076, 22
6077, 23
6078, 23
6079, 23
6080, 23
6081, 22
6082, 22
6083, 24
6084, 24
6085, 23
6086, 23
6087, 23
6088, 23
6089, 23
6090, 23
6091, 23
6092, 23
6093, 29
6094, 13
6095, 25
6096, 25
6097, 22
6098, 22
6099, 22
6100, 22
6101, 22
6102, 22
6103, 21
6104, 23
6105, 22
6106, 22
6107, 22
6108, 22
6109, 22
6110, 22
6111, 22
6112, 22
6113, 21
6114, 23
6115, 23
6116, 23
6117, 23
6118, 23
6119, 22
6120, 24
6121, 25
6122, 25
6123, 20
6124, 20
6125, 23
6126, 23
6127, 23
6128, 23
6129, 22
6130, 22
6131, 22
6132, 22
6133, 22
6134, 22
6135, 22
6136, 23
6137, 23
6138, 23
6139, 23
6140, 23
6141, 22
6142, 24
6143, 23
6144, 23
